match_id,wc_year,match_date,stage,team,opponent,home_away,scorer,goal_minute_raw,goal_minute_numeric,is_stoppage_time,goal_order_for_team
2018-0002,2018,2018-07-01,Round of 16,Russia,Spain,Away,Artem Dzyuba,42,42,False,1
2018-0003,2018,2018-07-01,Round of 16,Croatia,Denmark,Home,Mario Mandžuki,4,4,False,1
2018-0003,2018,2018-07-01,Round of 16,Denmark,Croatia,Away,Mathias Jørgensen,1,1,False,1
2018-0004,2018,2018-06-30,Round of 16,France,Argentina,Home,Benjamin Pavard,57,57,False,1
2018-0004,2018,2018-06-30,Round of 16,France,Argentina,Home,Kylian Mbappé,64,64,False,2
2018-0004,2018,2018-06-30,Round of 16,France,Argentina,Home,Kylian Mbappé,68,68,False,3
2018-0004,2018,2018-06-30,Round of 16,France,Argentina,Home,Antoine Griezmann,13,13,False,4
2018-0004,2018,2018-06-30,Round of 16,Argentina,France,Away,Ángel Di María,41,41,False,1
2018-0004,2018,2018-06-30,Round of 16,Argentina,France,Away,Gabriel Mercado,48,48,False,2
2018-0004,2018,2018-06-30,Round of 16,Argentina,France,Away,Sergio Agüero,90+3,93,True,3
2018-0005,2018,2018-06-30,Round of 16,Uruguay,Portugal,Home,Edinson Cavani,7,7,False,1
2018-0005,2018,2018-06-30,Round of 16,Uruguay,Portugal,Home,Edinson Cavani,62,62,False,2
2018-0005,2018,2018-06-30,Round of 16,Portugal,Uruguay,Away,Pepe,55,55,False,1
2018-0006,2018,2018-06-28,Group stage,Poland,Japan,Away,Jan Bednarek,59,59,False,1
2018-0007,2018,2018-06-28,Group stage,Colombia,Senegal,Away,Yerry Mina,74,74,False,1
2018-0008,2018,2018-06-28,Group stage,Belgium,England,Away,Adnan Januzaj,51,51,False,1
2018-0009,2018,2018-06-28,Group stage,Tunisia,Panama,Away,Fakhreddine Ben Youssef,51,51,False,1
2018-0009,2018,2018-06-28,Group stage,Tunisia,Panama,Away,Wahbi Khazri,66,66,False,2
2018-0010,2018,2018-06-27,Group stage,Korea Republic,Germany,Home,Kim Young-gwon,90+3,93,True,1
2018-0010,2018,2018-06-27,Group stage,Korea Republic,Germany,Home,Son Heung-min,90+6,96,True,2
2018-0011,2018,2018-06-27,Group stage,Sweden,Mexico,Away,Ludwig Augustinsson,50,50,False,1
2018-0011,2018,2018-06-27,Group stage,Sweden,Mexico,Away,Andreas Granqvist,62,62,False,2
2018-0012,2018,2018-06-27,Group stage,Switzerland,Costa Rica,Home,Blerim Džemaili,31,31,False,1
2018-0012,2018,2018-06-27,Group stage,Switzerland,Costa Rica,Home,Josip Drmic,88,88,False,2
2018-0012,2018,2018-06-27,Group stage,Costa Rica,Switzerland,Away,Kendall Waston,56,56,False,1
2018-0013,2018,2018-06-27,Group stage,Brazil,Serbia,Away,Paulinho,36,36,False,1
2018-0013,2018,2018-06-27,Group stage,Brazil,Serbia,Away,Thiago Silva,68,68,False,2
2018-0014,2018,2018-06-26,Group stage,Peru,Australia,Away,André Carrillo,18,18,False,1
2018-0014,2018,2018-06-26,Group stage,Peru,Australia,Away,Paolo Guerrero,50,50,False,2
2018-0016,2018,2018-06-26,Group stage,Iceland,Croatia,Home,Gylfi Sigurðsson,76,76,False,1
2018-0016,2018,2018-06-26,Group stage,Croatia,Iceland,Away,Milan Badelj,53,53,False,1
2018-0016,2018,2018-06-26,Group stage,Croatia,Iceland,Away,Ivan Periši,90,90,False,2
2018-0017,2018,2018-06-26,Group stage,Nigeria,Argentina,Home,Victor Moses,51,51,False,1
2018-0017,2018,2018-06-26,Group stage,Argentina,Nigeria,Away,Lionel Messi,14,14,False,1
2018-0017,2018,2018-06-26,Group stage,Argentina,Nigeria,Away,Marcos Rojo,86,86,False,2
2018-0018,2018,2018-06-25,Group stage,Saudi Arabia,Egypt,Home,Salem Al-Dawsari,90+5,95,True,1
2018-0018,2018,2018-06-25,Group stage,Saudi Arabia,Egypt,Home,Salman Al-Faraj,45+6,51,True,2
2018-0018,2018,2018-06-25,Group stage,Egypt,Saudi Arabia,Away,Mohamed Salah,22,22,False,1
2018-0019,2018,2018-06-25,Group stage,Uruguay,Russia,Home,Luis Suárez,10,10,False,1
2018-0019,2018,2018-06-25,Group stage,Uruguay,Russia,Home,Edinson Cavani,90,90,False,2
2018-0020,2018,2018-06-25,Group stage,Spain,Morocco,Home,Isco,19,19,False,1
2018-0020,2018,2018-06-25,Group stage,Spain,Morocco,Home,Iago Aspas,90+1,91,True,2
2018-0020,2018,2018-06-25,Group stage,Morocco,Spain,Away,Khalid Boutaïb,14,14,False,1
2018-0020,2018,2018-06-25,Group stage,Morocco,Spain,Away,Youssef En-Nesyri,81,81,False,2
2018-0021,2018,2018-06-25,Group stage,IR Iran,Portugal,Home,Karim Ansarifard,90+3,93,True,1
2018-0021,2018,2018-06-25,Group stage,Portugal,IR Iran,Away,Ricardo Quaresma,45,45,False,1
2018-0022,2018,2018-06-24,Group stage,England,Panama,Home,John Stones,8,8,False,1
2018-0022,2018,2018-06-24,Group stage,England,Panama,Home,Jesse Lingard,36,36,False,2
2018-0022,2018,2018-06-24,Group stage,England,Panama,Home,John Stones,40,40,False,3
2018-0022,2018,2018-06-24,Group stage,England,Panama,Home,Harry Kane,62,62,False,4
2018-0022,2018,2018-06-24,Group stage,England,Panama,Home,Harry Kane,22,22,False,5
2018-0022,2018,2018-06-24,Group stage,England,Panama,Home,Harry Kane,45+1,46,True,6
2018-0022,2018,2018-06-24,Group stage,Panama,England,Away,Felipe Baloy,78,78,False,1
2018-0023,2018,2018-06-24,Group stage,Japan,Senegal,Home,Takashi Inui,34,34,False,1
2018-0023,2018,2018-06-24,Group stage,Japan,Senegal,Home,Keisuke Honda,78,78,False,2
2018-0023,2018,2018-06-24,Group stage,Senegal,Japan,Away,Sadio Mané,12,12,False,1
2018-0023,2018,2018-06-24,Group stage,Senegal,Japan,Away,Moussa Wagué,71,71,False,2
2018-0024,2018,2018-06-24,Group stage,Colombia,Poland,Away,Yerry Mina,40,40,False,1
2018-0024,2018,2018-06-24,Group stage,Colombia,Poland,Away,Radamel Falcao,70,70,False,2
2018-0024,2018,2018-06-24,Group stage,Colombia,Poland,Away,Juan Cuadrado,75,75,False,3
2018-0025,2018,2018-06-23,Group stage,Belgium,Tunisia,Home,Romelu Lukaku,16,16,False,1
2018-0025,2018,2018-06-23,Group stage,Belgium,Tunisia,Home,Romelu Lukaku,45+3,48,True,2
2018-0025,2018,2018-06-23,Group stage,Belgium,Tunisia,Home,Eden Hazard,51,51,False,3
2018-0025,2018,2018-06-23,Group stage,Belgium,Tunisia,Home,Michy Batshuayi,90,90,False,4
2018-0025,2018,2018-06-23,Group stage,Belgium,Tunisia,Home,Eden Hazard,6,6,False,5
2018-0025,2018,2018-06-23,Group stage,Tunisia,Belgium,Away,Dylan Bronn,18,18,False,1
2018-0025,2018,2018-06-23,Group stage,Tunisia,Belgium,Away,Wahbi Khazri,90+3,93,True,2
2022-0026,2022,2022-12-18,Final,Argentina,France,Home,Ángel Di María,36,36,False,1
2022-0026,2022,2022-12-18,Final,Argentina,France,Home,Lionel Messi,108,108,False,2
2022-0026,2022,2022-12-18,Final,Argentina,France,Home,Lionel Messi,23,23,False,3
2022-0026,2022,2022-12-18,Final,France,Argentina,Away,Kylian Mbappé,81,81,False,1
2022-0026,2022,2022-12-18,Final,France,Argentina,Away,Kylian Mbappé,80,80,False,2
2022-0026,2022,2022-12-18,Final,France,Argentina,Away,Kylian Mbappé,118,118,False,3
2018-0027,2018,2018-06-23,Group stage,Korea Republic,Mexico,Home,Son Heung-min,90+3,93,True,1
2018-0027,2018,2018-06-23,Group stage,Mexico,Korea Republic,Away,Javier Hernández,66,66,False,1
2018-0027,2018,2018-06-23,Group stage,Mexico,Korea Republic,Away,Carlos Vela,26,26,False,2
2018-0028,2018,2018-06-23,Group stage,Germany,Sweden,Home,Marco Reus,48,48,False,1
2018-0028,2018,2018-06-23,Group stage,Germany,Sweden,Home,Toni Kroos,90+5,95,True,2
2018-0028,2018,2018-06-23,Group stage,Sweden,Germany,Away,Ola Toivonen,32,32,False,1
2018-0029,2018,2018-06-22,Group stage,Brazil,Costa Rica,Home,Philippe Coutinho,90+1,91,True,1
2018-0029,2018,2018-06-22,Group stage,Brazil,Costa Rica,Home,Neymar,90+7,97,True,2
2022-0030,2022,2022-12-17,Third-place match,Croatia,Morocco,Home,Joško Gvardiol,7,7,False,1
2022-0030,2022,2022-12-17,Third-place match,Croatia,Morocco,Home,Mislav Orši,42,42,False,2
2022-0030,2022,2022-12-17,Third-place match,Morocco,Croatia,Away,Achraf Dari,9,9,False,1
2018-0031,2018,2018-06-22,Group stage,Nigeria,Iceland,Home,Ahmed Musa,49,49,False,1
2018-0031,2018,2018-06-22,Group stage,Nigeria,Iceland,Home,Ahmed Musa,75,75,False,2
2018-0032,2018,2018-06-22,Group stage,Serbia,Switzerland,Home,Aleksandar Mitrovic,5,5,False,1
2018-0032,2018,2018-06-22,Group stage,Switzerland,Serbia,Away,Granit Xhaka,52,52,False,1
2018-0032,2018,2018-06-22,Group stage,Switzerland,Serbia,Away,Xherdan Shaqiri,90,90,False,2
2018-0033,2018,2018-06-21,Group stage,Denmark,Australia,Home,Christian Eriksen,7,7,False,1
2018-0033,2018,2018-06-21,Group stage,Australia,Denmark,Away,Mile Jedinak,38,38,False,1
2022-0034,2022,2022-12-14,Semi-finals,France,Morocco,Home,Theo Hernández,5,5,False,1
2022-0034,2022,2022-12-14,Semi-finals,France,Morocco,Home,Randal Kolo Muani,79,79,False,2
2018-0035,2018,2018-06-21,Group stage,France,Peru,Home,Kylian Mbappé,34,34,False,1
2018-0036,2018,2018-06-21,Group stage,Croatia,Argentina,Away,Ante Rebic,53,53,False,1
2018-0036,2018,2018-06-21,Group stage,Croatia,Argentina,Away,Luka Modric,80,80,False,2
2018-0036,2018,2018-06-21,Group stage,Croatia,Argentina,Away,Ivan Rakitic,90+1,91,True,3
2018-0037,2018,2018-06-20,Group stage,Portugal,Morocco,Home,Cristiano Ronaldo,4,4,False,1
2018-0038,2018,2018-06-20,Group stage,Uruguay,Saudi Arabia,Home,Luis Suárez,23,23,False,1
2022-0039,2022,2022-12-13,Semi-finals,Argentina,Croatia,Home,Julián Álvarez,39,39,False,1
2022-0039,2022,2022-12-13,Semi-finals,Argentina,Croatia,Home,Julián Álvarez,69,69,False,2
2022-0039,2022,2022-12-13,Semi-finals,Argentina,Croatia,Home,Lionel Messi,34,34,False,3
2010-0040,2010,2010-06-21,Group stage,Spain,Honduras,Home,David Villa,17,17,False,1
2010-0040,2010,2010-06-21,Group stage,Spain,Honduras,Home,David Villa,51,51,False,2
2022-0041,2022,2022-12-10,Quarter-finals,Morocco,Portugal,Home,Youssef En-Nesyri,42,42,False,1
2022-0042,2022,2022-12-10,Quarter-finals,England,France,Home,Harry Kane,54,54,False,1
2022-0042,2022,2022-12-10,Quarter-finals,France,England,Away,Aurélien Tchouaméni,17,17,False,1
2022-0042,2022,2022-12-10,Quarter-finals,France,England,Away,Olivier Giroud,78,78,False,2
2022-0043,2022,2022-12-09,Quarter-finals,Croatia,Brazil,Home,Bruno Petkovic,117,117,False,1
2022-0043,2022,2022-12-09,Quarter-finals,Brazil,Croatia,Away,Neymar,105+1,106,True,1
2022-0044,2022,2022-12-09,Quarter-finals,Netherlands,Argentina,Home,Wout Weghorst,83,83,False,1
2022-0044,2022,2022-12-09,Quarter-finals,Netherlands,Argentina,Home,Wout Weghorst,90+11,101,True,2
2022-0044,2022,2022-12-09,Quarter-finals,Argentina,Netherlands,Away,Nahuel Molina,35,35,False,1
2022-0044,2022,2022-12-09,Quarter-finals,Argentina,Netherlands,Away,Lionel Messi,73,73,False,2
2022-0046,2022,2022-12-06,Round of 16,Portugal,Switzerland,Home,Gonçalo Ramos,17,17,False,1
2022-0046,2022,2022-12-06,Round of 16,Portugal,Switzerland,Home,Pepe,33,33,False,2
2022-0046,2022,2022-12-06,Round of 16,Portugal,Switzerland,Home,Gonçalo Ramos,51,51,False,3
2022-0046,2022,2022-12-06,Round of 16,Portugal,Switzerland,Home,Raphaël Guerreiro,55,55,False,4
2022-0046,2022,2022-12-06,Round of 16,Portugal,Switzerland,Home,Gonçalo Ramos,67,67,False,5
2022-0046,2022,2022-12-06,Round of 16,Portugal,Switzerland,Home,Rafael Leão,90+2,92,True,6
2022-0046,2022,2022-12-06,Round of 16,Switzerland,Portugal,Away,Manuel Akanji,58,58,False,1
2022-0047,2022,2022-12-05,Round of 16,Japan,Croatia,Home,Daizen Maeda,43,43,False,1
2022-0047,2022,2022-12-05,Round of 16,Croatia,Japan,Away,Ivan Periši,55,55,False,1
2022-0048,2022,2022-12-05,Round of 16,Brazil,Korea Republic,Home,Vinicius Júnior,7,7,False,1
2022-0048,2022,2022-12-05,Round of 16,Brazil,Korea Republic,Home,Richarlison,29,29,False,2
2022-0048,2022,2022-12-05,Round of 16,Brazil,Korea Republic,Home,Lucas Paquetá,36,36,False,3
2022-0048,2022,2022-12-05,Round of 16,Brazil,Korea Republic,Home,Neymar,11,11,False,4
2022-0048,2022,2022-12-05,Round of 16,Korea Republic,Brazil,Away,Paik Seung-ho,76,76,False,1
2022-0049,2022,2022-12-04,Round of 16,France,Poland,Home,Olivier Giroud,44,44,False,1
2022-0049,2022,2022-12-04,Round of 16,France,Poland,Home,Kylian Mbappé,74,74,False,2
2022-0049,2022,2022-12-04,Round of 16,France,Poland,Home,Kylian Mbappé,90+1,91,True,3
2022-0049,2022,2022-12-04,Round of 16,Poland,France,Away,Robert Lewandowski,90+9,99,True,1
2022-0050,2022,2022-12-04,Round of 16,England,Senegal,Home,Jordan Henderson,39,39,False,1
2022-0050,2022,2022-12-04,Round of 16,England,Senegal,Home,Harry Kane,45+3,48,True,2
2022-0050,2022,2022-12-04,Round of 16,England,Senegal,Home,Bukayo Saka,57,57,False,3
2022-0051,2022,2022-12-03,Round of 16,Netherlands,United States,Home,Memphis,10,10,False,1
2022-0051,2022,2022-12-03,Round of 16,Netherlands,United States,Home,Daley Blind,45+1,46,True,2
2022-0051,2022,2022-12-03,Round of 16,Netherlands,United States,Home,Denzel Dumfries,81,81,False,3
2022-0051,2022,2022-12-03,Round of 16,United States,Netherlands,Away,Haji Wright,76,76,False,1
2022-0052,2022,2022-12-03,Round of 16,Argentina,Australia,Home,Lionel Messi,35,35,False,1
2022-0052,2022,2022-12-03,Round of 16,Argentina,Australia,Home,Julián Álvarez,57,57,False,2
2022-0053,2022,2022-12-02,Group stage,Korea Republic,Portugal,Home,Kim Young-gwon,27,27,False,1
2022-0053,2022,2022-12-02,Group stage,Korea Republic,Portugal,Home,Hwang Hee-chan,90+1,91,True,2
2022-0053,2022,2022-12-02,Group stage,Portugal,Korea Republic,Away,Ricardo Horta,5,5,False,1
2022-0054,2022,2022-12-02,Group stage,Uruguay,Ghana,Away,Giorgian De Arrascaeta,26,26,False,1
2022-0054,2022,2022-12-02,Group stage,Uruguay,Ghana,Away,Giorgian De Arrascaeta,32,32,False,2
2022-0055,2022,2022-12-02,Group stage,Cameroon,Brazil,Home,Vincent Aboubakar,90+2,92,True,1
2022-0056,2022,2022-12-02,Group stage,Serbia,Switzerland,Home,Aleksandar Mitrovic,26,26,False,1
2022-0056,2022,2022-12-02,Group stage,Serbia,Switzerland,Home,Dušan Vlahovi,35,35,False,2
2022-0056,2022,2022-12-02,Group stage,Switzerland,Serbia,Away,Xherdan Shaqiri,20,20,False,1
2022-0056,2022,2022-12-02,Group stage,Switzerland,Serbia,Away,Breel Embolo,44,44,False,2
2022-0056,2022,2022-12-02,Group stage,Switzerland,Serbia,Away,Remo Freuler,48,48,False,3
2022-0057,2022,2022-12-01,Group stage,Morocco,Canada,Away,Hakim Ziyech,4,4,False,1
2022-0057,2022,2022-12-01,Group stage,Morocco,Canada,Away,Youssef En-Nesyri,23,23,False,2
2022-0059,2022,2022-12-01,Group stage,Costa Rica,Germany,Home,Yeltsin Tejeda,58,58,False,1
2022-0059,2022,2022-12-01,Group stage,Germany,Costa Rica,Away,Serge Gnabry,10,10,False,1
2022-0059,2022,2022-12-01,Group stage,Germany,Costa Rica,Away,Kai Havertz,73,73,False,2
2022-0059,2022,2022-12-01,Group stage,Germany,Costa Rica,Away,Kai Havertz,85,85,False,3
2022-0059,2022,2022-12-01,Group stage,Germany,Costa Rica,Away,Niclas Füllkrug,90,90,False,4
2022-0060,2022,2022-12-01,Group stage,Japan,Spain,Home,Ritsu Doan,48,48,False,1
2022-0060,2022,2022-12-01,Group stage,Japan,Spain,Home,Ao Tanaka,51,51,False,2
2022-0060,2022,2022-12-01,Group stage,Spain,Japan,Away,Álvaro Morata,12,12,False,1
2022-0061,2022,2022-11-30,Group stage,Australia,Denmark,Home,Mathew Leckie,60,60,False,1
2022-0062,2022,2022-11-30,Group stage,Tunisia,France,Home,Wahbi Khazri,58,58,False,1
2010-0063,2010,2010-06-20,Group stage,Paraguay,Slovakia,Away,Enrique Vera,27,27,False,1
2010-0063,2010,2010-06-20,Group stage,Paraguay,Slovakia,Away,Cristian Riveros,86,86,False,2
2022-0064,2022,2022-11-30,Group stage,Saudi Arabia,Mexico,Home,Salem Al-Dawsari,90+5,95,True,1
2022-0064,2022,2022-11-30,Group stage,Mexico,Saudi Arabia,Away,Henry Martín,47,47,False,1
2022-0064,2022,2022-11-30,Group stage,Mexico,Saudi Arabia,Away,Luis Chávez,52,52,False,2
2022-0065,2022,2022-11-30,Group stage,Argentina,Poland,Away,Alexis Mac Allister,46,46,False,1
2022-0065,2022,2022-11-30,Group stage,Argentina,Poland,Away,Julián Álvarez,67,67,False,2
2022-0066,2022,2022-11-29,Group stage,Ecuador,Senegal,Home,Moisés Caicedo,67,67,False,1
2022-0066,2022,2022-11-29,Group stage,Senegal,Ecuador,Away,Kalidou Koulibaly,70,70,False,1
2022-0066,2022,2022-11-29,Group stage,Senegal,Ecuador,Away,Ismaila Sarr,44,44,False,2
2022-0067,2022,2022-11-29,Group stage,Netherlands,Qatar,Home,Cody Gakpo,26,26,False,1
2022-0067,2022,2022-11-29,Group stage,Netherlands,Qatar,Home,Frenkie de Jong,49,49,False,2
2022-0068,2022,2022-11-29,Group stage,United States,IR Iran,Away,Christian Pulisic,38,38,False,1
2022-0069,2022,2022-11-29,Group stage,England,Wales,Away,Marcus Rashford,50,50,False,1
2022-0069,2022,2022-11-29,Group stage,England,Wales,Away,Phil Foden,52,52,False,2
2022-0069,2022,2022-11-29,Group stage,England,Wales,Away,Marcus Rashford,68,68,False,3
2022-0070,2022,2022-11-28,Group stage,Cameroon,Serbia,Home,Jean-Charles Castelletto,29,29,False,1
2022-0070,2022,2022-11-28,Group stage,Cameroon,Serbia,Home,Vincent Aboubakar,64,64,False,2
2022-0070,2022,2022-11-28,Group stage,Cameroon,Serbia,Home,Eric Maxim Choupo-Moting,66,66,False,3
2022-0070,2022,2022-11-28,Group stage,Serbia,Cameroon,Away,Strahinja Pavlovic,45+1,46,True,1
2022-0070,2022,2022-11-28,Group stage,Serbia,Cameroon,Away,Sergej Milinkovic-Savic,45+3,48,True,2
2022-0070,2022,2022-11-28,Group stage,Serbia,Cameroon,Away,Aleksandar Mitrovic,53,53,False,3
2022-0071,2022,2022-11-28,Group stage,Korea Republic,Ghana,Home,Cho Guesung,58,58,False,1
2022-0071,2022,2022-11-28,Group stage,Korea Republic,Ghana,Home,Cho Guesung,61,61,False,2
2022-0071,2022,2022-11-28,Group stage,Ghana,Korea Republic,Away,Mohammed Salisu,24,24,False,1
2022-0071,2022,2022-11-28,Group stage,Ghana,Korea Republic,Away,Kudus Mohammed,34,34,False,2
2022-0071,2022,2022-11-28,Group stage,Ghana,Korea Republic,Away,Kudus Mohammed,68,68,False,3
2022-0072,2022,2022-11-28,Group stage,Brazil,Switzerland,Home,Casemiro,83,83,False,1
2022-0073,2022,2022-11-28,Group stage,Portugal,Uruguay,Home,Bruno Fernandes,54,54,False,1
2022-0073,2022,2022-11-28,Group stage,Portugal,Uruguay,Home,Bruno Fernandes,90+3,93,True,2
2022-0074,2022,2022-11-27,Group stage,Costa Rica,Japan,Away,Keysher Fuller,81,81,False,1
2022-0075,2022,2022-11-27,Group stage,Morocco,Belgium,Away,Romain Saïss,73,73,False,1
2022-0075,2022,2022-11-27,Group stage,Morocco,Belgium,Away,Zakaria Aboukhlal,90+2,92,True,2
2022-0076,2022,2022-11-27,Group stage,Croatia,Canada,Home,Andrej Kramaric,36,36,False,1
2022-0076,2022,2022-11-27,Group stage,Croatia,Canada,Home,Marko Livaja,44,44,False,2
2022-0076,2022,2022-11-27,Group stage,Croatia,Canada,Home,Andrej Kramaric,70,70,False,3
2022-0076,2022,2022-11-27,Group stage,Croatia,Canada,Home,Lovro Majer,90+4,94,True,4
2022-0076,2022,2022-11-27,Group stage,Canada,Croatia,Away,Alphonso Davies,2,2,False,1
2022-0077,2022,2022-11-27,Group stage,Spain,Germany,Home,Álvaro Morata,62,62,False,1
2022-0077,2022,2022-11-27,Group stage,Germany,Spain,Away,Niclas Füllkrug,83,83,False,1
2022-0078,2022,2022-11-26,Group stage,Australia,Tunisia,Away,Mitchell Duke,23,23,False,1
2022-0079,2022,2022-11-26,Group stage,Poland,Saudi Arabia,Home,Piotr Zielinski,39,39,False,1
2022-0079,2022,2022-11-26,Group stage,Poland,Saudi Arabia,Home,Robert Lewandowski,82,82,False,2
2022-0080,2022,2022-11-26,Group stage,France,Denmark,Home,Kylian Mbappé,61,61,False,1
2022-0080,2022,2022-11-26,Group stage,France,Denmark,Home,Kylian Mbappé,86,86,False,2
2022-0080,2022,2022-11-26,Group stage,Denmark,France,Away,Andreas Christensen,68,68,False,1
2022-0081,2022,2022-11-26,Group stage,Argentina,Mexico,Home,Lionel Messi,64,64,False,1
2022-0081,2022,2022-11-26,Group stage,Argentina,Mexico,Home,Enzo Fernández,87,87,False,2
2022-0082,2022,2022-11-25,Group stage,IR Iran,Wales,Away,Roozbeh Cheshmi,90+9,99,True,1
2022-0082,2022,2022-11-25,Group stage,IR Iran,Wales,Away,Ramin Rezaeian,90+11,101,True,2
2022-0083,2022,2022-11-25,Group stage,Qatar,Senegal,Home,Mohammed Muntari,78,78,False,1
2022-0083,2022,2022-11-25,Group stage,Senegal,Qatar,Away,Boulaye Dia,41,41,False,1
2022-0083,2022,2022-11-25,Group stage,Senegal,Qatar,Away,Famara Diedhiou,48,48,False,2
2022-0083,2022,2022-11-25,Group stage,Senegal,Qatar,Away,Bamba Dieng,84,84,False,3
2022-0084,2022,2022-11-25,Group stage,Netherlands,Ecuador,Home,Cody Gakpo,6,6,False,1
2022-0084,2022,2022-11-25,Group stage,Ecuador,Netherlands,Away,Enner Valencia,49,49,False,1
2022-0086,2022,2022-11-24,Group stage,Switzerland,Cameroon,Home,Breel Embolo,48,48,False,1
2022-0088,2022,2022-11-24,Group stage,Portugal,Ghana,Home,João Félix,78,78,False,1
2022-0088,2022,2022-11-24,Group stage,Portugal,Ghana,Home,Rafael Leão,80,80,False,2
2022-0088,2022,2022-11-24,Group stage,Portugal,Ghana,Home,Cristiano Ronaldo,65,65,False,3
2022-0088,2022,2022-11-24,Group stage,Ghana,Portugal,Away,André Ayew,73,73,False,1
2022-0088,2022,2022-11-24,Group stage,Ghana,Portugal,Away,Osman Bukari,89,89,False,2
2022-0089,2022,2022-11-24,Group stage,Brazil,Serbia,Home,Richarlison,62,62,False,1
2022-0089,2022,2022-11-24,Group stage,Brazil,Serbia,Home,Richarlison,73,73,False,2
2022-0091,2022,2022-11-23,Group stage,Germany,Japan,Home,lkay Gündoan,33,33,False,1
2022-0091,2022,2022-11-23,Group stage,Japan,Germany,Away,Ritsu Doan,75,75,False,1
2022-0091,2022,2022-11-23,Group stage,Japan,Germany,Away,Takuma Asano,83,83,False,2
2010-0092,2010,2010-06-20,Group stage,Italy,New Zealand,Home,Vincenzo Iaquinta,29,29,False,1
2010-0092,2010,2010-06-20,Group stage,New Zealand,Italy,Away,Shane Smeltz,7,7,False,1
2022-0093,2022,2022-11-23,Group stage,Spain,Costa Rica,Home,Dani Olmo,11,11,False,1
2022-0093,2022,2022-11-23,Group stage,Spain,Costa Rica,Home,Marco Asensio,21,21,False,2
2022-0093,2022,2022-11-23,Group stage,Spain,Costa Rica,Home,Ferrán Torres,54,54,False,3
2022-0093,2022,2022-11-23,Group stage,Spain,Costa Rica,Home,Gavi,74,74,False,4
2022-0093,2022,2022-11-23,Group stage,Spain,Costa Rica,Home,Carlos Soler,90,90,False,5
2022-0093,2022,2022-11-23,Group stage,Spain,Costa Rica,Home,Álvaro Morata,90+2,92,True,6
2022-0093,2022,2022-11-23,Group stage,Spain,Costa Rica,Home,Ferrán Torres,31,31,False,7
2022-0094,2022,2022-11-23,Group stage,Belgium,Canada,Home,Michy Batshuayi,44,44,False,1
2022-0095,2022,2022-11-22,Group stage,Argentina,Saudi Arabia,Home,Lionel Messi,10,10,False,1
2022-0095,2022,2022-11-22,Group stage,Saudi Arabia,Argentina,Away,Saleh Al-Shehri,48,48,False,1
2022-0095,2022,2022-11-22,Group stage,Saudi Arabia,Argentina,Away,Salem Al-Dawsari,53,53,False,2
2022-0098,2022,2022-11-22,Group stage,France,Australia,Home,Adrien Rabiot,27,27,False,1
2022-0098,2022,2022-11-22,Group stage,France,Australia,Home,Olivier Giroud,32,32,False,2
2022-0098,2022,2022-11-22,Group stage,France,Australia,Home,Kylian Mbappé,68,68,False,3
2022-0098,2022,2022-11-22,Group stage,France,Australia,Home,Olivier Giroud,71,71,False,4
2022-0098,2022,2022-11-22,Group stage,Australia,France,Away,Craig Goodwin,9,9,False,1
2022-0099,2022,2022-11-21,Group stage,England,IR Iran,Home,Jude Bellingham,35,35,False,1
2022-0099,2022,2022-11-21,Group stage,England,IR Iran,Home,Bukayo Saka,43,43,False,2
2022-0099,2022,2022-11-21,Group stage,England,IR Iran,Home,Raheem Sterling,45+1,46,True,3
2022-0099,2022,2022-11-21,Group stage,England,IR Iran,Home,Bukayo Saka,62,62,False,4
2022-0099,2022,2022-11-21,Group stage,England,IR Iran,Home,Marcus Rashford,71,71,False,5
2022-0099,2022,2022-11-21,Group stage,England,IR Iran,Home,Jack Grealish,90,90,False,6
2022-0099,2022,2022-11-21,Group stage,IR Iran,England,Away,Mehdi Taremi,65,65,False,1
2022-0099,2022,2022-11-21,Group stage,IR Iran,England,Away,Mehdi Taremi,90+13,103,True,2
2022-0100,2022,2022-11-21,Group stage,Netherlands,Senegal,Away,Cody Gakpo,84,84,False,1
2022-0100,2022,2022-11-21,Group stage,Netherlands,Senegal,Away,Davy Klaassen,90+9,99,True,2
2022-0101,2022,2022-11-21,Group stage,United States,Wales,Home,Timothy Weah,36,36,False,1
2022-0101,2022,2022-11-21,Group stage,Wales,United States,Away,Gareth Bale,82,82,False,1
2022-0102,2022,2022-11-20,Group stage,Ecuador,Qatar,Away,Enner Valencia,31,31,False,1
2022-0102,2022,2022-11-20,Group stage,Ecuador,Qatar,Away,Enner Valencia,16,16,False,2
2018-0103,2018,2018-07-15,Final,France,Croatia,Home,Paul Pogba,59,59,False,1
2018-0103,2018,2018-07-15,Final,France,Croatia,Home,Kylian Mbappé,65,65,False,2
2018-0103,2018,2018-07-15,Final,France,Croatia,Home,Antoine Griezmann,38,38,False,3
2018-0103,2018,2018-07-15,Final,Croatia,France,Away,Ivan Periši,28,28,False,1
2018-0103,2018,2018-07-15,Final,Croatia,France,Away,Mario Mandžuki,69,69,False,2
2018-0104,2018,2018-07-14,Third-place match,Belgium,England,Home,Thomas Meunier,4,4,False,1
2018-0104,2018,2018-07-14,Third-place match,Belgium,England,Home,Eden Hazard,82,82,False,2
2018-0105,2018,2018-07-11,Semi-finals,Croatia,England,Home,Ivan Periši,68,68,False,1
2018-0105,2018,2018-07-11,Semi-finals,Croatia,England,Home,Mario Mandžuki,109,109,False,2
2018-0105,2018,2018-07-11,Semi-finals,England,Croatia,Away,Kieran Trippier,5,5,False,1
2018-0106,2018,2018-07-10,Semi-finals,France,Belgium,Home,Samuel Umtiti,51,51,False,1
2018-0107,2018,2018-07-07,Quarter-finals,England,Sweden,Away,Harry Maguire,30,30,False,1
2018-0107,2018,2018-07-07,Quarter-finals,England,Sweden,Away,Dele Alli,59,59,False,2
2018-0108,2018,2018-07-07,Quarter-finals,Russia,Croatia,Home,Denis Cheryshev,31,31,False,1
2018-0108,2018,2018-07-07,Quarter-finals,Russia,Croatia,Home,Mário Fernandes,115,115,False,2
2018-0108,2018,2018-07-07,Quarter-finals,Croatia,Russia,Away,Andrej Kramaric,39,39,False,1
2018-0108,2018,2018-07-07,Quarter-finals,Croatia,Russia,Away,Domagoj Vida,101,101,False,2
2018-0109,2018,2018-07-06,Quarter-finals,France,Uruguay,Away,Raphaël Varane,40,40,False,1
2018-0109,2018,2018-07-06,Quarter-finals,France,Uruguay,Away,Antoine Griezmann,61,61,False,2
2018-0110,2018,2018-07-06,Quarter-finals,Brazil,Belgium,Home,Renato Augusto,76,76,False,1
2018-0110,2018,2018-07-06,Quarter-finals,Belgium,Brazil,Away,Kevin De Bruyne,32,32,False,1
2018-0111,2018,2018-07-03,Round of 16,Sweden,Switzerland,Home,Emil Forsberg,66,66,False,1
2018-0112,2018,2018-07-03,Round of 16,Colombia,England,Home,Yerry Mina,90+3,93,True,1
2018-0112,2018,2018-07-03,Round of 16,England,Colombia,Away,Harry Kane,57,57,False,1
2018-0113,2018,2018-07-02,Round of 16,Brazil,Mexico,Home,Neymar,51,51,False,1
2018-0113,2018,2018-07-02,Round of 16,Brazil,Mexico,Home,Roberto Firmino,88,88,False,2
2018-0114,2018,2018-07-02,Round of 16,Belgium,Japan,Home,Jan Vertonghen,69,69,False,1
2018-0114,2018,2018-07-02,Round of 16,Belgium,Japan,Home,Marouane Fellaini,74,74,False,2
2018-0114,2018,2018-07-02,Round of 16,Belgium,Japan,Home,Nacer Chadli,90+4,94,True,3
2018-0114,2018,2018-07-02,Round of 16,Japan,Belgium,Away,Genki Haraguchi,48,48,False,1
2018-0114,2018,2018-07-02,Round of 16,Japan,Belgium,Away,Takashi Inui,52,52,False,2
2006-0115,2006,2006-06-14,Group stage,Spain,Ukraine,Home,Xabi Alonso,13,13,False,1
2006-0115,2006,2006-06-14,Group stage,Spain,Ukraine,Home,David Villa,17,17,False,2
2006-0115,2006,2006-06-14,Group stage,Spain,Ukraine,Home,Fernando Torres,81,81,False,3
2006-0115,2006,2006-06-14,Group stage,Spain,Ukraine,Home,David Villa,48,48,False,4
2006-0116,2006,2006-06-14,Group stage,Tunisia,Saudi Arabia,Home,Ziad Jaziri,23,23,False,1
2006-0116,2006,2006-06-14,Group stage,Tunisia,Saudi Arabia,Home,Radhi Jaïdi,90+2,92,True,2
2006-0116,2006,2006-06-14,Group stage,Saudi Arabia,Tunisia,Away,Yasser Al-Qahtani,57,57,False,1
2006-0116,2006,2006-06-14,Group stage,Saudi Arabia,Tunisia,Away,Sami Al-Jaber,84,84,False,2
2006-0117,2006,2006-06-14,Group stage,Germany,Poland,Home,Oliver Neuville,90+1,91,True,1
2006-0118,2006,2006-06-13,Group stage,Korea Republic,Togo,Home,Lee Chun-soo,54,54,False,1
2006-0118,2006,2006-06-13,Group stage,Korea Republic,Togo,Home,Ahn Jung-hwan,72,72,False,2
2006-0118,2006,2006-06-13,Group stage,Togo,Korea Republic,Away,Mohamed Kader,31,31,False,1
2006-0120,2006,2006-06-13,Group stage,Brazil,Croatia,Home,Kaká,44,44,False,1
2006-0121,2006,2006-06-12,Group stage,Australia,Japan,Home,Tim Cahill,84,84,False,1
2006-0121,2006,2006-06-12,Group stage,Australia,Japan,Home,Tim Cahill,89,89,False,2
2006-0121,2006,2006-06-12,Group stage,Australia,Japan,Home,John Aloisi,90+2,92,True,3
2006-0121,2006,2006-06-12,Group stage,Japan,Australia,Away,Shunsuke Nakamura,26,26,False,1
2006-0122,2006,2006-06-12,Group stage,Czech Republic,United States,Away,Jan Koller,5,5,False,1
2006-0122,2006,2006-06-12,Group stage,Czech Republic,United States,Away,Tomáš Rosický,36,36,False,2
2006-0122,2006,2006-06-12,Group stage,Czech Republic,United States,Away,Tomáš Rosický,76,76,False,3
2006-0123,2006,2006-06-12,Group stage,Italy,Ghana,Home,Andrea Pirlo,40,40,False,1
2006-0123,2006,2006-06-12,Group stage,Italy,Ghana,Home,Vincenzo Iaquinta,83,83,False,2
2006-0124,2006,2006-06-11,Group stage,Netherlands,Serbia and Montenegro,Away,Arjen Robben,18,18,False,1
2006-0125,2006,2006-06-11,Group stage,Mexico,IR Iran,Home,Omar Bravo,28,28,False,1
2006-0125,2006,2006-06-11,Group stage,Mexico,IR Iran,Home,Omar Bravo,76,76,False,2
2006-0125,2006,2006-06-11,Group stage,Mexico,IR Iran,Home,Sinha,79,79,False,3
2006-0125,2006,2006-06-11,Group stage,IR Iran,Mexico,Away,Yahya Golmohammadi,36,36,False,1
2006-0126,2006,2006-06-11,Group stage,Portugal,Angola,Away,Pauleta,4,4,False,1
2006-0129,2006,2006-06-10,Group stage,Argentina,Côte d'Ivoire,Home,Hernán Crespo,24,24,False,1
2006-0129,2006,2006-06-10,Group stage,Argentina,Côte d'Ivoire,Home,Javier Saviola,38,38,False,2
2006-0129,2006,2006-06-10,Group stage,Côte d'Ivoire,Argentina,Away,Didier Drogba,82,82,False,1
2006-0130,2006,2006-06-09,Group stage,Germany,Costa Rica,Home,Philipp Lahm,6,6,False,1
2006-0130,2006,2006-06-09,Group stage,Germany,Costa Rica,Home,Miroslav Klose,17,17,False,2
2006-0130,2006,2006-06-09,Group stage,Germany,Costa Rica,Home,Miroslav Klose,61,61,False,3
2006-0130,2006,2006-06-09,Group stage,Germany,Costa Rica,Home,Torsten Frings,87,87,False,4
2006-0130,2006,2006-06-09,Group stage,Costa Rica,Germany,Away,Paulo Wanchope,12,12,False,1
2006-0130,2006,2006-06-09,Group stage,Costa Rica,Germany,Away,Paulo Wanchope,73,73,False,2
2006-0131,2006,2006-06-09,Group stage,Ecuador,Poland,Away,Carlos Tenorio,24,24,False,1
2006-0131,2006,2006-06-09,Group stage,Ecuador,Poland,Away,Agustín Delgado,80,80,False,2
2002-0132,2002,2002-06-30,Final,Brazil,Germany,Away,Ronaldo,67,67,False,1
2002-0132,2002,2002-06-30,Final,Brazil,Germany,Away,Ronaldo,79,79,False,2
2002-0133,2002,2002-06-29,Third-place match,Korea Republic,Türkiye,Home,Lee Eul-yong,9,9,False,1
2002-0133,2002,2002-06-29,Third-place match,Korea Republic,Türkiye,Home,Song Chong-gug,90+3,93,True,2
2002-0133,2002,2002-06-29,Third-place match,Türkiye,Korea Republic,Away,Hakan ükür,1,1,False,1
2002-0133,2002,2002-06-29,Third-place match,Türkiye,Korea Republic,Away,Ilhan Mansiz,13,13,False,2
2002-0133,2002,2002-06-29,Third-place match,Türkiye,Korea Republic,Away,Ilhan Mansiz,32,32,False,3
2002-0134,2002,2002-06-26,Semi-finals,Brazil,Türkiye,Home,Ronaldo,49,49,False,1
2002-0135,2002,2002-06-25,Semi-finals,Germany,Korea Republic,Home,Michael Ballack,75,75,False,1
2002-0137,2002,2002-06-22,Quarter-finals,Türkiye,Senegal,Away,Ilhan Mansiz,94,94,False,1
2002-0138,2002,2002-06-21,Quarter-finals,England,Brazil,Home,Michael Owen,23,23,False,1
2002-0138,2002,2002-06-21,Quarter-finals,Brazil,England,Away,Rivaldo,45+2,47,True,1
2002-0138,2002,2002-06-21,Quarter-finals,Brazil,England,Away,Ronaldinho,50,50,False,2
2002-0139,2002,2002-06-21,Quarter-finals,Germany,United States,Home,Michael Ballack,39,39,False,1
2002-0140,2002,2002-06-18,Round of 16,Türkiye,Japan,Away,Ümit Davala,12,12,False,1
2002-0141,2002,2002-06-18,Round of 16,Korea Republic,Italy,Home,Seol Ki-hyeon,88,88,False,1
2002-0141,2002,2002-06-18,Round of 16,Korea Republic,Italy,Home,Ahn Jung-hwan,117,117,False,2
2002-0141,2002,2002-06-18,Round of 16,Italy,Korea Republic,Away,Christian Vieri,18,18,False,1
2002-0142,2002,2002-06-17,Round of 16,United States,Mexico,Away,Brian McBride,8,8,False,1
2002-0142,2002,2002-06-17,Round of 16,United States,Mexico,Away,Landon Donovan,65,65,False,2
2002-0143,2002,2002-06-17,Round of 16,Brazil,Belgium,Home,Rivaldo,67,67,False,1
2002-0143,2002,2002-06-17,Round of 16,Brazil,Belgium,Home,Ronaldo,87,87,False,2
2002-0144,2002,2002-06-16,Round of 16,Sweden,Senegal,Home,Henrik Larsson,11,11,False,1
2002-0144,2002,2002-06-16,Round of 16,Senegal,Sweden,Away,Henri Camara,37,37,False,1
2002-0144,2002,2002-06-16,Round of 16,Senegal,Sweden,Away,Henri Camara,104,104,False,2
2002-0145,2002,2002-06-16,Round of 16,Spain,Republic of Ireland,Home,Fernando Morientes,8,8,False,1
2002-0145,2002,2002-06-16,Round of 16,Republic of Ireland,Spain,Away,Robbie Keane,90,90,False,1
2002-0146,2002,2002-06-15,Round of 16,Germany,Paraguay,Home,Oliver Neuville,88,88,False,1
2002-0147,2002,2002-06-15,Round of 16,England,Denmark,Away,Rio Ferdinand,5,5,False,1
2002-0147,2002,2002-06-15,Round of 16,England,Denmark,Away,Michael Owen,22,22,False,2
2002-0147,2002,2002-06-15,Round of 16,England,Denmark,Away,Emile Heskey,44,44,False,3
2002-0148,2002,2002-06-14,Group stage,Japan,Tunisia,Away,Hiroaki Morishima,48,48,False,1
2002-0148,2002,2002-06-14,Group stage,Japan,Tunisia,Away,Hidetoshi Nakata,75,75,False,2
2002-0149,2002,2002-06-14,Group stage,Belgium,Russia,Home,Johan Walem,7,7,False,1
2002-0149,2002,2002-06-14,Group stage,Belgium,Russia,Home,Wesley Sonck,78,78,False,2
2002-0149,2002,2002-06-14,Group stage,Belgium,Russia,Home,Marc Wilmots,82,82,False,3
2002-0149,2002,2002-06-14,Group stage,Russia,Belgium,Away,Vladimir Beschastnykh,52,52,False,1
2002-0149,2002,2002-06-14,Group stage,Russia,Belgium,Away,Dmitri Sychev,88,88,False,2
2002-0150,2002,2002-06-14,Group stage,Korea Republic,Portugal,Away,Park Ji-sung,70,70,False,1
2002-0151,2002,2002-06-14,Group stage,Poland,United States,Home,Emmanuel Olisadebe,3,3,False,1
2002-0151,2002,2002-06-14,Group stage,Poland,United States,Home,Pawel Kryszalowicz,5,5,False,2
2002-0151,2002,2002-06-14,Group stage,Poland,United States,Home,Marcin Zewlakow,66,66,False,3
2002-0151,2002,2002-06-14,Group stage,United States,Poland,Away,Landon Donovan,83,83,False,1
2002-0152,2002,2002-06-13,Group stage,Costa Rica,Brazil,Home,Paulo Wanchope,39,39,False,1
2002-0152,2002,2002-06-13,Group stage,Costa Rica,Brazil,Home,Rónald Gómez,56,56,False,2
2002-0152,2002,2002-06-13,Group stage,Brazil,Costa Rica,Away,Ronaldo,10,10,False,1
2002-0152,2002,2002-06-13,Group stage,Brazil,Costa Rica,Away,Ronaldo,13,13,False,2
2002-0152,2002,2002-06-13,Group stage,Brazil,Costa Rica,Away,Edmílson,38,38,False,3
2002-0152,2002,2002-06-13,Group stage,Brazil,Costa Rica,Away,Rivaldo,62,62,False,4
2002-0152,2002,2002-06-13,Group stage,Brazil,Costa Rica,Away,Júnior,64,64,False,5
2002-0153,2002,2002-06-13,Group stage,Türkiye,China PR,Home,Hasan Sas,6,6,False,1
2002-0153,2002,2002-06-13,Group stage,Türkiye,China PR,Home,Bülent Korkmaz,9,9,False,2
2002-0153,2002,2002-06-13,Group stage,Türkiye,China PR,Home,Ümit Davala,85,85,False,3
2002-0154,2002,2002-06-13,Group stage,Mexico,Italy,Home,Jared Borgetti,34,34,False,1
2002-0154,2002,2002-06-13,Group stage,Italy,Mexico,Away,Alessandro Del Piero,85,85,False,1
2010-0155,2010,2010-06-20,Group stage,Brazil,Côte d'Ivoire,Home,Luís Fabiano,25,25,False,1
2010-0155,2010,2010-06-20,Group stage,Brazil,Côte d'Ivoire,Home,Luís Fabiano,50,50,False,2
2010-0155,2010,2010-06-20,Group stage,Brazil,Côte d'Ivoire,Home,Elano,62,62,False,3
2010-0155,2010,2010-06-20,Group stage,Côte d'Ivoire,Brazil,Away,Didier Drogba,79,79,False,1
2002-0156,2002,2002-06-13,Group stage,Ecuador,Croatia,Home,Édison Méndez,48,48,False,1
2002-0157,2002,2002-06-12,Group stage,Sweden,Argentina,Home,Anders Svensson,59,59,False,1
2002-0157,2002,2002-06-12,Group stage,Argentina,Sweden,Away,Hernán Crespo,88,88,False,1
2002-0159,2002,2002-06-12,Group stage,South Africa,Spain,Home,Benni McCarthy,31,31,False,1
2002-0159,2002,2002-06-12,Group stage,South Africa,Spain,Home,Lucas Radebe,53,53,False,2
2002-0159,2002,2002-06-12,Group stage,Spain,South Africa,Away,Raúl,4,4,False,1
2002-0159,2002,2002-06-12,Group stage,Spain,South Africa,Away,Gaizka Mendieta,45+1,46,True,2
2002-0159,2002,2002-06-12,Group stage,Spain,South Africa,Away,Raúl,56,56,False,3
2002-0160,2002,2002-06-12,Group stage,Slovenia,Paraguay,Home,Milenko Acimovic,45+1,46,True,1
2002-0160,2002,2002-06-12,Group stage,Paraguay,Slovenia,Away,Nelson Cuevas,65,65,False,1
2002-0160,2002,2002-06-12,Group stage,Paraguay,Slovenia,Away,Jorge Luis Campos,73,73,False,2
2002-0160,2002,2002-06-12,Group stage,Paraguay,Slovenia,Away,Nelson Cuevas,84,84,False,3
2002-0161,2002,2002-06-11,Group stage,Denmark,France,Home,Dennis Rommedahl,22,22,False,1
2002-0161,2002,2002-06-11,Group stage,Denmark,France,Home,Jon Dahl Tomasson,67,67,False,2
2002-0162,2002,2002-06-11,Group stage,Senegal,Uruguay,Home,Khalilou Fadiga,20,20,False,1
2002-0162,2002,2002-06-11,Group stage,Senegal,Uruguay,Home,Papa Bouba Diop,26,26,False,2
2002-0162,2002,2002-06-11,Group stage,Senegal,Uruguay,Home,Papa Bouba Diop,38,38,False,3
2002-0162,2002,2002-06-11,Group stage,Uruguay,Senegal,Away,Richard Morales,46,46,False,1
2002-0162,2002,2002-06-11,Group stage,Uruguay,Senegal,Away,Diego Forlán,69,69,False,2
2002-0162,2002,2002-06-11,Group stage,Uruguay,Senegal,Away,Álvaro Recoba,88,88,False,3
2002-0163,2002,2002-06-11,Group stage,Republic of Ireland,Saudi Arabia,Away,Robbie Keane,7,7,False,1
2002-0163,2002,2002-06-11,Group stage,Republic of Ireland,Saudi Arabia,Away,Gary Breen,61,61,False,2
2002-0163,2002,2002-06-11,Group stage,Republic of Ireland,Saudi Arabia,Away,Damien Duff,87,87,False,3
2002-0164,2002,2002-06-11,Group stage,Germany,Cameroon,Away,Marco Bode,50,50,False,1
2002-0164,2002,2002-06-11,Group stage,Germany,Cameroon,Away,Miroslav Klose,79,79,False,2
2002-0165,2002,2002-06-10,Group stage,Korea Republic,United States,Home,Ahn Jung-hwan,78,78,False,1
2002-0165,2002,2002-06-10,Group stage,United States,Korea Republic,Away,Clint Mathis,24,24,False,1
2002-0166,2002,2002-06-10,Group stage,Tunisia,Belgium,Home,Raouf Bouzaiene,17,17,False,1
2002-0166,2002,2002-06-10,Group stage,Belgium,Tunisia,Away,Marc Wilmots,13,13,False,1
2002-0167,2002,2002-06-10,Group stage,Portugal,Poland,Home,Pauleta,14,14,False,1
2002-0167,2002,2002-06-10,Group stage,Portugal,Poland,Home,Pauleta,65,65,False,2
2002-0167,2002,2002-06-10,Group stage,Portugal,Poland,Home,Pauleta,77,77,False,3
2002-0167,2002,2002-06-10,Group stage,Portugal,Poland,Home,Rui Costa,88,88,False,4
2002-0168,2002,2002-06-09,Group stage,Mexico,Ecuador,Home,Jared Borgetti,28,28,False,1
2002-0168,2002,2002-06-09,Group stage,Mexico,Ecuador,Home,Gerardo Torrado,57,57,False,2
2002-0168,2002,2002-06-09,Group stage,Ecuador,Mexico,Away,Agustín Delgado,5,5,False,1
2002-0169,2002,2002-06-09,Group stage,Costa Rica,Türkiye,Home,Winston Parks,86,86,False,1
2002-0169,2002,2002-06-09,Group stage,Türkiye,Costa Rica,Away,Emre Belözolu,56,56,False,1
2002-0170,2002,2002-06-09,Group stage,Japan,Russia,Home,Junichi Inamoto,51,51,False,1
2002-0171,2002,2002-06-08,Group stage,South Africa,Slovenia,Home,Siyabonga Nomvethe,4,4,False,1
2002-0172,2002,2002-06-08,Group stage,Italy,Croatia,Home,Christian Vieri,55,55,False,1
2002-0172,2002,2002-06-08,Group stage,Croatia,Italy,Away,Ivica Olic,73,73,False,1
2002-0172,2002,2002-06-08,Group stage,Croatia,Italy,Away,Milan Rapaic,76,76,False,2
2002-0173,2002,2002-06-08,Group stage,Brazil,China PR,Home,Roberto Carlos,15,15,False,1
2002-0173,2002,2002-06-08,Group stage,Brazil,China PR,Home,Rivaldo,32,32,False,2
2002-0173,2002,2002-06-08,Group stage,Brazil,China PR,Home,Ronaldo,55,55,False,3
2002-0173,2002,2002-06-08,Group stage,Brazil,China PR,Home,Ronaldinho,45,45,False,4
2002-0174,2002,2002-06-07,Group stage,Sweden,Nigeria,Home,Henrik Larsson,35,35,False,1
2002-0174,2002,2002-06-07,Group stage,Sweden,Nigeria,Home,Henrik Larsson,63,63,False,2
2002-0174,2002,2002-06-07,Group stage,Nigeria,Sweden,Away,Julius Aghahowa,27,27,False,1
2018-0175,2018,2018-06-20,Group stage,Spain,IR Iran,Away,Diego Costa,54,54,False,1
2018-0176,2018,2018-06-19,Group stage,Colombia,Japan,Home,Juan Quintero,39,39,False,1
2018-0176,2018,2018-06-19,Group stage,Japan,Colombia,Away,Yuya Osako,73,73,False,1
2018-0176,2018,2018-06-19,Group stage,Japan,Colombia,Away,Shinji Kagawa,6,6,False,2
2018-0177,2018,2018-06-19,Group stage,Poland,Senegal,Home,Grzegorz Krychowiak,86,86,False,1
2018-0177,2018,2018-06-19,Group stage,Senegal,Poland,Away,M'Baye Niang,61,61,False,1
2018-0178,2018,2018-06-19,Group stage,Russia,Egypt,Home,Denis Cheryshev,59,59,False,1
2018-0178,2018,2018-06-19,Group stage,Russia,Egypt,Home,Artem Dzyuba,62,62,False,2
2018-0178,2018,2018-06-19,Group stage,Egypt,Russia,Away,Mohamed Salah,73,73,False,1
2018-0179,2018,2018-06-18,Group stage,Sweden,Korea Republic,Home,Andreas Granqvist,65,65,False,1
2018-0180,2018,2018-06-18,Group stage,Belgium,Panama,Home,Dries Mertens,48,48,False,1
2018-0180,2018,2018-06-18,Group stage,Belgium,Panama,Home,Romelu Lukaku,69,69,False,2
2018-0180,2018,2018-06-18,Group stage,Belgium,Panama,Home,Romelu Lukaku,75,75,False,3
2018-0181,2018,2018-06-18,Group stage,Tunisia,England,Home,Ferjani Sassi,35,35,False,1
2018-0181,2018,2018-06-18,Group stage,England,Tunisia,Away,Harry Kane,11,11,False,1
2018-0181,2018,2018-06-18,Group stage,England,Tunisia,Away,Harry Kane,90+1,91,True,2
2018-0182,2018,2018-06-17,Group stage,Serbia,Costa Rica,Away,Aleksandar Kolarov,56,56,False,1
2018-0183,2018,2018-06-17,Group stage,Mexico,Germany,Away,Hirving Lozano,35,35,False,1
2018-0184,2018,2018-06-17,Group stage,Brazil,Switzerland,Home,Philippe Coutinho,20,20,False,1
2018-0184,2018,2018-06-17,Group stage,Switzerland,Brazil,Away,Steven Zuber,50,50,False,1
2018-0185,2018,2018-06-16,Group stage,France,Australia,Home,Antoine Griezmann,58,58,False,1
2018-0185,2018,2018-06-16,Group stage,Australia,France,Away,Mile Jedinak,62,62,False,1
2018-0186,2018,2018-06-16,Group stage,Argentina,Iceland,Home,Sergio Agüero,19,19,False,1
2018-0186,2018,2018-06-16,Group stage,Iceland,Argentina,Away,Alfreð Finnbogason,23,23,False,1
2018-0187,2018,2018-06-16,Group stage,Denmark,Peru,Away,Yussuf Poulsen,59,59,False,1
2002-0188,2002,2002-06-07,Group stage,Spain,Paraguay,Home,Fernando Morientes,53,53,False,1
2002-0188,2002,2002-06-07,Group stage,Spain,Paraguay,Home,Fernando Morientes,69,69,False,2
2002-0188,2002,2002-06-07,Group stage,Spain,Paraguay,Home,Fernando Hierro,83,83,False,3
2018-0189,2018,2018-06-16,Group stage,Croatia,Nigeria,Home,Luka Modric,71,71,False,1
2002-0190,2002,2002-06-07,Group stage,England,Argentina,Away,David Beckham,44,44,False,1
2002-0191,2002,2002-06-06,Group stage,Denmark,Senegal,Home,Jon Dahl Tomasson,16,16,False,1
2002-0191,2002,2002-06-06,Group stage,Senegal,Denmark,Away,Salif Diao,52,52,False,1
2018-0192,2018,2018-06-15,Group stage,Uruguay,Egypt,Away,José María Giménez,89,89,False,1
2002-0193,2002,2002-06-06,Group stage,Cameroon,Saudi Arabia,Home,Samuel Eto'o,66,66,False,1
2018-0196,2018,2018-06-15,Group stage,Portugal,Spain,Home,Cristiano Ronaldo,44,44,False,1
2018-0196,2018,2018-06-15,Group stage,Portugal,Spain,Home,Cristiano Ronaldo,88,88,False,2
2018-0196,2018,2018-06-15,Group stage,Portugal,Spain,Home,Cristiano Ronaldo,4,4,False,3
2018-0196,2018,2018-06-15,Group stage,Spain,Portugal,Away,Diego Costa,24,24,False,1
2018-0196,2018,2018-06-15,Group stage,Spain,Portugal,Away,Diego Costa,55,55,False,2
2018-0196,2018,2018-06-15,Group stage,Spain,Portugal,Away,Nacho,58,58,False,3
2002-0197,2002,2002-06-05,Group stage,Russia,Tunisia,Home,Yegor Titov,59,59,False,1
2002-0197,2002,2002-06-05,Group stage,Russia,Tunisia,Home,Valeri Karpin,64,64,False,2
2018-0198,2018,2018-06-14,Group stage,Russia,Saudi Arabia,Home,Yuri Gazinskiy,12,12,False,1
2018-0198,2018,2018-06-14,Group stage,Russia,Saudi Arabia,Home,Denis Cheryshev,43,43,False,2
2018-0198,2018,2018-06-14,Group stage,Russia,Saudi Arabia,Home,Artem Dzyuba,71,71,False,3
2018-0198,2018,2018-06-14,Group stage,Russia,Saudi Arabia,Home,Denis Cheryshev,90+1,91,True,4
2018-0198,2018,2018-06-14,Group stage,Russia,Saudi Arabia,Home,Aleksandr Golovin,90+5,95,True,5
2002-0199,2002,2002-06-05,Group stage,United States,Portugal,Home,John O'Brien,4,4,False,1
2002-0199,2002,2002-06-05,Group stage,United States,Portugal,Home,Brian McBride,36,36,False,2
2002-0199,2002,2002-06-05,Group stage,Portugal,United States,Away,Beto,39,39,False,1
2014-0200,2014,2014-07-13,Final,Germany,Argentina,Home,Mario Götze,113,113,False,1
2002-0201,2002,2002-06-05,Group stage,Germany,Republic of Ireland,Home,Miroslav Klose,19,19,False,1
2002-0201,2002,2002-06-05,Group stage,Republic of Ireland,Germany,Away,Robbie Keane,90+2,92,True,1
2002-0202,2002,2002-06-04,Group stage,Costa Rica,China PR,Away,Rónald Gómez,61,61,False,1
2002-0202,2002,2002-06-04,Group stage,Costa Rica,China PR,Away,Mauricio Wright,65,65,False,2
2002-0203,2002,2002-06-04,Group stage,Japan,Belgium,Home,Takayuki Suzuki,59,59,False,1
2002-0203,2002,2002-06-04,Group stage,Japan,Belgium,Home,Junichi Inamoto,67,67,False,2
2002-0203,2002,2002-06-04,Group stage,Belgium,Japan,Away,Marc Wilmots,57,57,False,1
2002-0203,2002,2002-06-04,Group stage,Belgium,Japan,Away,Peter Van der Heyden,75,75,False,2
2002-0204,2002,2002-06-04,Group stage,Korea Republic,Poland,Home,Hwang Sun-hong,26,26,False,1
2002-0204,2002,2002-06-04,Group stage,Korea Republic,Poland,Home,Yoo Sang-chul,53,53,False,2
2002-0205,2002,2002-06-03,Group stage,Mexico,Croatia,Away,Cuauhtémoc Blanco,60,60,False,1
2002-0206,2002,2002-06-03,Group stage,Brazil,Türkiye,Home,Ronaldo,50,50,False,1
2002-0206,2002,2002-06-03,Group stage,Brazil,Türkiye,Home,Rivaldo,87,87,False,2
2002-0206,2002,2002-06-03,Group stage,Türkiye,Brazil,Away,Hasan Sas,45+2,47,True,1
2002-0207,2002,2002-06-03,Group stage,Italy,Ecuador,Home,Christian Vieri,7,7,False,1
2002-0207,2002,2002-06-03,Group stage,Italy,Ecuador,Home,Christian Vieri,27,27,False,2
2002-0208,2002,2002-06-02,Group stage,Argentina,Nigeria,Home,Gabriel Batistuta,63,63,False,1
2002-0209,2002,2002-06-02,Group stage,Paraguay,South Africa,Home,Roque Santa Cruz,39,39,False,1
2002-0209,2002,2002-06-02,Group stage,Paraguay,South Africa,Home,Francisco Arce,55,55,False,2
2002-0209,2002,2002-06-02,Group stage,South Africa,Paraguay,Away,Teboho Mokoena,63,63,False,1
2002-0209,2002,2002-06-02,Group stage,South Africa,Paraguay,Away,Quinton Fortune,90+1,91,True,2
2002-0210,2002,2002-06-02,Group stage,England,Sweden,Home,Sol Campbell,24,24,False,1
2002-0210,2002,2002-06-02,Group stage,Sweden,England,Away,Niclas Alexandersson,59,59,False,1
2002-0211,2002,2002-06-02,Group stage,Spain,Slovenia,Home,Raúl,44,44,False,1
2002-0211,2002,2002-06-02,Group stage,Spain,Slovenia,Home,Juan Carlos Valerón,74,74,False,2
2002-0211,2002,2002-06-02,Group stage,Spain,Slovenia,Home,Fernando Hierro,87,87,False,3
2002-0211,2002,2002-06-02,Group stage,Slovenia,Spain,Away,Sebastjan Cimirotic,82,82,False,1
2002-0212,2002,2002-06-01,Group stage,Republic of Ireland,Cameroon,Home,Matt Holland,52,52,False,1
2002-0212,2002,2002-06-01,Group stage,Cameroon,Republic of Ireland,Away,Patrick M'Boma,39,39,False,1
2010-0213,2010,2010-06-19,Group stage,Netherlands,Japan,Home,Wesley Sneijder,53,53,False,1
2010-0214,2010,2010-06-19,Group stage,Ghana,Australia,Home,Asamoah Gyan,25,25,False,1
2010-0214,2010,2010-06-19,Group stage,Australia,Ghana,Away,Brett Holman,11,11,False,1
2010-0215,2010,2010-06-19,Group stage,Cameroon,Denmark,Home,Samuel Eto'o,10,10,False,1
2010-0215,2010,2010-06-19,Group stage,Denmark,Cameroon,Away,Nicklas Bendtner,33,33,False,1
2010-0215,2010,2010-06-19,Group stage,Denmark,Cameroon,Away,Dennis Rommedahl,61,61,False,2
2010-0216,2010,2010-06-18,Group stage,Serbia,Germany,Away,Milan Jovanovic,38,38,False,1
2010-0217,2010,2010-06-18,Group stage,Slovenia,United States,Home,Valter Birsa,13,13,False,1
2010-0217,2010,2010-06-18,Group stage,Slovenia,United States,Home,Zlatan Ljubijankic,42,42,False,2
2010-0217,2010,2010-06-18,Group stage,United States,Slovenia,Away,Landon Donovan,48,48,False,1
2010-0217,2010,2010-06-18,Group stage,United States,Slovenia,Away,Michael Bradley,82,82,False,2
2010-0219,2010,2010-06-17,Group stage,Argentina,Korea Republic,Home,Gonzalo Higuaín,33,33,False,1
2010-0219,2010,2010-06-17,Group stage,Argentina,Korea Republic,Home,Gonzalo Higuaín,76,76,False,2
2010-0219,2010,2010-06-17,Group stage,Argentina,Korea Republic,Home,Gonzalo Higuaín,80,80,False,3
2010-0219,2010,2010-06-17,Group stage,Korea Republic,Argentina,Away,Lee Chung-yong,45+1,46,True,1
2010-0220,2010,2010-06-17,Group stage,Greece,Nigeria,Home,Dimitris Salpingidis,44,44,False,1
2010-0220,2010,2010-06-17,Group stage,Greece,Nigeria,Home,Vasilis Torosidis,71,71,False,2
2010-0220,2010,2010-06-17,Group stage,Nigeria,Greece,Away,Kalu Uche,16,16,False,1
2010-0221,2010,2010-06-17,Group stage,Mexico,France,Away,Javier Hernández,64,64,False,1
2010-0221,2010,2010-06-17,Group stage,Mexico,France,Away,Cuauhtémoc Blanco,79,79,False,2
2010-0222,2010,2010-06-16,Group stage,Chile,Honduras,Away,Jean Beausejour,34,34,False,1
2002-0223,2002,2002-06-01,Group stage,Uruguay,Denmark,Home,Darío Rodríguez,47,47,False,1
2002-0223,2002,2002-06-01,Group stage,Denmark,Uruguay,Away,Jon Dahl Tomasson,45,45,False,1
2002-0223,2002,2002-06-01,Group stage,Denmark,Uruguay,Away,Jon Dahl Tomasson,83,83,False,2
2010-0224,2010,2010-06-16,Group stage,Switzerland,Spain,Away,Gelson Fernandes,52,52,False,1
2002-0225,2002,2002-06-01,Group stage,Germany,Saudi Arabia,Home,Miroslav Klose,20,20,False,1
2002-0225,2002,2002-06-01,Group stage,Germany,Saudi Arabia,Home,Miroslav Klose,25,25,False,2
2002-0225,2002,2002-06-01,Group stage,Germany,Saudi Arabia,Home,Michael Ballack,40,40,False,3
2002-0225,2002,2002-06-01,Group stage,Germany,Saudi Arabia,Home,Carsten Jancker,45+1,46,True,4
2002-0225,2002,2002-06-01,Group stage,Germany,Saudi Arabia,Home,Miroslav Klose,70,70,False,5
2002-0225,2002,2002-06-01,Group stage,Germany,Saudi Arabia,Home,Thomas Linke,72,72,False,6
2002-0225,2002,2002-06-01,Group stage,Germany,Saudi Arabia,Home,Oliver Bierhoff,84,84,False,7
2002-0225,2002,2002-06-01,Group stage,Germany,Saudi Arabia,Home,Bernd Schneider,90+2,92,True,8
2010-0226,2010,2010-06-16,Group stage,Uruguay,South Africa,Away,Diego Forlán,24,24,False,1
2010-0226,2010,2010-06-16,Group stage,Uruguay,South Africa,Away,Álvaro Pereira,90+5,95,True,2
2010-0226,2010,2010-06-16,Group stage,Uruguay,South Africa,Away,Diego Forlán,80,80,False,3
2002-0227,2002,2002-05-31,Group stage,Senegal,France,Away,Pape Malick Diop,30,30,False,1
1998-0228,1998,1998-07-12,Final,France,Brazil,Away,Zinédine Zidane,27,27,False,1
1998-0228,1998,1998-07-12,Final,France,Brazil,Away,Zinédine Zidane,45,45,False,2
1998-0228,1998,1998-07-12,Final,France,Brazil,Away,Emmanuel Petit,90,90,False,3
2010-0229,2010,2010-06-15,Group stage,New Zealand,Slovakia,Home,Winston Reid,90+3,93,True,1
2010-0229,2010,2010-06-15,Group stage,Slovakia,New Zealand,Away,Róbert Vittek,50,50,False,1
1998-0230,1998,1998-07-11,Third-place match,Netherlands,Croatia,Home,Boudewijn Zenden,21,21,False,1
1998-0230,1998,1998-07-11,Third-place match,Croatia,Netherlands,Away,Robert Prosinecki,13,13,False,1
1998-0230,1998,1998-07-11,Third-place match,Croatia,Netherlands,Away,Davor Šuker,35,35,False,2
1998-0231,1998,1998-07-08,Semi-finals,France,Croatia,Home,Lilian Thuram,47,47,False,1
1998-0231,1998,1998-07-08,Semi-finals,France,Croatia,Home,Lilian Thuram,70,70,False,2
1998-0231,1998,1998-07-08,Semi-finals,Croatia,France,Away,Davor Šuker,46,46,False,1
1998-0232,1998,1998-07-07,Semi-finals,Brazil,Netherlands,Home,Ronaldo,46,46,False,1
1998-0232,1998,1998-07-07,Semi-finals,Netherlands,Brazil,Away,Patrick Kluivert,87,87,False,1
1998-0233,1998,1998-07-04,Quarter-finals,Netherlands,Argentina,Home,Patrick Kluivert,12,12,False,1
1998-0233,1998,1998-07-04,Quarter-finals,Netherlands,Argentina,Home,Dennis Bergkamp,89,89,False,2
1998-0233,1998,1998-07-04,Quarter-finals,Argentina,Netherlands,Away,Claudio López,17,17,False,1
1998-0234,1998,1998-07-04,Quarter-finals,Croatia,Germany,Away,Robert Jarni,45,45,False,1
1998-0234,1998,1998-07-04,Quarter-finals,Croatia,Germany,Away,Goran Vlaovic,80,80,False,2
1998-0234,1998,1998-07-04,Quarter-finals,Croatia,Germany,Away,Davor Šuker,85,85,False,3
1998-0236,1998,1998-07-03,Quarter-finals,Brazil,Denmark,Home,Bebeto,10,10,False,1
1998-0236,1998,1998-07-03,Quarter-finals,Brazil,Denmark,Home,Rivaldo,27,27,False,2
1998-0236,1998,1998-07-03,Quarter-finals,Brazil,Denmark,Home,Rivaldo,60,60,False,3
1998-0236,1998,1998-07-03,Quarter-finals,Denmark,Brazil,Away,Martin Jørgensen,2,2,False,1
1998-0236,1998,1998-07-03,Quarter-finals,Denmark,Brazil,Away,Brian Laudrup,50,50,False,2
1998-0237,1998,1998-06-30,Round of 16,Croatia,Romania,Away,Davor Šuker,45,45,False,1
2014-0238,2014,2014-07-12,Third-place match,Netherlands,Brazil,Away,Daley Blind,17,17,False,1
2014-0238,2014,2014-07-12,Third-place match,Netherlands,Brazil,Away,Georginio Wijnaldum,90+1,91,True,2
2014-0238,2014,2014-07-12,Third-place match,Netherlands,Brazil,Away,Robin van Persie,3,3,False,3
1998-0239,1998,1998-06-30,Round of 16,Argentina,England,Home,Javier Zanetti,45,45,False,1
1998-0239,1998,1998-06-30,Round of 16,Argentina,England,Home,Gabriel Batistuta,5,5,False,2
1998-0239,1998,1998-06-30,Round of 16,England,Argentina,Away,Michael Owen,16,16,False,1
1998-0239,1998,1998-06-30,Round of 16,England,Argentina,Away,Alan Shearer,9,9,False,2
1998-0241,1998,1998-06-29,Round of 16,Germany,Mexico,Home,Jürgen Klinsmann,75,75,False,1
1998-0241,1998,1998-06-29,Round of 16,Germany,Mexico,Home,Oliver Bierhoff,86,86,False,2
1998-0241,1998,1998-06-29,Round of 16,Mexico,Germany,Away,Luis Hernández,47,47,False,1
2014-0242,2014,2014-07-08,Semi-finals,Brazil,Germany,Home,Oscar,90,90,False,1
2014-0242,2014,2014-07-08,Semi-finals,Germany,Brazil,Away,Thomas Müller,11,11,False,1
2014-0242,2014,2014-07-08,Semi-finals,Germany,Brazil,Away,Miroslav Klose,23,23,False,2
2014-0242,2014,2014-07-08,Semi-finals,Germany,Brazil,Away,Toni Kroos,24,24,False,3
2014-0242,2014,2014-07-08,Semi-finals,Germany,Brazil,Away,Toni Kroos,26,26,False,4
2014-0242,2014,2014-07-08,Semi-finals,Germany,Brazil,Away,Sami Khedira,29,29,False,5
2014-0242,2014,2014-07-08,Semi-finals,Germany,Brazil,Away,André Schürrle,69,69,False,6
2014-0242,2014,2014-07-08,Semi-finals,Germany,Brazil,Away,André Schürrle,79,79,False,7
1998-0243,1998,1998-06-29,Round of 16,Netherlands,FR Yugoslavia,Home,Dennis Bergkamp,38,38,False,1
1998-0243,1998,1998-06-29,Round of 16,Netherlands,FR Yugoslavia,Home,Edgar Davids,90,90,False,2
1998-0243,1998,1998-06-29,Round of 16,FR Yugoslavia,Netherlands,Away,Slobodan Komljenovi,48,48,False,1
2014-0244,2014,2014-07-05,Quarter-finals,Argentina,Belgium,Home,Gonzalo Higuaín,8,8,False,1
1998-0245,1998,1998-06-28,Round of 16,France,Paraguay,Home,Laurent Blanc,114,114,False,1
1998-0247,1998,1998-06-28,Round of 16,Nigeria,Denmark,Home,Tijani Babangida,77,77,False,1
1998-0247,1998,1998-06-28,Round of 16,Denmark,Nigeria,Away,Peter Møller,3,3,False,1
1998-0247,1998,1998-06-28,Round of 16,Denmark,Nigeria,Away,Brian Laudrup,12,12,False,2
1998-0247,1998,1998-06-28,Round of 16,Denmark,Nigeria,Away,Ebbe Sand,60,60,False,3
1998-0247,1998,1998-06-28,Round of 16,Denmark,Nigeria,Away,Thomas Helveg,76,76,False,4
2014-0248,2014,2014-07-04,Quarter-finals,Germany,France,Away,Mats Hummels,13,13,False,1
1998-0249,1998,1998-06-27,Round of 16,Italy,Norway,Home,Christian Vieri,18,18,False,1
2014-0250,2014,2014-07-04,Quarter-finals,Brazil,Colombia,Home,Thiago Silva,7,7,False,1
2014-0250,2014,2014-07-04,Quarter-finals,Brazil,Colombia,Home,David Luiz,69,69,False,2
2014-0250,2014,2014-07-04,Quarter-finals,Colombia,Brazil,Away,James Rodríguez,80,80,False,1
1998-0251,1998,1998-06-27,Round of 16,Brazil,Chile,Home,César Sampaio,11,11,False,1
1998-0251,1998,1998-06-27,Round of 16,Brazil,Chile,Home,César Sampaio,26,26,False,2
1998-0251,1998,1998-06-27,Round of 16,Brazil,Chile,Home,Ronaldo,70,70,False,3
1998-0251,1998,1998-06-27,Round of 16,Brazil,Chile,Home,Ronaldo,45,45,False,4
1998-0251,1998,1998-06-27,Round of 16,Chile,Brazil,Away,Marcelo Salas,68,68,False,1
2014-0252,2014,2014-07-01,Round of 16,Argentina,Switzerland,Home,Ángel Di María,118,118,False,1
1998-0253,1998,1998-06-26,Group stage,Argentina,Croatia,Home,Mauricio Pineda,36,36,False,1
2014-0254,2014,2014-07-01,Round of 16,Belgium,United States,Home,Kevin De Bruyne,93,93,False,1
2014-0254,2014,2014-07-01,Round of 16,Belgium,United States,Home,Romelu Lukaku,105,105,False,2
2014-0254,2014,2014-07-01,Round of 16,United States,Belgium,Away,Julian Green,107,107,False,1
1998-0255,1998,1998-06-26,Group stage,Japan,Jamaica,Home,Masashi Nakayama,74,74,False,1
1998-0255,1998,1998-06-26,Group stage,Jamaica,Japan,Away,Theodore Whitmore,39,39,False,1
1998-0255,1998,1998-06-26,Group stage,Jamaica,Japan,Away,Theodore Whitmore,54,54,False,2
2014-0256,2014,2014-06-30,Round of 16,France,Nigeria,Home,Paul Pogba,79,79,False,1
1998-0257,1998,1998-06-26,Group stage,Romania,Tunisia,Home,Viorel Moldovan,72,72,False,1
1998-0257,1998,1998-06-26,Group stage,Tunisia,Romania,Away,Skander Souayah,10,10,False,1
2014-0258,2014,2014-06-30,Round of 16,Germany,Algeria,Home,André Schürrle,92,92,False,1
2014-0258,2014,2014-06-30,Round of 16,Germany,Algeria,Home,Mesut Özil,119,119,False,2
2014-0258,2014,2014-06-30,Round of 16,Algeria,Germany,Away,Abdelmoumene Djabou,120+1,121,True,1
1998-0259,1998,1998-06-26,Group stage,England,Colombia,Away,Darren Anderton,20,20,False,1
1998-0259,1998,1998-06-26,Group stage,England,Colombia,Away,David Beckham,29,29,False,2
1998-0260,1998,1998-06-25,Group stage,Netherlands,Mexico,Home,Phillip Cocu,4,4,False,1
1998-0260,1998,1998-06-25,Group stage,Netherlands,Mexico,Home,Ronald de Boer,18,18,False,2
1998-0260,1998,1998-06-25,Group stage,Mexico,Netherlands,Away,Ricardo Peláez,75,75,False,1
1998-0260,1998,1998-06-25,Group stage,Mexico,Netherlands,Away,Claudio Suárez,90,90,False,2
2014-0261,2014,2014-06-29,Round of 16,Netherlands,Mexico,Home,Wesley Sneijder,88,88,False,1
2014-0261,2014,2014-06-29,Round of 16,Netherlands,Mexico,Home,Klaas-Jan Huntelaar,90+4,94,True,2
2014-0261,2014,2014-06-29,Round of 16,Mexico,Netherlands,Away,Giovani dos Santos,48,48,False,1
1998-0262,1998,1998-06-25,Group stage,Belgium,Korea Republic,Home,Luc Nilis,7,7,False,1
1998-0262,1998,1998-06-25,Group stage,Korea Republic,Belgium,Away,Yoo Sang-chul,71,71,False,1
2014-0263,2014,2014-06-29,Round of 16,Costa Rica,Greece,Home,Bryan Ruiz,52,52,False,1
2014-0263,2014,2014-06-29,Round of 16,Greece,Costa Rica,Away,Sokratis Papastathopoulos,90+1,91,True,1
1998-0264,1998,1998-06-25,Group stage,FR Yugoslavia,United States,Away,Slobodan Komljenovi,4,4,False,1
2014-0265,2014,2014-06-28,Round of 16,Brazil,Chile,Home,David Luiz,18,18,False,1
2014-0265,2014,2014-06-28,Round of 16,Chile,Brazil,Away,Alexis Sánchez,32,32,False,1
1998-0266,1998,1998-06-25,Group stage,Germany,IR Iran,Home,Oliver Bierhoff,50,50,False,1
1998-0266,1998,1998-06-25,Group stage,Germany,IR Iran,Home,Jürgen Klinsmann,58,58,False,2
2014-0267,2014,2014-06-28,Round of 16,Colombia,Uruguay,Home,James Rodríguez,29,29,False,1
2014-0267,2014,2014-06-28,Round of 16,Colombia,Uruguay,Home,James Rodríguez,50,50,False,2
1998-0268,1998,1998-06-24,Group stage,South Africa,Saudi Arabia,Home,Shaun Bartlett,18,18,False,1
1998-0268,1998,1998-06-24,Group stage,South Africa,Saudi Arabia,Home,Shaun Bartlett,90,90,False,2
1998-0268,1998,1998-06-24,Group stage,Saudi Arabia,South Africa,Away,Sami Al-Jaber,45,45,False,1
1998-0268,1998,1998-06-24,Group stage,Saudi Arabia,South Africa,Away,Yousuf Al-Thunayan,74,74,False,2
2014-0269,2014,2014-06-26,Group stage,Germany,United States,Away,Thomas Müller,55,55,False,1
1998-0270,1998,1998-06-24,Group stage,France,Denmark,Home,Emmanuel Petit,57,57,False,1
1998-0270,1998,1998-06-24,Group stage,France,Denmark,Home,Youri Djorkaeff,12,12,False,2
1998-0270,1998,1998-06-24,Group stage,Denmark,France,Away,Michael Laudrup,42,42,False,1
2014-0271,2014,2014-06-26,Group stage,Portugal,Ghana,Home,Cristiano Ronaldo,80,80,False,1
2014-0271,2014,2014-06-26,Group stage,Ghana,Portugal,Away,Asamoah Gyan,57,57,False,1
1998-0272,1998,1998-06-24,Group stage,Spain,Bulgaria,Home,Luis Enrique,18,18,False,1
1998-0272,1998,1998-06-24,Group stage,Spain,Bulgaria,Home,Fernando Morientes,55,55,False,2
1998-0272,1998,1998-06-24,Group stage,Spain,Bulgaria,Home,Fernando Morientes,81,81,False,3
1998-0272,1998,1998-06-24,Group stage,Spain,Bulgaria,Home,Kiko,90,90,False,4
1998-0272,1998,1998-06-24,Group stage,Spain,Bulgaria,Home,Fernando Hierro,6,6,False,5
1998-0272,1998,1998-06-24,Group stage,Bulgaria,Spain,Away,Emil Kostadinov,58,58,False,1
2014-0273,2014,2014-06-26,Group stage,Belgium,Korea Republic,Away,Jan Vertonghen,77,77,False,1
1998-0274,1998,1998-06-24,Group stage,Nigeria,Paraguay,Home,Wilson Oruma,11,11,False,1
1998-0274,1998,1998-06-24,Group stage,Paraguay,Nigeria,Away,Celso Ayala,1,1,False,1
1998-0274,1998,1998-06-24,Group stage,Paraguay,Nigeria,Away,Miguel Ángel Benítez,59,59,False,2
1998-0274,1998,1998-06-24,Group stage,Paraguay,Nigeria,Away,José Cardozo,86,86,False,3
2014-0275,2014,2014-06-26,Group stage,Algeria,Russia,Home,Islam Slimani,60,60,False,1
2014-0275,2014,2014-06-26,Group stage,Russia,Algeria,Away,Aleksandr Kokorin,6,6,False,1
1998-0276,1998,1998-06-23,Group stage,Italy,Austria,Home,Christian Vieri,49,49,False,1
1998-0276,1998,1998-06-23,Group stage,Italy,Austria,Home,Roberto Baggio,90,90,False,2
1998-0276,1998,1998-06-23,Group stage,Austria,Italy,Away,Andreas Herzog,90,90,False,1
1998-0277,1998,1998-06-23,Group stage,Chile,Cameroon,Home,José Luis Sierra,20,20,False,1
1998-0277,1998,1998-06-23,Group stage,Cameroon,Chile,Away,Patrick M'Boma,56,56,False,1
1998-0278,1998,1998-06-23,Group stage,Brazil,Norway,Home,Bebeto,78,78,False,1
1998-0278,1998,1998-06-23,Group stage,Norway,Brazil,Away,Tore André Flo,83,83,False,1
1998-0278,1998,1998-06-23,Group stage,Norway,Brazil,Away,Kjetil Rekdal,89,89,False,2
1998-0279,1998,1998-06-23,Group stage,Morocco,Scotland,Away,Salaheddine Bassir,23,23,False,1
1998-0279,1998,1998-06-23,Group stage,Morocco,Scotland,Away,Abdeljalil Hadda,47,47,False,2
1998-0279,1998,1998-06-23,Group stage,Morocco,Scotland,Away,Salaheddine Bassir,85,85,False,3
1998-0280,1998,1998-06-22,Group stage,Colombia,Tunisia,Home,Léider Preciado,83,83,False,1
1998-0281,1998,1998-06-22,Group stage,Romania,England,Home,Viorel Moldovan,47,47,False,1
1998-0281,1998,1998-06-22,Group stage,Romania,England,Home,Dan Petrescu,90,90,False,2
1998-0281,1998,1998-06-22,Group stage,England,Romania,Away,Michael Owen,83,83,False,1
1998-0282,1998,1998-06-21,Group stage,Germany,FR Yugoslavia,Home,Oliver Bierhoff,80,80,False,1
1998-0282,1998,1998-06-21,Group stage,FR Yugoslavia,Germany,Away,Predrag Mijatovi,13,13,False,1
1998-0282,1998,1998-06-21,Group stage,FR Yugoslavia,Germany,Away,Dragan Stojkovi,54,54,False,2
1998-0283,1998,1998-06-21,Group stage,Argentina,Jamaica,Home,Ariel Ortega,32,32,False,1
1998-0283,1998,1998-06-21,Group stage,Argentina,Jamaica,Home,Ariel Ortega,55,55,False,2
1998-0283,1998,1998-06-21,Group stage,Argentina,Jamaica,Home,Gabriel Batistuta,72,72,False,3
1998-0283,1998,1998-06-21,Group stage,Argentina,Jamaica,Home,Gabriel Batistuta,79,79,False,4
1998-0283,1998,1998-06-21,Group stage,Argentina,Jamaica,Home,Gabriel Batistuta,83,83,False,5
1998-0284,1998,1998-06-21,Group stage,United States,IR Iran,Home,Brian McBride,87,87,False,1
1998-0284,1998,1998-06-21,Group stage,IR Iran,United States,Away,Hamid Estili,40,40,False,1
1998-0284,1998,1998-06-21,Group stage,IR Iran,United States,Away,Mehdi Mahdavikia,84,84,False,2
1998-0285,1998,1998-06-20,Group stage,Croatia,Japan,Away,Davor Šuker,77,77,False,1
1998-0287,1998,1998-06-20,Group stage,Belgium,Mexico,Home,Marc Wilmots,43,43,False,1
1998-0287,1998,1998-06-20,Group stage,Belgium,Mexico,Home,Marc Wilmots,47,47,False,2
1998-0287,1998,1998-06-20,Group stage,Mexico,Belgium,Away,Carlos Blanco,62,62,False,1
1998-0287,1998,1998-06-20,Group stage,Mexico,Belgium,Away,Alberto García Aspe,55,55,False,2
1998-0288,1998,1998-06-20,Group stage,Netherlands,Korea Republic,Home,Phillip Cocu,38,38,False,1
1998-0288,1998,1998-06-20,Group stage,Netherlands,Korea Republic,Home,Marc Overmars,42,42,False,2
1998-0288,1998,1998-06-20,Group stage,Netherlands,Korea Republic,Home,Dennis Bergkamp,71,71,False,3
1998-0288,1998,1998-06-20,Group stage,Netherlands,Korea Republic,Home,Pierre van Hooijdonk,80,80,False,4
1998-0288,1998,1998-06-20,Group stage,Netherlands,Korea Republic,Home,Ronald de Boer,83,83,False,5
2010-0289,2010,2010-06-15,Group stage,Brazil,Korea DPR,Home,Maicon Sisenando,55,55,False,1
2010-0289,2010,2010-06-15,Group stage,Brazil,Korea DPR,Home,Elano,72,72,False,2
2010-0289,2010,2010-06-15,Group stage,Korea DPR,Brazil,Away,Ji Yun-nam,89,89,False,1
2010-0290,2010,2010-06-14,Group stage,Netherlands,Denmark,Home,Dirk Kuyt,85,85,False,1
2010-0291,2010,2010-06-14,Group stage,Japan,Cameroon,Home,Keisuke Honda,39,39,False,1
1998-0292,1998,1998-06-19,Group stage,Nigeria,Bulgaria,Home,Victor Ikpeba,26,26,False,1
2010-0293,2010,2010-06-14,Group stage,Italy,Paraguay,Home,Daniele De Rossi,63,63,False,1
2010-0293,2010,2010-06-14,Group stage,Paraguay,Italy,Away,Antolín Alcaraz,39,39,False,1
2010-0295,2010,2010-06-13,Group stage,Slovenia,Algeria,Away,Robert Koren,79,79,False,1
1998-0296,1998,1998-06-18,Group stage,South Africa,Denmark,Home,Benni McCarthy,52,52,False,1
1998-0296,1998,1998-06-18,Group stage,Denmark,South Africa,Away,Allan Nielsen,13,13,False,1
2010-0297,2010,2010-06-13,Group stage,Ghana,Serbia,Away,Asamoah Gyan,85,85,False,1
1998-0298,1998,1998-06-18,Group stage,France,Saudi Arabia,Home,Thierry Henry,36,36,False,1
1998-0298,1998,1998-06-18,Group stage,France,Saudi Arabia,Home,David Trezeguet,68,68,False,2
1998-0298,1998,1998-06-18,Group stage,France,Saudi Arabia,Home,Thierry Henry,77,77,False,3
1998-0298,1998,1998-06-18,Group stage,France,Saudi Arabia,Home,Bixente Lizarazu,85,85,False,4
2010-0299,2010,2010-06-13,Group stage,Germany,Australia,Home,Lukas Podolski,8,8,False,1
2010-0299,2010,2010-06-13,Group stage,Germany,Australia,Home,Miroslav Klose,26,26,False,2
2010-0299,2010,2010-06-13,Group stage,Germany,Australia,Home,Thomas Müller,68,68,False,3
2010-0299,2010,2010-06-13,Group stage,Germany,Australia,Home,Cacau,70,70,False,4
1998-0300,1998,1998-06-17,Group stage,Chile,Austria,Home,Marcelo Salas,70,70,False,1
1998-0300,1998,1998-06-17,Group stage,Austria,Chile,Away,Ivica Vasti,90,90,False,1
2010-0301,2010,2010-06-12,Group stage,Korea Republic,Greece,Home,Lee Jung-soo,7,7,False,1
2010-0301,2010,2010-06-12,Group stage,Korea Republic,Greece,Home,Park Ji-sung,52,52,False,2
1998-0302,1998,1998-06-17,Group stage,Italy,Cameroon,Home,Luigi Di Biagio,7,7,False,1
1998-0302,1998,1998-06-17,Group stage,Italy,Cameroon,Home,Christian Vieri,75,75,False,2
1998-0302,1998,1998-06-17,Group stage,Italy,Cameroon,Home,Christian Vieri,89,89,False,3
2010-0303,2010,2010-06-12,Group stage,Argentina,Nigeria,Home,Gabriel Heinze,6,6,False,1
1998-0304,1998,1998-06-16,Group stage,Scotland,Norway,Home,Craig Burley,66,66,False,1
1998-0304,1998,1998-06-16,Group stage,Norway,Scotland,Away,Håvard Flo,46,46,False,1
2010-0305,2010,2010-06-12,Group stage,England,United States,Home,Steven Gerrard,4,4,False,1
2010-0305,2010,2010-06-12,Group stage,United States,England,Away,Clint Dempsey,40,40,False,1
1998-0306,1998,1998-06-16,Group stage,Brazil,Morocco,Home,Ronaldo,9,9,False,1
1998-0306,1998,1998-06-16,Group stage,Brazil,Morocco,Home,Rivaldo,45,45,False,2
1998-0306,1998,1998-06-16,Group stage,Brazil,Morocco,Home,Bebeto,50,50,False,3
2010-0307,2010,2010-06-11,Group stage,South Africa,Mexico,Home,Siphiwe Tshabalala,55,55,False,1
2010-0307,2010,2010-06-11,Group stage,Mexico,South Africa,Away,Rafael Márquez,79,79,False,1
1998-0308,1998,1998-06-15,Group stage,England,Tunisia,Home,Alan Shearer,43,43,False,1
1998-0308,1998,1998-06-15,Group stage,England,Tunisia,Home,Paul Scholes,89,89,False,2
1998-0310,1998,1998-06-15,Group stage,Romania,Colombia,Home,Adrian Ilie,45,45,False,1
2006-0311,2006,2006-07-09,Final,Italy,France,Home,Marco Materazzi,19,19,False,1
2006-0311,2006,2006-07-09,Final,France,Italy,Away,Zinédine Zidane,7,7,False,1
2006-0312,2006,2006-07-08,Third-place match,Germany,Portugal,Home,Bastian Schweinsteiger,56,56,False,1
2006-0312,2006,2006-07-08,Third-place match,Germany,Portugal,Home,Bastian Schweinsteiger,78,78,False,2
2006-0312,2006,2006-07-08,Third-place match,Portugal,Germany,Away,Nuno Gomes,88,88,False,1
1998-0313,1998,1998-06-15,Group stage,Germany,United States,Home,Andreas Möller,9,9,False,1
1998-0313,1998,1998-06-15,Group stage,Germany,United States,Home,Jürgen Klinsmann,65,65,False,2
1998-0314,1998,1998-06-14,Group stage,Argentina,Japan,Home,Gabriel Batistuta,28,28,False,1
2006-0315,2006,2006-07-05,Semi-finals,France,Portugal,Away,Zinédine Zidane,33,33,False,1
2006-0316,2006,2006-07-04,Semi-finals,Italy,Germany,Away,Fabio Grosso,119,119,False,1
2006-0316,2006,2006-07-04,Semi-finals,Italy,Germany,Away,Alessandro Del Piero,120+1,121,True,2
1998-0317,1998,1998-06-14,Group stage,FR Yugoslavia,IR Iran,Home,Siniša Mihajlovi,73,73,False,1
1998-0319,1998,1998-06-14,Group stage,Jamaica,Croatia,Home,Robbie Earle,45,45,False,1
1998-0319,1998,1998-06-14,Group stage,Croatia,Jamaica,Away,Mario Stani,27,27,False,1
1998-0319,1998,1998-06-14,Group stage,Croatia,Jamaica,Away,Robert Prosinecki,53,53,False,2
1998-0319,1998,1998-06-14,Group stage,Croatia,Jamaica,Away,Davor Šuker,69,69,False,3
2006-0320,2006,2006-07-01,Quarter-finals,France,Brazil,Away,Thierry Henry,57,57,False,1
1998-0321,1998,1998-06-13,Group stage,Spain,Nigeria,Home,Fernando Hierro,21,21,False,1
1998-0321,1998,1998-06-13,Group stage,Spain,Nigeria,Home,Raúl,47,47,False,2
1998-0321,1998,1998-06-13,Group stage,Nigeria,Spain,Away,Mutiu Adepoju,24,24,False,1
1998-0321,1998,1998-06-13,Group stage,Nigeria,Spain,Away,Sunday Oliseh,78,78,False,2
2006-0322,2006,2006-06-30,Quarter-finals,Germany,Argentina,Home,Miroslav Klose,80,80,False,1
2006-0322,2006,2006-06-30,Quarter-finals,Argentina,Germany,Away,Roberto Ayala,49,49,False,1
1998-0323,1998,1998-06-13,Group stage,Korea Republic,Mexico,Home,Ha Seok-ju,28,28,False,1
1998-0323,1998,1998-06-13,Group stage,Mexico,Korea Republic,Away,Ricardo Peláez,51,51,False,1
1998-0323,1998,1998-06-13,Group stage,Mexico,Korea Republic,Away,Luis Hernández,74,74,False,2
1998-0323,1998,1998-06-13,Group stage,Mexico,Korea Republic,Away,Luis Hernández,84,84,False,3
2006-0324,2006,2006-06-30,Quarter-finals,Italy,Ukraine,Home,Gianluca Zambrotta,6,6,False,1
2006-0324,2006,2006-06-30,Quarter-finals,Italy,Ukraine,Home,Luca Toni,59,59,False,2
2006-0324,2006,2006-06-30,Quarter-finals,Italy,Ukraine,Home,Luca Toni,69,69,False,3
1998-0327,1998,1998-06-12,Group stage,Denmark,Saudi Arabia,Away,Marc Rieper,69,69,False,1
1998-0328,1998,1998-06-12,Group stage,France,South Africa,Home,Christophe Dugarry,34,34,False,1
1998-0328,1998,1998-06-12,Group stage,France,South Africa,Home,Thierry Henry,90,90,False,2
1998-0329,1998,1998-06-11,Group stage,Italy,Chile,Home,Christian Vieri,10,10,False,1
1998-0329,1998,1998-06-11,Group stage,Italy,Chile,Home,Roberto Baggio,85,85,False,2
1998-0329,1998,1998-06-11,Group stage,Chile,Italy,Away,Marcelo Salas,45,45,False,1
1998-0329,1998,1998-06-11,Group stage,Chile,Italy,Away,Marcelo Salas,49,49,False,2
1998-0330,1998,1998-06-11,Group stage,Cameroon,Austria,Home,Pierre Njanka,77,77,False,1
1998-0330,1998,1998-06-11,Group stage,Austria,Cameroon,Away,Toni Polster,90,90,False,1
2014-0331,2014,2014-06-25,Group stage,Bosnia and Herzegovina,IR Iran,Home,Edin Džeko,23,23,False,1
2014-0331,2014,2014-06-25,Group stage,Bosnia and Herzegovina,IR Iran,Home,Miralem Pjani,59,59,False,2
2014-0331,2014,2014-06-25,Group stage,Bosnia and Herzegovina,IR Iran,Home,Avdija Vršajevi,83,83,False,3
2014-0331,2014,2014-06-25,Group stage,IR Iran,Bosnia and Herzegovina,Away,Reza Ghoochannejad,82,82,False,1
1998-0332,1998,1998-06-10,Group stage,Brazil,Scotland,Home,César Sampaio,5,5,False,1
1998-0332,1998,1998-06-10,Group stage,Scotland,Brazil,Away,John Collins,38,38,False,1
1998-0333,1998,1998-06-10,Group stage,Morocco,Norway,Home,Mustapha Hadji,38,38,False,1
1998-0333,1998,1998-06-10,Group stage,Morocco,Norway,Home,Abdeljalil Hadda,59,59,False,2
1998-0333,1998,1998-06-10,Group stage,Norway,Morocco,Away,Dan Eggen,60,60,False,1
2014-0334,2014,2014-06-25,Group stage,Nigeria,Argentina,Home,Ahmed Musa,4,4,False,1
2014-0334,2014,2014-06-25,Group stage,Nigeria,Argentina,Home,Ahmed Musa,47,47,False,2
2014-0334,2014,2014-06-25,Group stage,Argentina,Nigeria,Away,Lionel Messi,3,3,False,1
2014-0334,2014,2014-06-25,Group stage,Argentina,Nigeria,Away,Lionel Messi,45+1,46,True,2
2014-0334,2014,2014-06-25,Group stage,Argentina,Nigeria,Away,Marcos Rojo,50,50,False,3
2014-0336,2014,2014-06-25,Group stage,Switzerland,Honduras,Away,Xherdan Shaqiri,6,6,False,1
2014-0336,2014,2014-06-25,Group stage,Switzerland,Honduras,Away,Xherdan Shaqiri,31,31,False,2
2014-0336,2014,2014-06-25,Group stage,Switzerland,Honduras,Away,Xherdan Shaqiri,71,71,False,3
1994-0338,1994,1994-07-16,Third-place match,Sweden,Bulgaria,Home,Tomas Brolin,8,8,False,1
1994-0338,1994,1994-07-16,Third-place match,Sweden,Bulgaria,Home,Håkan Mild,30,30,False,2
1994-0338,1994,1994-07-16,Third-place match,Sweden,Bulgaria,Home,Henrik Larsson,37,37,False,3
1994-0338,1994,1994-07-16,Third-place match,Sweden,Bulgaria,Home,Kennet Andersson,40,40,False,4
1994-0339,1994,1994-07-13,Semi-finals,Bulgaria,Italy,Home,Hristo Stoichkov,44,44,False,1
1994-0339,1994,1994-07-13,Semi-finals,Italy,Bulgaria,Away,Roberto Baggio,21,21,False,1
1994-0339,1994,1994-07-13,Semi-finals,Italy,Bulgaria,Away,Roberto Baggio,25,25,False,2
1994-0340,1994,1994-07-13,Semi-finals,Brazil,Sweden,Away,Romário,80,80,False,1
1994-0341,1994,1994-07-10,Quarter-finals,Bulgaria,Germany,Home,Hristo Stoichkov,75,75,False,1
1994-0341,1994,1994-07-10,Quarter-finals,Bulgaria,Germany,Home,Yordan Letchkov,78,78,False,2
1994-0341,1994,1994-07-10,Quarter-finals,Germany,Bulgaria,Away,Lothar Matthäus,47,47,False,1
1994-0342,1994,1994-07-10,Quarter-finals,Romania,Sweden,Home,Florin Rducioiu,88,88,False,1
1994-0342,1994,1994-07-10,Quarter-finals,Romania,Sweden,Home,Florin Rducioiu,101,101,False,2
1994-0342,1994,1994-07-10,Quarter-finals,Sweden,Romania,Away,Tomas Brolin,78,78,False,1
1994-0342,1994,1994-07-10,Quarter-finals,Sweden,Romania,Away,Kennet Andersson,115,115,False,2
1994-0343,1994,1994-07-09,Quarter-finals,Italy,Spain,Home,Dino Baggio,25,25,False,1
1994-0343,1994,1994-07-09,Quarter-finals,Italy,Spain,Home,Roberto Baggio,88,88,False,2
1994-0343,1994,1994-07-09,Quarter-finals,Spain,Italy,Away,José Luis Caminero,58,58,False,1
1994-0344,1994,1994-07-09,Quarter-finals,Netherlands,Brazil,Home,Dennis Bergkamp,64,64,False,1
1994-0344,1994,1994-07-09,Quarter-finals,Netherlands,Brazil,Home,Aron Winter,76,76,False,2
1994-0344,1994,1994-07-09,Quarter-finals,Brazil,Netherlands,Away,Romário,53,53,False,1
1994-0344,1994,1994-07-09,Quarter-finals,Brazil,Netherlands,Away,Bebeto,63,63,False,2
1994-0344,1994,1994-07-09,Quarter-finals,Brazil,Netherlands,Away,Branco,81,81,False,3
1994-0345,1994,1994-07-05,Round of 16,Nigeria,Italy,Home,Emmanuel Amunike,25,25,False,1
1994-0345,1994,1994-07-05,Round of 16,Italy,Nigeria,Away,Roberto Baggio,88,88,False,1
1994-0345,1994,1994-07-05,Round of 16,Italy,Nigeria,Away,Roberto Baggio,102,102,False,2
1994-0346,1994,1994-07-05,Round of 16,Mexico,Bulgaria,Home,Alberto García Aspe,18,18,False,1
1994-0346,1994,1994-07-05,Round of 16,Bulgaria,Mexico,Away,Hristo Stoichkov,6,6,False,1
1994-0347,1994,1994-07-04,Round of 16,Netherlands,Republic of Ireland,Home,Dennis Bergkamp,11,11,False,1
1994-0347,1994,1994-07-04,Round of 16,Netherlands,Republic of Ireland,Home,Wim Jonk,41,41,False,2
1994-0348,1994,1994-07-04,Round of 16,Brazil,United States,Home,Bebeto,72,72,False,1
1994-0349,1994,1994-07-03,Round of 16,Saudi Arabia,Sweden,Home,Fahad Al-Ghesheyan,85,85,False,1
1994-0349,1994,1994-07-03,Round of 16,Sweden,Saudi Arabia,Away,Martin Dahlin,6,6,False,1
1994-0349,1994,1994-07-03,Round of 16,Sweden,Saudi Arabia,Away,Kennet Andersson,51,51,False,2
1994-0349,1994,1994-07-03,Round of 16,Sweden,Saudi Arabia,Away,Kennet Andersson,88,88,False,3
1990-0350,1990,1990-06-19,Group stage,Italy,Czechoslovakia,Home,Salvatore Schillaci,9,9,False,1
1990-0350,1990,1990-06-19,Group stage,Italy,Czechoslovakia,Home,Roberto Baggio,78,78,False,2
1994-0351,1994,1994-07-03,Round of 16,Romania,Argentina,Home,Ilie Dumitrescu,11,11,False,1
1994-0351,1994,1994-07-03,Round of 16,Romania,Argentina,Home,Ilie Dumitrescu,18,18,False,2
1994-0351,1994,1994-07-03,Round of 16,Romania,Argentina,Home,Gheorghe Hagi,58,58,False,3
1994-0351,1994,1994-07-03,Round of 16,Argentina,Romania,Away,Abel Balbo,75,75,False,1
1994-0351,1994,1994-07-03,Round of 16,Argentina,Romania,Away,Gabriel Batistuta,16,16,False,2
1990-0352,1990,1990-06-18,Group stage,Argentina,Romania,Home,Pedro Monzón,62,62,False,1
1990-0352,1990,1990-06-18,Group stage,Romania,Argentina,Away,Gabi Balint,68,68,False,1
1994-0353,1994,1994-07-02,Round of 16,Germany,Belgium,Home,Rudi Völler,6,6,False,1
1994-0353,1994,1994-07-02,Round of 16,Germany,Belgium,Home,Jürgen Klinsmann,11,11,False,2
1994-0353,1994,1994-07-02,Round of 16,Germany,Belgium,Home,Rudi Völler,40,40,False,3
1994-0353,1994,1994-07-02,Round of 16,Belgium,Germany,Away,Georges Grün,8,8,False,1
1994-0353,1994,1994-07-02,Round of 16,Belgium,Germany,Away,Philippe Albert,90,90,False,2
1990-0354,1990,1990-06-18,Group stage,Soviet Union,Cameroon,Away,Oleh Protasov,20,20,False,1
1990-0354,1990,1990-06-18,Group stage,Soviet Union,Cameroon,Away,Andrei Zygmantovich,29,29,False,2
1990-0354,1990,1990-06-18,Group stage,Soviet Union,Cameroon,Away,Oleksandr Zavarov,52,52,False,3
1990-0354,1990,1990-06-18,Group stage,Soviet Union,Cameroon,Away,Igor Dobrovolski,63,63,False,4
1994-0355,1994,1994-07-02,Round of 16,Spain,Switzerland,Home,Fernando Hierro,15,15,False,1
1994-0355,1994,1994-07-02,Round of 16,Spain,Switzerland,Home,Luis Enrique,74,74,False,2
1994-0355,1994,1994-07-02,Round of 16,Spain,Switzerland,Home,Txiki Begiristain,86,86,False,3
1994-0357,1994,1994-06-30,Group stage,Nigeria,Greece,Away,Finidi George,45,45,False,1
1994-0357,1994,1994-06-30,Group stage,Nigeria,Greece,Away,Daniel Amokachi,90,90,False,2
1990-0358,1990,1990-06-17,Group stage,Belgium,Uruguay,Home,Lei Clijsters,15,15,False,1
1990-0358,1990,1990-06-17,Group stage,Belgium,Uruguay,Home,Enzo Scifo,24,24,False,2
1990-0358,1990,1990-06-17,Group stage,Belgium,Uruguay,Home,Jan Ceulemans,47,47,False,3
1990-0358,1990,1990-06-17,Group stage,Uruguay,Belgium,Away,Pablo Bengoechea,73,73,False,1
1994-0359,1994,1994-06-30,Group stage,Bulgaria,Argentina,Away,Hristo Stoichkov,61,61,False,1
1994-0359,1994,1994-06-30,Group stage,Bulgaria,Argentina,Away,Nasko Sirakov,90,90,False,2
1990-0360,1990,1990-06-17,Group stage,Korea Republic,Spain,Home,Hwangbo Kwan,43,43,False,1
1990-0360,1990,1990-06-17,Group stage,Spain,Korea Republic,Away,Míchel,23,23,False,1
1990-0360,1990,1990-06-17,Group stage,Spain,Korea Republic,Away,Míchel,61,61,False,2
1990-0360,1990,1990-06-17,Group stage,Spain,Korea Republic,Away,Míchel,81,81,False,3
1994-0361,1994,1994-06-29,Group stage,Morocco,Netherlands,Home,Hassan Nader,47,47,False,1
1994-0361,1994,1994-06-29,Group stage,Netherlands,Morocco,Away,Dennis Bergkamp,43,43,False,1
1994-0361,1994,1994-06-29,Group stage,Netherlands,Morocco,Away,Bryan Roy,77,77,False,2
1990-0362,1990,1990-06-16,Group stage,Brazil,Costa Rica,Home,Müller,33,33,False,1
1994-0363,1994,1994-06-29,Group stage,Saudi Arabia,Belgium,Away,Saeed Al-Owairan,5,5,False,1
1994-0364,1994,1994-06-28,Group stage,Italy,Mexico,Home,Daniele Massaro,48,48,False,1
1994-0364,1994,1994-06-28,Group stage,Mexico,Italy,Away,Marcelino Bernal,57,57,False,1
1994-0366,1994,1994-06-28,Group stage,Russia,Cameroon,Home,Oleg Salenko,15,15,False,1
1994-0366,1994,1994-06-28,Group stage,Russia,Cameroon,Home,Oleg Salenko,41,41,False,2
1994-0366,1994,1994-06-28,Group stage,Russia,Cameroon,Home,Oleg Salenko,72,72,False,3
1994-0366,1994,1994-06-28,Group stage,Russia,Cameroon,Home,Oleg Salenko,75,75,False,4
1994-0366,1994,1994-06-28,Group stage,Russia,Cameroon,Home,Dmitri Radchenko,81,81,False,5
1994-0366,1994,1994-06-28,Group stage,Russia,Cameroon,Home,Oleg Salenko,44,44,False,6
1994-0366,1994,1994-06-28,Group stage,Cameroon,Russia,Away,Roger Milla,46,46,False,1
1994-0367,1994,1994-06-28,Group stage,Brazil,Sweden,Home,Romário,46,46,False,1
1994-0367,1994,1994-06-28,Group stage,Sweden,Brazil,Away,Kennet Andersson,23,23,False,1
1994-0368,1994,1994-06-27,Group stage,Germany,Korea Republic,Home,Jürgen Klinsmann,12,12,False,1
1994-0368,1994,1994-06-27,Group stage,Germany,Korea Republic,Home,Karl-Heinz Riedle,20,20,False,2
1994-0368,1994,1994-06-27,Group stage,Germany,Korea Republic,Home,Jürgen Klinsmann,37,37,False,3
1994-0368,1994,1994-06-27,Group stage,Korea Republic,Germany,Away,Hwang Sun-hong,52,52,False,1
1994-0368,1994,1994-06-27,Group stage,Korea Republic,Germany,Away,Hong Myung-bo,63,63,False,2
1994-0369,1994,1994-06-27,Group stage,Bolivia,Spain,Home,Erwin Sánchez,67,67,False,1
1994-0369,1994,1994-06-27,Group stage,Spain,Bolivia,Away,José Luis Caminero,66,66,False,1
1994-0369,1994,1994-06-27,Group stage,Spain,Bolivia,Away,José Luis Caminero,70,70,False,2
1994-0369,1994,1994-06-27,Group stage,Spain,Bolivia,Away,Pep Guardiola,19,19,False,3
1994-0370,1994,1994-06-26,Group stage,Bulgaria,Greece,Home,Yordan Letchkov,65,65,False,1
1994-0370,1994,1994-06-26,Group stage,Bulgaria,Greece,Home,Daniel Borimirov,90,90,False,2
1994-0370,1994,1994-06-26,Group stage,Bulgaria,Greece,Home,Hristo Stoichkov,5,5,False,3
1994-0370,1994,1994-06-26,Group stage,Bulgaria,Greece,Home,Hristo Stoichkov,55,55,False,4
1994-0371,1994,1994-06-26,Group stage,Romania,United States,Away,Dan Petrescu,18,18,False,1
2014-0372,2014,2014-06-24,Group stage,Uruguay,Italy,Away,Diego Godín,81,81,False,1
2006-0373,2006,2006-06-27,Round of 16,Brazil,Ghana,Home,Ronaldo,5,5,False,1
2006-0373,2006,2006-06-27,Round of 16,Brazil,Ghana,Home,Adriano,45+1,46,True,2
2006-0373,2006,2006-06-27,Round of 16,Brazil,Ghana,Home,Zé Roberto,84,84,False,3
2006-0374,2006,2006-06-27,Round of 16,Spain,France,Home,David Villa,28,28,False,1
2006-0374,2006,2006-06-27,Round of 16,France,Spain,Away,Franck Ribéry,41,41,False,1
2006-0374,2006,2006-06-27,Round of 16,France,Spain,Away,Patrick Vieira,83,83,False,2
2006-0374,2006,2006-06-27,Round of 16,France,Spain,Away,Zinédine Zidane,90+2,92,True,3
2006-0375,2006,2006-06-26,Round of 16,Italy,Australia,Home,Francesco Totti,90+5,95,True,1
2006-0377,2006,2006-06-25,Round of 16,England,Ecuador,Home,David Beckham,60,60,False,1
2014-0378,2014,2014-06-24,Group stage,Japan,Colombia,Home,Shinji Okazaki,45+1,46,True,1
2014-0378,2014,2014-06-24,Group stage,Colombia,Japan,Away,Jackson Martínez,55,55,False,1
2014-0378,2014,2014-06-24,Group stage,Colombia,Japan,Away,Jackson Martínez,82,82,False,2
2014-0378,2014,2014-06-24,Group stage,Colombia,Japan,Away,James Rodríguez,90,90,False,3
2014-0378,2014,2014-06-24,Group stage,Colombia,Japan,Away,Juan Cuadrado,17,17,False,4
2006-0379,2006,2006-06-25,Round of 16,Portugal,Netherlands,Home,Maniche,23,23,False,1
2014-0380,2014,2014-06-24,Group stage,Greece,Côte d'Ivoire,Home,Andreas Samaris,42,42,False,1
2014-0380,2014,2014-06-24,Group stage,Greece,Côte d'Ivoire,Home,Georgios Samaras,90+3,93,True,2
2014-0380,2014,2014-06-24,Group stage,Côte d'Ivoire,Greece,Away,Wilfried Bony,74,74,False,1
2006-0381,2006,2006-06-24,Round of 16,Germany,Sweden,Home,Lukas Podolski,4,4,False,1
2006-0381,2006,2006-06-24,Round of 16,Germany,Sweden,Home,Lukas Podolski,12,12,False,2
2006-0382,2006,2006-06-24,Round of 16,Argentina,Mexico,Home,Hernán Crespo,10,10,False,1
2006-0382,2006,2006-06-24,Round of 16,Mexico,Argentina,Away,Rafael Márquez,6,6,False,1
2006-0383,2006,2006-06-23,Group stage,Spain,Saudi Arabia,Away,Juanito,36,36,False,1
2006-0384,2006,2006-06-23,Group stage,Ukraine,Tunisia,Home,Andriy Shevchenko,70,70,False,1
2006-0385,2006,2006-06-23,Group stage,France,Togo,Away,Patrick Vieira,55,55,False,1
2006-0385,2006,2006-06-23,Group stage,France,Togo,Away,Thierry Henry,61,61,False,2
2006-0386,2006,2006-06-23,Group stage,Switzerland,Korea Republic,Home,Philippe Senderos,23,23,False,1
2006-0386,2006,2006-06-23,Group stage,Switzerland,Korea Republic,Home,Alexander Frei,77,77,False,2
2006-0387,2006,2006-06-22,Group stage,Ghana,United States,Home,Haminu Draman,22,22,False,1
2006-0387,2006,2006-06-22,Group stage,Ghana,United States,Home,Stephen Appiah,45+2,47,True,2
2006-0387,2006,2006-06-22,Group stage,United States,Ghana,Away,Clint Dempsey,43,43,False,1
2006-0388,2006,2006-06-22,Group stage,Italy,Czech Republic,Away,Marco Materazzi,26,26,False,1
2006-0388,2006,2006-06-22,Group stage,Italy,Czech Republic,Away,Filippo Inzaghi,87,87,False,2
2006-0389,2006,2006-06-22,Group stage,Japan,Brazil,Home,Keiji Tamada,34,34,False,1
2006-0389,2006,2006-06-22,Group stage,Brazil,Japan,Away,Ronaldo,45+1,46,True,1
2006-0389,2006,2006-06-22,Group stage,Brazil,Japan,Away,Juninho Pernambucano,53,53,False,2
2006-0389,2006,2006-06-22,Group stage,Brazil,Japan,Away,Gilberto,59,59,False,3
2006-0389,2006,2006-06-22,Group stage,Brazil,Japan,Away,Ronaldo,81,81,False,4
2006-0390,2006,2006-06-22,Group stage,Croatia,Australia,Home,Darijo Srna,2,2,False,1
2006-0390,2006,2006-06-22,Group stage,Croatia,Australia,Home,Niko Kova,56,56,False,2
2006-0390,2006,2006-06-22,Group stage,Australia,Croatia,Away,Harry Kewell,79,79,False,1
2006-0390,2006,2006-06-22,Group stage,Australia,Croatia,Away,Craig Moore,38,38,False,2
2006-0391,2006,2006-06-21,Group stage,Portugal,Mexico,Home,Maniche,6,6,False,1
2006-0391,2006,2006-06-21,Group stage,Portugal,Mexico,Home,Simão Sabrosa,24,24,False,2
2006-0391,2006,2006-06-21,Group stage,Mexico,Portugal,Away,Francisco Fonseca,29,29,False,1
2006-0392,2006,2006-06-21,Group stage,IR Iran,Angola,Home,Sohrab Bakhtiarizadeh,75,75,False,1
2006-0392,2006,2006-06-21,Group stage,Angola,IR Iran,Away,Flávio Amado,60,60,False,1
2006-0393,2006,2006-06-21,Group stage,Côte d'Ivoire,Serbia and Montenegro,Home,Aruna Dindane,67,67,False,1
2006-0393,2006,2006-06-21,Group stage,Côte d'Ivoire,Serbia and Montenegro,Home,Aruna Dindane,37,37,False,2
2006-0393,2006,2006-06-21,Group stage,Côte d'Ivoire,Serbia and Montenegro,Home,Bonaventure Kalou,86,86,False,3
2006-0393,2006,2006-06-21,Group stage,Serbia and Montenegro,Côte d'Ivoire,Away,Nikola Žigi,10,10,False,1
2006-0393,2006,2006-06-21,Group stage,Serbia and Montenegro,Côte d'Ivoire,Away,Nikola Žigi,20,20,False,2
2006-0393,2006,2006-06-21,Group stage,Serbia and Montenegro,Côte d'Ivoire,Away,Saša Ili,20,20,False,3
2006-0395,2006,2006-06-20,Group stage,Costa Rica,Poland,Home,Rónald Gómez,25,25,False,1
2006-0395,2006,2006-06-20,Group stage,Poland,Costa Rica,Away,Bartosz Bosacki,33,33,False,1
2006-0395,2006,2006-06-20,Group stage,Poland,Costa Rica,Away,Bartosz Bosacki,66,66,False,2
1990-0397,1990,1990-06-16,Group stage,Sweden,Scotland,Home,Glenn Strömberg,86,86,False,1
1990-0397,1990,1990-06-16,Group stage,Scotland,Sweden,Away,Stuart McCall,11,11,False,1
1990-0397,1990,1990-06-16,Group stage,Scotland,Sweden,Away,Mo Johnston,81,81,False,2
1990-0398,1990,1990-06-15,Group stage,Czechoslovakia,Austria,Away,Michal Bílek,31,31,False,1
1990-0399,1990,1990-06-15,Group stage,West Germany,United Arab Emirates,Home,Rudi Völler,35,35,False,1
1990-0399,1990,1990-06-15,Group stage,West Germany,United Arab Emirates,Home,Jürgen Klinsmann,37,37,False,2
1990-0399,1990,1990-06-15,Group stage,West Germany,United Arab Emirates,Home,Lothar Matthäus,47,47,False,3
1990-0399,1990,1990-06-15,Group stage,West Germany,United Arab Emirates,Home,Uwe Bein,58,58,False,4
1990-0399,1990,1990-06-15,Group stage,West Germany,United Arab Emirates,Home,Rudi Völler,75,75,False,5
1990-0399,1990,1990-06-15,Group stage,United Arab Emirates,West Germany,Away,Khalid Ismaïl,46,46,False,1
1990-0400,1990,1990-06-14,Group stage,Yugoslavia,Colombia,Home,Davor Jozi,75,75,False,1
1990-0401,1990,1990-06-14,Group stage,Cameroon,Romania,Home,Roger Milla,76,76,False,1
1990-0401,1990,1990-06-14,Group stage,Cameroon,Romania,Home,Roger Milla,86,86,False,2
1990-0401,1990,1990-06-14,Group stage,Romania,Cameroon,Away,Gabi Balint,88,88,False,1
1990-0402,1990,1990-06-14,Group stage,Italy,United States,Home,Giuseppe Giannini,11,11,False,1
1990-0404,1990,1990-06-13,Group stage,Argentina,Soviet Union,Home,Pedro Troglio,27,27,False,1
1990-0404,1990,1990-06-13,Group stage,Argentina,Soviet Union,Home,Jorge Burruchaga,79,79,False,2
1990-0405,1990,1990-06-12,Group stage,Belgium,Korea Republic,Home,Marc Degryse,53,53,False,1
1990-0405,1990,1990-06-12,Group stage,Belgium,Korea Republic,Home,Michel De Wolf,64,64,False,2
1990-0406,1990,1990-06-12,Group stage,Netherlands,Egypt,Home,Wim Kieft,58,58,False,1
1990-0406,1990,1990-06-12,Group stage,Egypt,Netherlands,Away,Magdi Abdelghani,83,83,False,1
1990-0407,1990,1990-06-11,Group stage,Costa Rica,Scotland,Home,Juan Cayasso,49,49,False,1
1990-0408,1990,1990-06-11,Group stage,England,Republic of Ireland,Home,Gary Lineker,9,9,False,1
1990-0408,1990,1990-06-11,Group stage,Republic of Ireland,England,Away,Kevin Sheedy,73,73,False,1
1990-0409,1990,1990-06-10,Group stage,United States,Czechoslovakia,Home,Paul Caligiuri,60,60,False,1
1990-0409,1990,1990-06-10,Group stage,Czechoslovakia,United States,Away,Tomáš Skuhravý,26,26,False,1
1990-0409,1990,1990-06-10,Group stage,Czechoslovakia,United States,Away,Ivan Hašek,50,50,False,2
1990-0409,1990,1990-06-10,Group stage,Czechoslovakia,United States,Away,Tomáš Skuhravý,78,78,False,3
1990-0409,1990,1990-06-10,Group stage,Czechoslovakia,United States,Away,Milan Luhový,90,90,False,4
1990-0409,1990,1990-06-10,Group stage,Czechoslovakia,United States,Away,Michal Bílek,40,40,False,5
1990-0410,1990,1990-06-10,Group stage,West Germany,Yugoslavia,Home,Lothar Matthäus,28,28,False,1
1990-0410,1990,1990-06-10,Group stage,West Germany,Yugoslavia,Home,Jürgen Klinsmann,39,39,False,2
1990-0410,1990,1990-06-10,Group stage,West Germany,Yugoslavia,Home,Lothar Matthäus,64,64,False,3
1990-0410,1990,1990-06-10,Group stage,West Germany,Yugoslavia,Home,Rudi Völler,70,70,False,4
1990-0410,1990,1990-06-10,Group stage,Yugoslavia,West Germany,Away,Davor Jozi,55,55,False,1
1990-0411,1990,1990-06-10,Group stage,Brazil,Sweden,Home,Careca,40,40,False,1
1990-0411,1990,1990-06-10,Group stage,Brazil,Sweden,Home,Careca,63,63,False,2
1990-0411,1990,1990-06-10,Group stage,Sweden,Brazil,Away,Tomas Brolin,79,79,False,1
1990-0412,1990,1990-06-09,Group stage,Colombia,United Arab Emirates,Away,Bernardo Redín,50,50,False,1
1990-0412,1990,1990-06-09,Group stage,Colombia,United Arab Emirates,Away,Carlos Valderrama,85,85,False,2
1990-0413,1990,1990-06-09,Group stage,Romania,Soviet Union,Away,Marius Lctu,41,41,False,1
1990-0413,1990,1990-06-09,Group stage,Romania,Soviet Union,Away,Marius Lctu,55,55,False,2
1990-0414,1990,1990-06-09,Group stage,Italy,Austria,Home,Salvatore Schillaci,78,78,False,1
1990-0415,1990,1990-06-08,Group stage,Cameroon,Argentina,Away,François Omam-Biyik,67,67,False,1
1986-0416,1986,1986-06-29,Final,Argentina,West Germany,Home,José Luis Brown,23,23,False,1
1986-0416,1986,1986-06-29,Final,Argentina,West Germany,Home,Jorge Valdano,56,56,False,2
1986-0416,1986,1986-06-29,Final,Argentina,West Germany,Home,Jorge Burruchaga,84,84,False,3
1986-0416,1986,1986-06-29,Final,West Germany,Argentina,Away,Karl-Heinz Rummenigge,74,74,False,1
1986-0416,1986,1986-06-29,Final,West Germany,Argentina,Away,Rudi Völler,81,81,False,2
1986-0417,1986,1986-06-28,Third-place match,France,Belgium,Home,Jean-Marc Ferreri,27,27,False,1
1986-0417,1986,1986-06-28,Third-place match,France,Belgium,Home,Jean-Pierre Papin,43,43,False,2
1986-0417,1986,1986-06-28,Third-place match,France,Belgium,Home,Bernard Genghini,104,104,False,3
1986-0417,1986,1986-06-28,Third-place match,France,Belgium,Home,Manuel Amoros,111,111,False,4
1986-0417,1986,1986-06-28,Third-place match,Belgium,France,Away,Jan Ceulemans,11,11,False,1
1986-0417,1986,1986-06-28,Third-place match,Belgium,France,Away,Nico Claesen,73,73,False,2
1986-0418,1986,1986-06-25,Semi-finals,West Germany,France,Away,Andreas Brehme,9,9,False,1
1986-0418,1986,1986-06-25,Semi-finals,West Germany,France,Away,Rudi Völler,90,90,False,2
1986-0419,1986,1986-06-25,Semi-finals,Argentina,Belgium,Home,Diego Maradona,51,51,False,1
1986-0419,1986,1986-06-25,Semi-finals,Argentina,Belgium,Home,Diego Maradona,63,63,False,2
1986-0420,1986,1986-06-22,Quarter-finals,Argentina,England,Home,Diego Maradona,51,51,False,1
1986-0420,1986,1986-06-22,Quarter-finals,Argentina,England,Home,Diego Maradona,55,55,False,2
1986-0420,1986,1986-06-22,Quarter-finals,England,Argentina,Away,Gary Lineker,81,81,False,1
1986-0421,1986,1986-06-22,Quarter-finals,Spain,Belgium,Home,Juan Antonio Señor,85,85,False,1
1986-0421,1986,1986-06-22,Quarter-finals,Belgium,Spain,Away,Jan Ceulemans,35,35,False,1
1986-0422,1986,1986-06-21,Quarter-finals,Brazil,France,Home,Careca,17,17,False,1
1986-0422,1986,1986-06-21,Quarter-finals,France,Brazil,Away,Michel Platini,41,41,False,1
2014-0423,2014,2014-06-23,Group stage,Spain,Australia,Away,David Villa,36,36,False,1
2014-0423,2014,2014-06-23,Group stage,Spain,Australia,Away,Fernando Torres,69,69,False,2
2014-0423,2014,2014-06-23,Group stage,Spain,Australia,Away,Juan Mata,82,82,False,3
2014-0424,2014,2014-06-23,Group stage,Netherlands,Chile,Home,Leroy Fer,77,77,False,1
2014-0424,2014,2014-06-23,Group stage,Netherlands,Chile,Home,Memphis,90+2,92,True,2
2014-0425,2014,2014-06-23,Group stage,Croatia,Mexico,Home,Ivan Periši,87,87,False,1
2014-0425,2014,2014-06-23,Group stage,Mexico,Croatia,Away,Rafael Márquez,72,72,False,1
2014-0425,2014,2014-06-23,Group stage,Mexico,Croatia,Away,Andrés Guardado,75,75,False,2
2014-0425,2014,2014-06-23,Group stage,Mexico,Croatia,Away,Javier Hernández,82,82,False,3
2014-0426,2014,2014-06-23,Group stage,Cameroon,Brazil,Home,Joël Matip,26,26,False,1
2014-0426,2014,2014-06-23,Group stage,Brazil,Cameroon,Away,Neymar,17,17,False,1
2014-0426,2014,2014-06-23,Group stage,Brazil,Cameroon,Away,Neymar,35,35,False,2
2014-0426,2014,2014-06-23,Group stage,Brazil,Cameroon,Away,Fred,49,49,False,3
2014-0426,2014,2014-06-23,Group stage,Brazil,Cameroon,Away,Fernandinho,84,84,False,4
2014-0427,2014,2014-06-22,Group stage,Belgium,Russia,Home,Divock Origi,88,88,False,1
2014-0428,2014,2014-06-22,Group stage,Korea Republic,Algeria,Home,Son Heung-min,50,50,False,1
2014-0428,2014,2014-06-22,Group stage,Korea Republic,Algeria,Home,Koo Ja-cheol,72,72,False,2
2014-0428,2014,2014-06-22,Group stage,Algeria,Korea Republic,Away,Islam Slimani,26,26,False,1
2014-0428,2014,2014-06-22,Group stage,Algeria,Korea Republic,Away,Rafik Halliche,28,28,False,2
2014-0428,2014,2014-06-22,Group stage,Algeria,Korea Republic,Away,Abdelmoumene Djabou,38,38,False,3
2014-0428,2014,2014-06-22,Group stage,Algeria,Korea Republic,Away,Yacine Brahimi,62,62,False,4
2014-0429,2014,2014-06-22,Group stage,United States,Portugal,Home,Jermaine Jones,64,64,False,1
2014-0429,2014,2014-06-22,Group stage,United States,Portugal,Home,Clint Dempsey,81,81,False,2
2014-0429,2014,2014-06-22,Group stage,Portugal,United States,Away,Nani,5,5,False,1
2014-0429,2014,2014-06-22,Group stage,Portugal,United States,Away,Silvestre Varela,90+5,95,True,2
2014-0430,2014,2014-06-21,Group stage,Argentina,IR Iran,Home,Lionel Messi,90+1,91,True,1
2014-0431,2014,2014-06-21,Group stage,Germany,Ghana,Home,Mario Götze,51,51,False,1
2014-0431,2014,2014-06-21,Group stage,Germany,Ghana,Home,Miroslav Klose,71,71,False,2
2014-0431,2014,2014-06-21,Group stage,Ghana,Germany,Away,André Ayew,54,54,False,1
2014-0431,2014,2014-06-21,Group stage,Ghana,Germany,Away,Asamoah Gyan,63,63,False,2
2014-0432,2014,2014-06-21,Group stage,Nigeria,Bosnia and Herzegovina,Home,Peter Odemwingie,29,29,False,1
2014-0433,2014,2014-06-20,Group stage,Costa Rica,Italy,Away,Bryan Ruiz,44,44,False,1
2014-0434,2014,2014-06-20,Group stage,Switzerland,France,Home,Blerim Džemaili,81,81,False,1
2014-0434,2014,2014-06-20,Group stage,Switzerland,France,Home,Granit Xhaka,87,87,False,2
2014-0434,2014,2014-06-20,Group stage,France,Switzerland,Away,Olivier Giroud,17,17,False,1
2014-0434,2014,2014-06-20,Group stage,France,Switzerland,Away,Blaise Matuidi,18,18,False,2
2014-0434,2014,2014-06-20,Group stage,France,Switzerland,Away,Mathieu Valbuena,40,40,False,3
2014-0434,2014,2014-06-20,Group stage,France,Switzerland,Away,Karim Benzema,67,67,False,4
2014-0434,2014,2014-06-20,Group stage,France,Switzerland,Away,Moussa Sissoko,73,73,False,5
2014-0435,2014,2014-06-20,Group stage,Honduras,Ecuador,Home,Carlo Costly,31,31,False,1
2014-0435,2014,2014-06-20,Group stage,Ecuador,Honduras,Away,Enner Valencia,34,34,False,1
2014-0435,2014,2014-06-20,Group stage,Ecuador,Honduras,Away,Enner Valencia,65,65,False,2
2014-0436,2014,2014-06-19,Group stage,Colombia,Côte d'Ivoire,Home,James Rodríguez,64,64,False,1
2014-0436,2014,2014-06-19,Group stage,Colombia,Côte d'Ivoire,Home,Juan Quintero,70,70,False,2
2014-0436,2014,2014-06-19,Group stage,Côte d'Ivoire,Colombia,Away,Gervinho,73,73,False,1
2014-0437,2014,2014-06-19,Group stage,Uruguay,England,Home,Luis Suárez,39,39,False,1
2014-0437,2014,2014-06-19,Group stage,Uruguay,England,Home,Luis Suárez,85,85,False,2
2014-0437,2014,2014-06-19,Group stage,England,Uruguay,Away,Wayne Rooney,75,75,False,1
2014-0439,2014,2014-06-18,Group stage,Australia,Netherlands,Home,Tim Cahill,21,21,False,1
2014-0439,2014,2014-06-18,Group stage,Australia,Netherlands,Home,Mile Jedinak,54,54,False,2
2014-0439,2014,2014-06-18,Group stage,Netherlands,Australia,Away,Arjen Robben,20,20,False,1
2014-0439,2014,2014-06-18,Group stage,Netherlands,Australia,Away,Robin van Persie,58,58,False,2
2014-0439,2014,2014-06-18,Group stage,Netherlands,Australia,Away,Memphis,68,68,False,3
2014-0440,2014,2014-06-18,Group stage,Chile,Spain,Away,Eduardo Vargas,20,20,False,1
2014-0440,2014,2014-06-18,Group stage,Chile,Spain,Away,Charles Aránguiz,43,43,False,2
2014-0441,2014,2014-06-18,Group stage,Croatia,Cameroon,Away,Ivica Olic,11,11,False,1
2014-0441,2014,2014-06-18,Group stage,Croatia,Cameroon,Away,Ivan Periši,48,48,False,2
2014-0441,2014,2014-06-18,Group stage,Croatia,Cameroon,Away,Mario Mandžuki,61,61,False,3
2014-0441,2014,2014-06-18,Group stage,Croatia,Cameroon,Away,Mario Mandžuki,73,73,False,4
2014-0442,2014,2014-06-17,Group stage,Belgium,Algeria,Home,Marouane Fellaini,70,70,False,1
2014-0442,2014,2014-06-17,Group stage,Belgium,Algeria,Home,Dries Mertens,80,80,False,2
2014-0442,2014,2014-06-17,Group stage,Algeria,Belgium,Away,Sofiane Feghouli,25,25,False,1
2014-0444,2014,2014-06-17,Group stage,Russia,Korea Republic,Home,Aleksandr Kerzhakov,74,74,False,1
2014-0444,2014,2014-06-17,Group stage,Korea Republic,Russia,Away,Lee Keun-ho,68,68,False,1
2014-0445,2014,2014-06-16,Group stage,Germany,Portugal,Home,Mats Hummels,32,32,False,1
2014-0445,2014,2014-06-16,Group stage,Germany,Portugal,Home,Thomas Müller,45+1,46,True,2
2014-0445,2014,2014-06-16,Group stage,Germany,Portugal,Home,Thomas Müller,78,78,False,3
2014-0445,2014,2014-06-16,Group stage,Germany,Portugal,Home,Thomas Müller,12,12,False,4
2014-0447,2014,2014-06-16,Group stage,Ghana,United States,Home,André Ayew,82,82,False,1
2014-0447,2014,2014-06-16,Group stage,United States,Ghana,Away,Clint Dempsey,1,1,False,1
2014-0447,2014,2014-06-16,Group stage,United States,Ghana,Away,John Brooks,86,86,False,2
2014-0448,2014,2014-06-15,Group stage,Switzerland,Ecuador,Home,Admir Mehmedi,48,48,False,1
2014-0448,2014,2014-06-15,Group stage,Switzerland,Ecuador,Home,Haris Seferovi,90+3,93,True,2
2014-0448,2014,2014-06-15,Group stage,Ecuador,Switzerland,Away,Enner Valencia,22,22,False,1
2014-0449,2014,2014-06-15,Group stage,France,Honduras,Home,Karim Benzema,72,72,False,1
2014-0449,2014,2014-06-15,Group stage,France,Honduras,Home,Karim Benzema,45,45,False,2
2014-0450,2014,2014-06-15,Group stage,Argentina,Bosnia and Herzegovina,Home,Lionel Messi,65,65,False,1
2014-0450,2014,2014-06-15,Group stage,Bosnia and Herzegovina,Argentina,Away,Vedad Ibiševi,85,85,False,1
2014-0451,2014,2014-06-14,Group stage,Colombia,Greece,Home,Pablo Armero,6,6,False,1
2014-0451,2014,2014-06-14,Group stage,Colombia,Greece,Home,Teófilo Gutiérrez,58,58,False,2
2014-0451,2014,2014-06-14,Group stage,Colombia,Greece,Home,James Rodríguez,90+3,93,True,3
2014-0452,2014,2014-06-14,Group stage,Uruguay,Costa Rica,Home,Edinson Cavani,24,24,False,1
2014-0452,2014,2014-06-14,Group stage,Costa Rica,Uruguay,Away,Joel Campbell,54,54,False,1
2014-0452,2014,2014-06-14,Group stage,Costa Rica,Uruguay,Away,Óscar Duarte,57,57,False,2
2014-0452,2014,2014-06-14,Group stage,Costa Rica,Uruguay,Away,Marco Ureña,84,84,False,3
2014-0453,2014,2014-06-14,Group stage,England,Italy,Home,Daniel Sturridge,37,37,False,1
2014-0453,2014,2014-06-14,Group stage,Italy,England,Away,Claudio Marchisio,35,35,False,1
2014-0453,2014,2014-06-14,Group stage,Italy,England,Away,Mario Balotelli,50,50,False,2
2014-0454,2014,2014-06-14,Group stage,Côte d'Ivoire,Japan,Home,Wilfried Bony,64,64,False,1
2014-0454,2014,2014-06-14,Group stage,Côte d'Ivoire,Japan,Home,Gervinho,66,66,False,2
2014-0454,2014,2014-06-14,Group stage,Japan,Côte d'Ivoire,Away,Keisuke Honda,16,16,False,1
2014-0455,2014,2014-06-13,Group stage,Mexico,Cameroon,Home,Oribe Peralta,61,61,False,1
2014-0456,2014,2014-06-13,Group stage,Spain,Netherlands,Home,Xabi Alonso,27,27,False,1
2014-0456,2014,2014-06-13,Group stage,Netherlands,Spain,Away,Robin van Persie,44,44,False,1
2014-0456,2014,2014-06-13,Group stage,Netherlands,Spain,Away,Arjen Robben,53,53,False,2
2014-0456,2014,2014-06-13,Group stage,Netherlands,Spain,Away,Stefan de Vrij,65,65,False,3
2014-0456,2014,2014-06-13,Group stage,Netherlands,Spain,Away,Robin van Persie,72,72,False,4
2014-0456,2014,2014-06-13,Group stage,Netherlands,Spain,Away,Arjen Robben,80,80,False,5
2014-0457,2014,2014-06-13,Group stage,Chile,Australia,Home,Alexis Sánchez,12,12,False,1
2014-0457,2014,2014-06-13,Group stage,Chile,Australia,Home,Jorge Valdivia,14,14,False,2
2014-0457,2014,2014-06-13,Group stage,Chile,Australia,Home,Jean Beausejour,90+2,92,True,3
2014-0457,2014,2014-06-13,Group stage,Australia,Chile,Away,Tim Cahill,35,35,False,1
2014-0458,2014,2014-06-12,Group stage,Brazil,Croatia,Home,Neymar,29,29,False,1
2014-0458,2014,2014-06-12,Group stage,Brazil,Croatia,Home,Oscar,90+1,91,True,2
2014-0458,2014,2014-06-12,Group stage,Brazil,Croatia,Home,Neymar,71,71,False,3
2010-0459,2010,2010-07-11,Final,Spain,Netherlands,Away,Andrés Iniesta,116,116,False,1
2010-0460,2010,2010-07-10,Third-place match,Uruguay,Germany,Home,Edinson Cavani,28,28,False,1
2010-0460,2010,2010-07-10,Third-place match,Uruguay,Germany,Home,Diego Forlán,51,51,False,2
2010-0460,2010,2010-07-10,Third-place match,Germany,Uruguay,Away,Thomas Müller,19,19,False,1
2010-0460,2010,2010-07-10,Third-place match,Germany,Uruguay,Away,Marcell Jansen,56,56,False,2
2010-0460,2010,2010-07-10,Third-place match,Germany,Uruguay,Away,Sami Khedira,82,82,False,3
2010-0461,2010,2010-07-07,Semi-finals,Spain,Germany,Away,Carles Puyol,73,73,False,1
2010-0462,2010,2010-07-06,Semi-finals,Uruguay,Netherlands,Home,Diego Forlán,41,41,False,1
2010-0462,2010,2010-07-06,Semi-finals,Uruguay,Netherlands,Home,Maxi Pereira,90+2,92,True,2
2010-0462,2010,2010-07-06,Semi-finals,Netherlands,Uruguay,Away,Giovanni van Bronckhorst,18,18,False,1
2010-0462,2010,2010-07-06,Semi-finals,Netherlands,Uruguay,Away,Wesley Sneijder,70,70,False,2
2010-0462,2010,2010-07-06,Semi-finals,Netherlands,Uruguay,Away,Arjen Robben,73,73,False,3
2010-0463,2010,2010-07-03,Quarter-finals,Germany,Argentina,Away,Thomas Müller,3,3,False,1
2010-0463,2010,2010-07-03,Quarter-finals,Germany,Argentina,Away,Miroslav Klose,68,68,False,2
2010-0463,2010,2010-07-03,Quarter-finals,Germany,Argentina,Away,Arne Friedrich,74,74,False,3
2010-0463,2010,2010-07-03,Quarter-finals,Germany,Argentina,Away,Miroslav Klose,89,89,False,4
2010-0464,2010,2010-07-03,Quarter-finals,Spain,Paraguay,Away,David Villa,83,83,False,1
2010-0465,2010,2010-07-02,Quarter-finals,Netherlands,Brazil,Home,Wesley Sneijder,53,53,False,1
2010-0465,2010,2010-07-02,Quarter-finals,Netherlands,Brazil,Home,Wesley Sneijder,68,68,False,2
2010-0465,2010,2010-07-02,Quarter-finals,Brazil,Netherlands,Away,Robinho,10,10,False,1
2010-0466,2010,2010-07-02,Quarter-finals,Uruguay,Ghana,Home,Diego Forlán,55,55,False,1
2010-0466,2010,2010-07-02,Quarter-finals,Ghana,Uruguay,Away,Sulley Muntari,45+2,47,True,1
2010-0468,2010,2010-06-29,Round of 16,Spain,Portugal,Home,David Villa,63,63,False,1
2010-0469,2010,2010-06-28,Round of 16,Netherlands,Slovakia,Home,Arjen Robben,18,18,False,1
2010-0469,2010,2010-06-28,Round of 16,Netherlands,Slovakia,Home,Wesley Sneijder,84,84,False,2
2010-0469,2010,2010-06-28,Round of 16,Slovakia,Netherlands,Away,Róbert Vittek,90+4,94,True,1
2010-0470,2010,2010-06-28,Round of 16,Brazil,Chile,Home,Juan,35,35,False,1
2010-0470,2010,2010-06-28,Round of 16,Brazil,Chile,Home,Luís Fabiano,38,38,False,2
2010-0470,2010,2010-06-28,Round of 16,Brazil,Chile,Home,Robinho,59,59,False,3
2010-0471,2010,2010-06-27,Round of 16,Germany,England,Home,Miroslav Klose,20,20,False,1
2010-0471,2010,2010-06-27,Round of 16,Germany,England,Home,Lukas Podolski,32,32,False,2
2010-0471,2010,2010-06-27,Round of 16,Germany,England,Home,Thomas Müller,67,67,False,3
2010-0471,2010,2010-06-27,Round of 16,Germany,England,Home,Thomas Müller,70,70,False,4
2010-0471,2010,2010-06-27,Round of 16,England,Germany,Away,Matthew Upson,37,37,False,1
2010-0472,2010,2010-06-27,Round of 16,Argentina,Mexico,Home,Carlos Tevez,26,26,False,1
2010-0472,2010,2010-06-27,Round of 16,Argentina,Mexico,Home,Gonzalo Higuaín,33,33,False,2
2010-0472,2010,2010-06-27,Round of 16,Argentina,Mexico,Home,Carlos Tevez,52,52,False,3
2010-0472,2010,2010-06-27,Round of 16,Mexico,Argentina,Away,Javier Hernández,71,71,False,1
2010-0473,2010,2010-06-26,Round of 16,Uruguay,Korea Republic,Home,Luis Suárez,8,8,False,1
2010-0473,2010,2010-06-26,Round of 16,Uruguay,Korea Republic,Home,Luis Suárez,80,80,False,2
2010-0473,2010,2010-06-26,Round of 16,Korea Republic,Uruguay,Away,Lee Chung-yong,68,68,False,1
2010-0474,2010,2010-06-26,Round of 16,United States,Ghana,Home,Landon Donovan,62,62,False,1
2010-0474,2010,2010-06-26,Round of 16,Ghana,United States,Away,Kevin-Prince Boateng,5,5,False,1
2010-0474,2010,2010-06-26,Round of 16,Ghana,United States,Away,Asamoah Gyan,93,93,False,2
2010-0476,2010,2010-06-25,Group stage,Côte d'Ivoire,Korea DPR,Away,Yaya Touré,14,14,False,1
2010-0476,2010,2010-06-25,Group stage,Côte d'Ivoire,Korea DPR,Away,Romaric,20,20,False,2
2010-0476,2010,2010-06-25,Group stage,Côte d'Ivoire,Korea DPR,Away,Salomon Kalou,82,82,False,3
2010-0477,2010,2010-06-25,Group stage,Chile,Spain,Home,Rodrigo Millar,47,47,False,1
2010-0477,2010,2010-06-25,Group stage,Spain,Chile,Away,David Villa,24,24,False,1
2010-0477,2010,2010-06-25,Group stage,Spain,Chile,Away,Andrés Iniesta,37,37,False,2
2010-0480,2010,2010-06-24,Group stage,Slovakia,Italy,Home,Róbert Vittek,25,25,False,1
2010-0480,2010,2010-06-24,Group stage,Slovakia,Italy,Home,Róbert Vittek,73,73,False,2
2010-0480,2010,2010-06-24,Group stage,Slovakia,Italy,Home,Kamil Kopúnek,89,89,False,3
2010-0480,2010,2010-06-24,Group stage,Italy,Slovakia,Away,Antonio Di Natale,81,81,False,1
2010-0480,2010,2010-06-24,Group stage,Italy,Slovakia,Away,Fabio Quagliarella,90+2,92,True,2
2010-0481,2010,2010-06-24,Group stage,Denmark,Japan,Home,Jon Dahl Tomasson,81,81,False,1
2010-0481,2010,2010-06-24,Group stage,Japan,Denmark,Away,Keisuke Honda,17,17,False,1
2010-0481,2010,2010-06-24,Group stage,Japan,Denmark,Away,Yasuhito End,30,30,False,2
2010-0481,2010,2010-06-24,Group stage,Japan,Denmark,Away,Shinji Okazaki,87,87,False,3
2010-0482,2010,2010-06-24,Group stage,Cameroon,Netherlands,Home,Samuel Eto'o,65,65,False,1
2010-0482,2010,2010-06-24,Group stage,Netherlands,Cameroon,Away,Robin van Persie,36,36,False,1
2010-0482,2010,2010-06-24,Group stage,Netherlands,Cameroon,Away,Klaas-Jan Huntelaar,83,83,False,2
2010-0483,2010,2010-06-23,Group stage,England,Slovenia,Away,Jermain Defoe,23,23,False,1
2010-0484,2010,2010-06-23,Group stage,United States,Algeria,Home,Landon Donovan,90+1,91,True,1
2010-0485,2010,2010-06-23,Group stage,Germany,Ghana,Away,Mesut Özil,60,60,False,1
2010-0486,2010,2010-06-23,Group stage,Australia,Serbia,Home,Tim Cahill,69,69,False,1
2010-0486,2010,2010-06-23,Group stage,Australia,Serbia,Home,Brett Holman,73,73,False,2
2010-0486,2010,2010-06-23,Group stage,Serbia,Australia,Away,Marko Panteli,84,84,False,1
2010-0487,2010,2010-06-22,Group stage,Uruguay,Mexico,Away,Luis Suárez,43,43,False,1
2010-0488,2010,2010-06-22,Group stage,France,South Africa,Home,Florent Malouda,70,70,False,1
2010-0488,2010,2010-06-22,Group stage,South Africa,France,Away,Bongani Khumalo,20,20,False,1
2010-0488,2010,2010-06-22,Group stage,South Africa,France,Away,Katlego Mphela,37,37,False,2
2010-0489,2010,2010-06-22,Group stage,Nigeria,Korea Republic,Home,Kalu Uche,12,12,False,1
2010-0489,2010,2010-06-22,Group stage,Nigeria,Korea Republic,Home,Yakubu Aiyegbeni,69,69,False,2
2010-0489,2010,2010-06-22,Group stage,Korea Republic,Nigeria,Away,Lee Jung-soo,38,38,False,1
2010-0489,2010,2010-06-22,Group stage,Korea Republic,Nigeria,Away,Park Chu-young,49,49,False,2
2010-0490,2010,2010-06-22,Group stage,Argentina,Greece,Away,Martín Demichelis,77,77,False,1
2010-0490,2010,2010-06-22,Group stage,Argentina,Greece,Away,Martín Palermo,89,89,False,2
2010-0491,2010,2010-06-21,Group stage,Portugal,Korea DPR,Home,Raul Meireles,29,29,False,1
2010-0491,2010,2010-06-21,Group stage,Portugal,Korea DPR,Home,Simão Sabrosa,53,53,False,2
2010-0491,2010,2010-06-21,Group stage,Portugal,Korea DPR,Home,Hugo Almeida,56,56,False,3
2010-0491,2010,2010-06-21,Group stage,Portugal,Korea DPR,Home,Tiago Mendes,60,60,False,4
2010-0491,2010,2010-06-21,Group stage,Portugal,Korea DPR,Home,Liédson,81,81,False,5
2010-0491,2010,2010-06-21,Group stage,Portugal,Korea DPR,Home,Cristiano Ronaldo,87,87,False,6
2010-0491,2010,2010-06-21,Group stage,Portugal,Korea DPR,Home,Tiago Mendes,89,89,False,7
2010-0492,2010,2010-06-21,Group stage,Chile,Switzerland,Home,Mark González,75,75,False,1
1982-0493,1982,1982-07-11,Final,Italy,West Germany,Home,Paolo Rossi,57,57,False,1
1982-0493,1982,1982-07-11,Final,Italy,West Germany,Home,Marco Tardelli,69,69,False,2
1982-0493,1982,1982-07-11,Final,Italy,West Germany,Home,Alessandro Altobelli,81,81,False,3
1982-0493,1982,1982-07-11,Final,West Germany,Italy,Away,Paul Breitner,83,83,False,1
1982-0494,1982,1982-07-10,Third-place match,Poland,France,Home,Andrzej Szarmach,40,40,False,1
1982-0494,1982,1982-07-10,Third-place match,Poland,France,Home,Stefan Majewski,44,44,False,2
1982-0494,1982,1982-07-10,Third-place match,Poland,France,Home,Janusz Kupcewicz,46,46,False,3
1982-0494,1982,1982-07-10,Third-place match,France,Poland,Away,René Girard,13,13,False,1
1982-0494,1982,1982-07-10,Third-place match,France,Poland,Away,Alain Couriol,72,72,False,2
1982-0495,1982,1982-07-08,Semi-finals,Italy,Poland,Away,Paolo Rossi,22,22,False,1
1982-0495,1982,1982-07-08,Semi-finals,Italy,Poland,Away,Paolo Rossi,73,73,False,2
1982-0496,1982,1982-07-08,Semi-finals,West Germany,France,Home,Pierre Littbarski,17,17,False,1
1982-0496,1982,1982-07-08,Semi-finals,West Germany,France,Home,Karl-Heinz Rummenigge,102,102,False,2
1982-0496,1982,1982-07-08,Semi-finals,West Germany,France,Home,Klaus Fischer,108,108,False,3
1982-0496,1982,1982-07-08,Semi-finals,France,West Germany,Away,Marius Trésor,92,92,False,1
1982-0496,1982,1982-07-08,Semi-finals,France,West Germany,Away,Alain Giresse,98,98,False,2
1982-0496,1982,1982-07-08,Semi-finals,France,West Germany,Away,Michel Platini,26,26,False,3
1982-0497,1982,1982-07-05,Second group stage,Italy,Brazil,Home,Paolo Rossi,5,5,False,1
1982-0497,1982,1982-07-05,Second group stage,Italy,Brazil,Home,Paolo Rossi,25,25,False,2
1982-0497,1982,1982-07-05,Second group stage,Italy,Brazil,Home,Paolo Rossi,74,74,False,3
1982-0497,1982,1982-07-05,Second group stage,Brazil,Italy,Away,Sócrates,12,12,False,1
1982-0497,1982,1982-07-05,Second group stage,Brazil,Italy,Away,Paulo Roberto Falcão,68,68,False,2
1982-0499,1982,1982-07-04,Second group stage,France,Northern Ireland,Home,Alain Giresse,33,33,False,1
1982-0499,1982,1982-07-04,Second group stage,France,Northern Ireland,Home,Dominique Rocheteau,46,46,False,2
1982-0499,1982,1982-07-04,Second group stage,France,Northern Ireland,Home,Dominique Rocheteau,68,68,False,3
1982-0499,1982,1982-07-04,Second group stage,France,Northern Ireland,Home,Alain Giresse,80,80,False,4
1982-0499,1982,1982-07-04,Second group stage,Northern Ireland,France,Away,Gerry Armstrong,75,75,False,1
1982-0501,1982,1982-07-02,Second group stage,Argentina,Brazil,Home,Ramón Díaz,89,89,False,1
1982-0501,1982,1982-07-02,Second group stage,Brazil,Argentina,Away,Zico,11,11,False,1
1982-0501,1982,1982-07-02,Second group stage,Brazil,Argentina,Away,Serginho Chulapa,66,66,False,2
1982-0501,1982,1982-07-02,Second group stage,Brazil,Argentina,Away,Leovegildo Lins da Gama Júnior,75,75,False,3
1982-0502,1982,1982-07-02,Second group stage,West Germany,Spain,Home,Pierre Littbarski,50,50,False,1
1982-0502,1982,1982-07-02,Second group stage,West Germany,Spain,Home,Klaus Fischer,75,75,False,2
1982-0502,1982,1982-07-02,Second group stage,Spain,West Germany,Away,Jesús María Zamora,82,82,False,1
1982-0503,1982,1982-07-01,Second group stage,Austria,Northern Ireland,Home,Bruno Pezzey,50,50,False,1
1982-0503,1982,1982-07-01,Second group stage,Austria,Northern Ireland,Home,Reinhold Hintermaier,68,68,False,2
1982-0503,1982,1982-07-01,Second group stage,Northern Ireland,Austria,Away,Billy Hamilton,27,27,False,1
1982-0503,1982,1982-07-01,Second group stage,Northern Ireland,Austria,Away,Billy Hamilton,75,75,False,2
1982-0504,1982,1982-07-01,Second group stage,Soviet Union,Belgium,Away,Khoren Oganesian,48,48,False,1
1982-0505,1982,1982-06-29,Second group stage,Italy,Argentina,Home,Marco Tardelli,57,57,False,1
1982-0505,1982,1982-06-29,Second group stage,Italy,Argentina,Home,Antonio Cabrini,67,67,False,2
1982-0505,1982,1982-06-29,Second group stage,Argentina,Italy,Away,Daniel Passarella,83,83,False,1
1982-0507,1982,1982-06-28,Second group stage,France,Austria,Away,Bernard Genghini,39,39,False,1
1982-0508,1982,1982-06-28,Second group stage,Poland,Belgium,Home,Zbigniew Boniek,4,4,False,1
1982-0508,1982,1982-06-28,Second group stage,Poland,Belgium,Home,Zbigniew Boniek,26,26,False,2
1982-0508,1982,1982-06-28,Second group stage,Poland,Belgium,Home,Zbigniew Boniek,53,53,False,3
1982-0509,1982,1982-06-25,First group stage,England,Kuwait,Home,Trevor Francis,27,27,False,1
1982-0510,1982,1982-06-25,First group stage,West Germany,Austria,Home,Horst Hrubesch,10,10,False,1
1982-0511,1982,1982-06-25,First group stage,Northern Ireland,Spain,Home,Gerry Armstrong,47,47,False,1
1982-0512,1982,1982-06-24,First group stage,France,Czechoslovakia,Home,Didier Six,66,66,False,1
1982-0512,1982,1982-06-24,First group stage,Czechoslovakia,France,Away,Antonín Panenka,84,84,False,1
1982-0513,1982,1982-06-24,First group stage,Algeria,Chile,Home,Salah Assad,7,7,False,1
1982-0513,1982,1982-06-24,First group stage,Algeria,Chile,Home,Salah Assad,31,31,False,2
1982-0513,1982,1982-06-24,First group stage,Algeria,Chile,Home,Tedj Bensaoula,35,35,False,3
1982-0513,1982,1982-06-24,First group stage,Chile,Algeria,Away,Juan Carlos Letelier,73,73,False,1
1982-0513,1982,1982-06-24,First group stage,Chile,Algeria,Away,Miguel Ángel Neira,59,59,False,2
1982-0514,1982,1982-06-24,First group stage,Yugoslavia,Honduras,Away,Vladimir Petrovi,88,88,False,1
1982-0515,1982,1982-06-23,First group stage,Italy,Cameroon,Home,Francesco Graziani,60,60,False,1
1982-0515,1982,1982-06-23,First group stage,Cameroon,Italy,Away,Grégoire M'Bida,61,61,False,1
1982-0516,1982,1982-06-23,First group stage,Argentina,El Salvador,Home,Daniel Bertoni,54,54,False,1
1982-0516,1982,1982-06-23,First group stage,Argentina,El Salvador,Home,Daniel Passarella,22,22,False,2
1982-0517,1982,1982-06-23,First group stage,Brazil,New Zealand,Home,Zico,28,28,False,1
1982-0517,1982,1982-06-23,First group stage,Brazil,New Zealand,Home,Zico,31,31,False,2
1982-0517,1982,1982-06-23,First group stage,Brazil,New Zealand,Home,Paulo Roberto Falcão,64,64,False,3
1982-0517,1982,1982-06-23,First group stage,Brazil,New Zealand,Home,Serginho Chulapa,70,70,False,4
1982-0518,1982,1982-06-22,First group stage,Poland,Peru,Home,Wodzimierz Smolarek,55,55,False,1
1982-0518,1982,1982-06-22,First group stage,Poland,Peru,Home,Grzegorz Lato,58,58,False,2
1982-0518,1982,1982-06-22,First group stage,Poland,Peru,Home,Zbigniew Boniek,61,61,False,3
1982-0518,1982,1982-06-22,First group stage,Poland,Peru,Home,Andrzej Buncol,68,68,False,4
1982-0518,1982,1982-06-22,First group stage,Poland,Peru,Home,Wodzimierz Cioek,76,76,False,5
1982-0518,1982,1982-06-22,First group stage,Peru,Poland,Away,Guillermo La Rosa,83,83,False,1
1982-0519,1982,1982-06-22,First group stage,Belgium,Hungary,Home,Alexandre Czerniatynski,76,76,False,1
1982-0519,1982,1982-06-22,First group stage,Hungary,Belgium,Away,József Varga,27,27,False,1
1982-0520,1982,1982-06-22,First group stage,Soviet Union,Scotland,Home,Aleksandre Chivadze,59,59,False,1
1982-0520,1982,1982-06-22,First group stage,Soviet Union,Scotland,Home,Ramaz Shengelia,84,84,False,2
1982-0520,1982,1982-06-22,First group stage,Scotland,Soviet Union,Away,Joe Jordan,15,15,False,1
1982-0520,1982,1982-06-22,First group stage,Scotland,Soviet Union,Away,Graeme Souness,86,86,False,2
1982-0521,1982,1982-06-21,First group stage,Austria,Algeria,Away,Walter Schachner,55,55,False,1
1982-0521,1982,1982-06-21,First group stage,Austria,Algeria,Away,Hans Krankl,67,67,False,2
1982-0522,1982,1982-06-21,First group stage,France,Kuwait,Home,Bernard Genghini,31,31,False,1
1982-0522,1982,1982-06-21,First group stage,France,Kuwait,Home,Michel Platini,43,43,False,2
1982-0522,1982,1982-06-21,First group stage,France,Kuwait,Home,Didier Six,48,48,False,3
1982-0522,1982,1982-06-21,First group stage,France,Kuwait,Home,Maxime Bossis,89,89,False,4
1982-0522,1982,1982-06-21,First group stage,Kuwait,France,Away,Abdullah Al-Buloushi,75,75,False,1
1982-0523,1982,1982-06-21,First group stage,Honduras,Northern Ireland,Home,Eduardo Laing,60,60,False,1
1982-0523,1982,1982-06-21,First group stage,Northern Ireland,Honduras,Away,Gerry Armstrong,9,9,False,1
1982-0524,1982,1982-06-20,First group stage,West Germany,Chile,Home,Karl-Heinz Rummenigge,9,9,False,1
1982-0524,1982,1982-06-20,First group stage,West Germany,Chile,Home,Karl-Heinz Rummenigge,57,57,False,2
1982-0524,1982,1982-06-20,First group stage,West Germany,Chile,Home,Karl-Heinz Rummenigge,66,66,False,3
1982-0524,1982,1982-06-20,First group stage,West Germany,Chile,Home,Uwe Reinders,83,83,False,4
1982-0524,1982,1982-06-20,First group stage,Chile,West Germany,Away,Gustavo Moscoso,90,90,False,1
1982-0525,1982,1982-06-20,First group stage,England,Czechoslovakia,Home,Trevor Francis,62,62,False,1
1982-0526,1982,1982-06-20,First group stage,Spain,Yugoslavia,Home,Enrique Saura,66,66,False,1
1982-0526,1982,1982-06-20,First group stage,Spain,Yugoslavia,Home,Juanito,14,14,False,2
1982-0526,1982,1982-06-20,First group stage,Yugoslavia,Spain,Away,Ivan Gudelj,10,10,False,1
1982-0528,1982,1982-06-19,First group stage,Soviet Union,New Zealand,Home,Yuri Gavrilov,24,24,False,1
1982-0528,1982,1982-06-19,First group stage,Soviet Union,New Zealand,Home,Oleh Blokhin,48,48,False,2
1982-0528,1982,1982-06-19,First group stage,Soviet Union,New Zealand,Home,Sergei Pavlovich Baltacha,68,68,False,3
1982-0529,1982,1982-06-19,First group stage,Belgium,El Salvador,Home,Ludo Coeck,19,19,False,1
1982-0530,1982,1982-06-18,First group stage,Italy,Peru,Home,Bruno Conti,18,18,False,1
1982-0530,1982,1982-06-18,First group stage,Peru,Italy,Away,Rubén Toribio Díaz,83,83,False,1
1982-0531,1982,1982-06-18,First group stage,Brazil,Scotland,Home,Zico,33,33,False,1
1982-0531,1982,1982-06-18,First group stage,Brazil,Scotland,Home,Oscar,48,48,False,2
1982-0531,1982,1982-06-18,First group stage,Brazil,Scotland,Home,Éder Aleixo de Assis,63,63,False,3
1982-0531,1982,1982-06-18,First group stage,Brazil,Scotland,Home,Paulo Roberto Falcão,87,87,False,4
1982-0531,1982,1982-06-18,First group stage,Scotland,Brazil,Away,David Narey,18,18,False,1
1982-0532,1982,1982-06-18,First group stage,Argentina,Hungary,Home,Daniel Bertoni,26,26,False,1
1982-0532,1982,1982-06-18,First group stage,Argentina,Hungary,Home,Diego Maradona,28,28,False,2
1982-0532,1982,1982-06-18,First group stage,Argentina,Hungary,Home,Diego Maradona,57,57,False,3
1982-0532,1982,1982-06-18,First group stage,Argentina,Hungary,Home,Osvaldo Ardiles,60,60,False,4
1982-0532,1982,1982-06-18,First group stage,Hungary,Argentina,Away,Gábor Pölöskei,76,76,False,1
1982-0533,1982,1982-06-17,First group stage,Austria,Chile,Away,Walter Schachner,22,22,False,1
1982-0534,1982,1982-06-17,First group stage,Czechoslovakia,Kuwait,Home,Antonín Panenka,21,21,False,1
1982-0534,1982,1982-06-17,First group stage,Kuwait,Czechoslovakia,Away,Faisal Al-Dakhil,57,57,False,1
2006-0536,2006,2006-06-20,Group stage,Germany,Ecuador,Away,Miroslav Klose,4,4,False,1
2006-0536,2006,2006-06-20,Group stage,Germany,Ecuador,Away,Miroslav Klose,44,44,False,2
2006-0536,2006,2006-06-20,Group stage,Germany,Ecuador,Away,Lukas Podolski,57,57,False,3
2006-0537,2006,2006-06-20,Group stage,Paraguay,Trinidad and Tobago,Home,Nelson Cuevas,86,86,False,1
2006-0538,2006,2006-06-20,Group stage,Sweden,England,Home,Marcus Allbäck,51,51,False,1
2006-0538,2006,2006-06-20,Group stage,Sweden,England,Home,Henrik Larsson,90,90,False,2
2006-0538,2006,2006-06-20,Group stage,England,Sweden,Away,Joe Cole,34,34,False,1
2006-0538,2006,2006-06-20,Group stage,England,Sweden,Away,Steven Gerrard,85,85,False,2
2006-0539,2006,2006-06-19,Group stage,Switzerland,Togo,Away,Alexander Frei,16,16,False,1
2006-0539,2006,2006-06-19,Group stage,Switzerland,Togo,Away,Tranquillo Barnetta,88,88,False,2
2006-0540,2006,2006-06-19,Group stage,Ukraine,Saudi Arabia,Away,Andriy Rusol,4,4,False,1
2006-0540,2006,2006-06-19,Group stage,Ukraine,Saudi Arabia,Away,Serhiy Rebrov,36,36,False,2
2006-0540,2006,2006-06-19,Group stage,Ukraine,Saudi Arabia,Away,Andriy Shevchenko,46,46,False,3
2006-0540,2006,2006-06-19,Group stage,Ukraine,Saudi Arabia,Away,Maksym Kalynychenko,84,84,False,4
2006-0541,2006,2006-06-19,Group stage,Spain,Tunisia,Home,Raúl,71,71,False,1
2006-0541,2006,2006-06-19,Group stage,Spain,Tunisia,Home,Fernando Torres,76,76,False,2
2006-0541,2006,2006-06-19,Group stage,Spain,Tunisia,Home,Fernando Torres,90+1,91,True,3
2006-0541,2006,2006-06-19,Group stage,Tunisia,Spain,Away,Jawhar Mnari,8,8,False,1
2006-0543,2006,2006-06-18,Group stage,Brazil,Australia,Home,Adriano,49,49,False,1
2006-0543,2006,2006-06-18,Group stage,Brazil,Australia,Home,Fred,90,90,False,2
2006-0544,2006,2006-06-18,Group stage,France,Korea Republic,Home,Thierry Henry,9,9,False,1
2006-0544,2006,2006-06-18,Group stage,Korea Republic,France,Away,Park Ji-sung,81,81,False,1
2006-0545,2006,2006-06-17,Group stage,Portugal,IR Iran,Home,Deco,63,63,False,1
2006-0545,2006,2006-06-17,Group stage,Portugal,IR Iran,Home,Cristiano Ronaldo,80,80,False,2
2006-0546,2006,2006-06-17,Group stage,Ghana,Czech Republic,Away,Asamoah Gyan,2,2,False,1
2006-0546,2006,2006-06-17,Group stage,Ghana,Czech Republic,Away,Sulley Muntari,82,82,False,2
2006-0547,2006,2006-06-17,Group stage,Italy,United States,Home,Alberto Gilardino,22,22,False,1
2006-0548,2006,2006-06-16,Group stage,Argentina,Serbia and Montenegro,Home,Maxi Rodríguez,6,6,False,1
2006-0548,2006,2006-06-16,Group stage,Argentina,Serbia and Montenegro,Home,Esteban Cambiasso,31,31,False,2
2006-0548,2006,2006-06-16,Group stage,Argentina,Serbia and Montenegro,Home,Maxi Rodríguez,41,41,False,3
2006-0548,2006,2006-06-16,Group stage,Argentina,Serbia and Montenegro,Home,Hernán Crespo,78,78,False,4
2006-0548,2006,2006-06-16,Group stage,Argentina,Serbia and Montenegro,Home,Carlos Tevez,84,84,False,5
2006-0548,2006,2006-06-16,Group stage,Argentina,Serbia and Montenegro,Home,Lionel Messi,88,88,False,6
1994-0549,1994,1994-06-26,Group stage,Colombia,Switzerland,Away,Hernán Gaviria,44,44,False,1
1994-0549,1994,1994-06-26,Group stage,Colombia,Switzerland,Away,John Harold Lozano,90,90,False,2
1994-0550,1994,1994-06-25,Group stage,Belgium,Netherlands,Home,Philippe Albert,65,65,False,1
1994-0551,1994,1994-06-25,Group stage,Saudi Arabia,Morocco,Home,Fuad Anwar,45,45,False,1
1994-0551,1994,1994-06-25,Group stage,Saudi Arabia,Morocco,Home,Sami Al-Jaber,7,7,False,2
1994-0551,1994,1994-06-25,Group stage,Morocco,Saudi Arabia,Away,Mohammed Chaouch,26,26,False,1
1994-0552,1994,1994-06-25,Group stage,Argentina,Nigeria,Home,Claudio Caniggia,21,21,False,1
1994-0552,1994,1994-06-25,Group stage,Argentina,Nigeria,Home,Claudio Caniggia,28,28,False,2
1994-0552,1994,1994-06-25,Group stage,Nigeria,Argentina,Away,Samson Siasia,8,8,False,1
1994-0553,1994,1994-06-24,Group stage,Mexico,Republic of Ireland,Home,Luis García Postigo,42,42,False,1
1994-0553,1994,1994-06-24,Group stage,Mexico,Republic of Ireland,Home,Luis García Postigo,65,65,False,2
1994-0553,1994,1994-06-24,Group stage,Republic of Ireland,Mexico,Away,John Aldridge,84,84,False,1
1994-0554,1994,1994-06-24,Group stage,Brazil,Cameroon,Home,Romário,39,39,False,1
1994-0554,1994,1994-06-24,Group stage,Brazil,Cameroon,Home,Márcio Santos,66,66,False,2
1994-0554,1994,1994-06-24,Group stage,Brazil,Cameroon,Home,Bebeto,73,73,False,3
1994-0555,1994,1994-06-24,Group stage,Sweden,Russia,Home,Martin Dahlin,59,59,False,1
1994-0555,1994,1994-06-24,Group stage,Sweden,Russia,Home,Martin Dahlin,81,81,False,2
1994-0555,1994,1994-06-24,Group stage,Sweden,Russia,Home,Tomas Brolin,37,37,False,3
1994-0555,1994,1994-06-24,Group stage,Russia,Sweden,Away,Oleg Salenko,4,4,False,1
1994-0556,1994,1994-06-23,Group stage,Italy,Norway,Home,Dino Baggio,69,69,False,1
1994-0558,1994,1994-06-22,Group stage,Romania,Switzerland,Home,Gheorghe Hagi,35,35,False,1
1994-0558,1994,1994-06-22,Group stage,Switzerland,Romania,Away,Alain Sutter,16,16,False,1
1994-0558,1994,1994-06-22,Group stage,Switzerland,Romania,Away,Stéphane Chapuisat,52,52,False,2
1994-0558,1994,1994-06-22,Group stage,Switzerland,Romania,Away,Adrian Knup,65,65,False,3
1994-0558,1994,1994-06-22,Group stage,Switzerland,Romania,Away,Adrian Knup,72,72,False,4
1994-0559,1994,1994-06-22,Group stage,United States,Colombia,Home,Earnie Stewart,52,52,False,1
1994-0559,1994,1994-06-22,Group stage,Colombia,United States,Away,Adolfo Valencia,90,90,False,1
1994-0560,1994,1994-06-21,Group stage,Argentina,Greece,Home,Gabriel Batistuta,2,2,False,1
1994-0560,1994,1994-06-21,Group stage,Argentina,Greece,Home,Gabriel Batistuta,44,44,False,2
1994-0560,1994,1994-06-21,Group stage,Argentina,Greece,Home,Diego Maradona,60,60,False,3
1994-0560,1994,1994-06-21,Group stage,Argentina,Greece,Home,Gabriel Batistuta,90,90,False,4
1994-0561,1994,1994-06-21,Group stage,Germany,Spain,Home,Jürgen Klinsmann,48,48,False,1
1994-0561,1994,1994-06-21,Group stage,Spain,Germany,Away,Ion Andoni Goikoetxea,14,14,False,1
1994-0562,1994,1994-06-21,Group stage,Nigeria,Bulgaria,Home,Rashidi Yekini,21,21,False,1
1994-0562,1994,1994-06-21,Group stage,Nigeria,Bulgaria,Home,Daniel Amokachi,43,43,False,2
1994-0562,1994,1994-06-21,Group stage,Nigeria,Bulgaria,Home,Emmanuel Amunike,55,55,False,3
1994-0563,1994,1994-06-20,Group stage,Brazil,Russia,Home,Romário,26,26,False,1
1994-0563,1994,1994-06-20,Group stage,Brazil,Russia,Home,Raí,52,52,False,2
1994-0564,1994,1994-06-20,Group stage,Netherlands,Saudi Arabia,Home,Wim Jonk,50,50,False,1
1994-0564,1994,1994-06-20,Group stage,Netherlands,Saudi Arabia,Home,Gaston Taument,86,86,False,2
1994-0564,1994,1994-06-20,Group stage,Saudi Arabia,Netherlands,Away,Fuad Anwar,18,18,False,1
1994-0565,1994,1994-06-19,Group stage,Belgium,Morocco,Home,Marc Degryse,11,11,False,1
1994-0566,1994,1994-06-19,Group stage,Norway,Mexico,Home,Kjetil Rekdal,84,84,False,1
1994-0567,1994,1994-06-19,Group stage,Cameroon,Sweden,Home,David Embé,31,31,False,1
1994-0567,1994,1994-06-19,Group stage,Cameroon,Sweden,Home,François Omam-Biyik,47,47,False,2
1994-0567,1994,1994-06-19,Group stage,Sweden,Cameroon,Away,Roger Ljung,8,8,False,1
1994-0567,1994,1994-06-19,Group stage,Sweden,Cameroon,Away,Martin Dahlin,75,75,False,2
1994-0568,1994,1994-06-18,Group stage,United States,Switzerland,Home,Eric Wynalda,44,44,False,1
1994-0568,1994,1994-06-18,Group stage,Switzerland,United States,Away,Georges Bregy,39,39,False,1
1994-0569,1994,1994-06-18,Group stage,Republic of Ireland,Italy,Away,Ray Houghton,11,11,False,1
1994-0570,1994,1994-06-18,Group stage,Colombia,Romania,Home,Adolfo Valencia,43,43,False,1
1994-0570,1994,1994-06-18,Group stage,Romania,Colombia,Away,Florin Rducioiu,15,15,False,1
1994-0570,1994,1994-06-18,Group stage,Romania,Colombia,Away,Gheorghe Hagi,34,34,False,2
1994-0570,1994,1994-06-18,Group stage,Romania,Colombia,Away,Florin Rducioiu,89,89,False,3
1994-0571,1994,1994-06-17,Group stage,Germany,Bolivia,Home,Jürgen Klinsmann,61,61,False,1
1994-0573,1994,1994-06-17,Group stage,Spain,Korea Republic,Home,Julio Salinas,51,51,False,1
1994-0573,1994,1994-06-17,Group stage,Spain,Korea Republic,Home,Ion Andoni Goikoetxea,55,55,False,2
1994-0573,1994,1994-06-17,Group stage,Korea Republic,Spain,Away,Hong Myung-bo,85,85,False,1
1994-0573,1994,1994-06-17,Group stage,Korea Republic,Spain,Away,Seo Jung-won,90,90,False,2
1986-0574,1986,1986-06-18,Round of 16,England,Paraguay,Home,Gary Lineker,31,31,False,1
1986-0574,1986,1986-06-18,Round of 16,England,Paraguay,Home,Peter Beardsley,56,56,False,2
1986-0574,1986,1986-06-18,Round of 16,England,Paraguay,Home,Gary Lineker,72,72,False,3
1990-0575,1990,1990-07-08,Final,West Germany,Argentina,Home,Andreas Brehme,85,85,False,1
1986-0576,1986,1986-06-18,Round of 16,Denmark,Spain,Home,Jesper Olsen,33,33,False,1
1986-0576,1986,1986-06-18,Round of 16,Spain,Denmark,Away,Emilio Butragueño,43,43,False,1
1986-0576,1986,1986-06-18,Round of 16,Spain,Denmark,Away,Emilio Butragueño,57,57,False,2
1986-0576,1986,1986-06-18,Round of 16,Spain,Denmark,Away,Emilio Butragueño,80,80,False,3
1986-0576,1986,1986-06-18,Round of 16,Spain,Denmark,Away,Andoni Goikoetxea,68,68,False,4
1986-0576,1986,1986-06-18,Round of 16,Spain,Denmark,Away,Emilio Butragueño,89,89,False,5
1990-0577,1990,1990-07-07,Third-place match,Italy,England,Home,Roberto Baggio,71,71,False,1
1990-0577,1990,1990-07-07,Third-place match,Italy,England,Home,Salvatore Schillaci,86,86,False,2
1990-0577,1990,1990-07-07,Third-place match,England,Italy,Away,David Platt,81,81,False,1
1986-0578,1986,1986-06-17,Round of 16,France,Italy,Away,Michel Platini,15,15,False,1
1986-0578,1986,1986-06-17,Round of 16,France,Italy,Away,Yannick Stopyra,57,57,False,2
1990-0579,1990,1990-07-04,Semi-finals,West Germany,England,Home,Andreas Brehme,60,60,False,1
1990-0579,1990,1990-07-04,Semi-finals,England,West Germany,Away,Gary Lineker,80,80,False,1
1986-0580,1986,1986-06-17,Round of 16,West Germany,Morocco,Away,Lothar Matthäus,88,88,False,1
1990-0581,1990,1990-07-03,Semi-finals,Italy,Argentina,Home,Salvatore Schillaci,17,17,False,1
1990-0581,1990,1990-07-03,Semi-finals,Argentina,Italy,Away,Claudio Caniggia,67,67,False,1
1986-0582,1986,1986-06-16,Round of 16,Brazil,Poland,Home,Josimar,55,55,False,1
1986-0582,1986,1986-06-16,Round of 16,Brazil,Poland,Home,Edinho,79,79,False,2
1986-0582,1986,1986-06-16,Round of 16,Brazil,Poland,Home,Sócrates,30,30,False,3
1986-0582,1986,1986-06-16,Round of 16,Brazil,Poland,Home,Careca,83,83,False,4
1990-0583,1990,1990-07-01,Quarter-finals,West Germany,Czechoslovakia,Home,Lothar Matthäus,25,25,False,1
1986-0584,1986,1986-06-16,Round of 16,Argentina,Uruguay,Home,Pedro Pasculli,42,42,False,1
1990-0585,1990,1990-07-01,Quarter-finals,England,Cameroon,Home,David Platt,25,25,False,1
1990-0585,1990,1990-07-01,Quarter-finals,England,Cameroon,Home,Gary Lineker,83,83,False,2
1990-0585,1990,1990-07-01,Quarter-finals,England,Cameroon,Home,Gary Lineker,105,105,False,3
1990-0585,1990,1990-07-01,Quarter-finals,Cameroon,England,Away,Eugène Ekéké,65,65,False,1
1990-0585,1990,1990-07-01,Quarter-finals,Cameroon,England,Away,Emmanuel Kundé,61,61,False,2
1986-0586,1986,1986-06-15,Round of 16,Mexico,Bulgaria,Home,Manuel Negrete Arias,34,34,False,1
1986-0586,1986,1986-06-15,Round of 16,Mexico,Bulgaria,Home,Raúl Servín,61,61,False,2
1986-0588,1986,1986-06-15,Round of 16,Soviet Union,Belgium,Home,Igor Belanov,27,27,False,1
1986-0588,1986,1986-06-15,Round of 16,Soviet Union,Belgium,Home,Igor Belanov,70,70,False,2
1986-0588,1986,1986-06-15,Round of 16,Soviet Union,Belgium,Home,Igor Belanov,111,111,False,3
1986-0588,1986,1986-06-15,Round of 16,Belgium,Soviet Union,Away,Enzo Scifo,56,56,False,1
1986-0588,1986,1986-06-15,Round of 16,Belgium,Soviet Union,Away,Jan Ceulemans,77,77,False,2
1986-0588,1986,1986-06-15,Round of 16,Belgium,Soviet Union,Away,Stéphane Demol,102,102,False,3
1986-0588,1986,1986-06-15,Round of 16,Belgium,Soviet Union,Away,Nico Claesen,110,110,False,4
1986-0590,1986,1986-06-13,Group stage,Denmark,West Germany,Home,John Eriksen,62,62,False,1
1986-0590,1986,1986-06-13,Group stage,Denmark,West Germany,Home,Jesper Olsen,43,43,False,2
1986-0591,1986,1986-06-12,Group stage,Spain,Algeria,Away,Ramón Calderé,15,15,False,1
1986-0591,1986,1986-06-12,Group stage,Spain,Algeria,Away,Ramón Calderé,68,68,False,2
1986-0591,1986,1986-06-12,Group stage,Spain,Algeria,Away,Eloy Olaya,70,70,False,3
1986-0592,1986,1986-06-12,Group stage,Brazil,Northern Ireland,Away,Careca,15,15,False,1
1986-0592,1986,1986-06-12,Group stage,Brazil,Northern Ireland,Away,Josimar,42,42,False,2
1986-0592,1986,1986-06-12,Group stage,Brazil,Northern Ireland,Away,Careca,87,87,False,3
1986-0593,1986,1986-06-11,Group stage,Paraguay,Belgium,Home,Roberto Cabañas,50,50,False,1
1986-0593,1986,1986-06-11,Group stage,Paraguay,Belgium,Home,Roberto Cabañas,76,76,False,2
1986-0593,1986,1986-06-11,Group stage,Belgium,Paraguay,Away,Franky Vercauteren,30,30,False,1
1986-0593,1986,1986-06-11,Group stage,Belgium,Paraguay,Away,Daniel Veyt,59,59,False,2
1986-0594,1986,1986-06-11,Group stage,Mexico,Iraq,Away,Fernando Quirarte,54,54,False,1
1986-0595,1986,1986-06-11,Group stage,England,Poland,Home,Gary Lineker,9,9,False,1
1986-0595,1986,1986-06-11,Group stage,England,Poland,Home,Gary Lineker,14,14,False,2
1986-0595,1986,1986-06-11,Group stage,England,Poland,Home,Gary Lineker,34,34,False,3
1986-0596,1986,1986-06-11,Group stage,Portugal,Morocco,Home,Diamantino Miranda,79,79,False,1
1986-0596,1986,1986-06-11,Group stage,Morocco,Portugal,Away,Abderrazak Khairi,19,19,False,1
1986-0596,1986,1986-06-11,Group stage,Morocco,Portugal,Away,Abderrazak Khairi,27,27,False,2
1986-0596,1986,1986-06-11,Group stage,Morocco,Portugal,Away,Abdelkrim Merry,62,62,False,3
1986-0597,1986,1986-06-10,Group stage,Argentina,Bulgaria,Home,Jorge Valdano,3,3,False,1
1986-0597,1986,1986-06-10,Group stage,Argentina,Bulgaria,Home,Jorge Burruchaga,76,76,False,2
1986-0598,1986,1986-06-10,Group stage,Korea Republic,Italy,Home,Choi Soon-ho,62,62,False,1
1986-0598,1986,1986-06-10,Group stage,Korea Republic,Italy,Home,Huh Jung-moo,83,83,False,2
1986-0598,1986,1986-06-10,Group stage,Italy,Korea Republic,Away,Alessandro Altobelli,17,17,False,1
1986-0598,1986,1986-06-10,Group stage,Italy,Korea Republic,Away,Alessandro Altobelli,73,73,False,2
1986-0599,1986,1986-06-09,Group stage,Soviet Union,Canada,Home,Oleh Blokhin,58,58,False,1
1986-0599,1986,1986-06-09,Group stage,Soviet Union,Canada,Home,Oleksandr Zavarov,74,74,False,2
1986-0600,1986,1986-06-09,Group stage,France,Hungary,Away,Yannick Stopyra,29,29,False,1
1986-0600,1986,1986-06-09,Group stage,France,Hungary,Away,Jean Tigana,62,62,False,2
1986-0600,1986,1986-06-09,Group stage,France,Hungary,Away,Dominique Rocheteau,84,84,False,3
1986-0601,1986,1986-06-08,Group stage,West Germany,Scotland,Home,Rudi Völler,22,22,False,1
1986-0601,1986,1986-06-08,Group stage,West Germany,Scotland,Home,Klaus Allofs,50,50,False,2
1986-0601,1986,1986-06-08,Group stage,Scotland,West Germany,Away,Gordon Strachan,18,18,False,1
1986-0602,1986,1986-06-08,Group stage,Iraq,Belgium,Home,Ahmed Radhi,59,59,False,1
1986-0602,1986,1986-06-08,Group stage,Belgium,Iraq,Away,Enzo Scifo,16,16,False,1
1986-0602,1986,1986-06-08,Group stage,Belgium,Iraq,Away,Nico Claesen,21,21,False,2
1986-0603,1986,1986-06-08,Group stage,Denmark,Uruguay,Home,Preben Elkjær,11,11,False,1
1986-0603,1986,1986-06-08,Group stage,Denmark,Uruguay,Home,Søren Lerby,41,41,False,2
1986-0603,1986,1986-06-08,Group stage,Denmark,Uruguay,Home,Michael Laudrup,52,52,False,3
1986-0603,1986,1986-06-08,Group stage,Denmark,Uruguay,Home,Preben Elkjær,67,67,False,4
1986-0603,1986,1986-06-08,Group stage,Denmark,Uruguay,Home,Preben Elkjær,80,80,False,5
1986-0603,1986,1986-06-08,Group stage,Denmark,Uruguay,Home,Jesper Olsen,88,88,False,6
1986-0603,1986,1986-06-08,Group stage,Uruguay,Denmark,Away,Enzo Francescoli,45,45,False,1
1986-0604,1986,1986-06-07,Group stage,Mexico,Paraguay,Home,Luis Flores,3,3,False,1
1986-0604,1986,1986-06-07,Group stage,Paraguay,Mexico,Away,Julio César Romero,85,85,False,1
1986-0605,1986,1986-06-07,Group stage,Northern Ireland,Spain,Home,Colin Clarke,47,47,False,1
1986-0605,1986,1986-06-07,Group stage,Spain,Northern Ireland,Away,Emilio Butragueño,2,2,False,1
1986-0605,1986,1986-06-07,Group stage,Spain,Northern Ireland,Away,Julio Salinas,18,18,False,2
1986-0606,1986,1986-06-07,Group stage,Poland,Portugal,Home,Wodzimierz Smolarek,68,68,False,1
1986-0607,1986,1986-06-06,Group stage,Brazil,Algeria,Home,Careca,66,66,False,1
1986-0608,1986,1986-06-06,Group stage,Hungary,Canada,Home,Márton Esterházy,2,2,False,1
1986-0608,1986,1986-06-06,Group stage,Hungary,Canada,Home,Lajos Détári,75,75,False,2
1986-0610,1986,1986-06-05,Group stage,Italy,Argentina,Home,Alessandro Altobelli,6,6,False,1
1986-0610,1986,1986-06-05,Group stage,Argentina,Italy,Away,Diego Maradona,34,34,False,1
1986-0611,1986,1986-06-05,Group stage,France,Soviet Union,Home,Luis Fernández,62,62,False,1
1986-0611,1986,1986-06-05,Group stage,Soviet Union,France,Away,Vasyl Rats,53,53,False,1
1986-0612,1986,1986-06-05,Group stage,Korea Republic,Bulgaria,Home,Kim Jong-boo,70,70,False,1
1986-0612,1986,1986-06-05,Group stage,Bulgaria,Korea Republic,Away,Plamen Getov,11,11,False,1
1986-0613,1986,1986-06-04,Group stage,Paraguay,Iraq,Home,Julio César Romero,35,35,False,1
1986-0614,1986,1986-06-04,Group stage,Uruguay,West Germany,Home,Antonio Alzamendi,4,4,False,1
1986-0614,1986,1986-06-04,Group stage,West Germany,Uruguay,Away,Klaus Allofs,84,84,False,1
1986-0615,1986,1986-06-04,Group stage,Denmark,Scotland,Away,Preben Elkjær,57,57,False,1
1986-0616,1986,1986-06-03,Group stage,Belgium,Mexico,Home,Erwin Vandenbergh,45,45,False,1
1986-0616,1986,1986-06-03,Group stage,Mexico,Belgium,Away,Fernando Quirarte,23,23,False,1
1986-0616,1986,1986-06-03,Group stage,Mexico,Belgium,Away,Hugo Sánchez,39,39,False,2
1986-0617,1986,1986-06-03,Group stage,Algeria,Northern Ireland,Home,Djamel Zidane,59,59,False,1
1986-0617,1986,1986-06-03,Group stage,Northern Ireland,Algeria,Away,Norman Whiteside,6,6,False,1
1986-0618,1986,1986-06-03,Group stage,Portugal,England,Home,Carlos Manuel,75,75,False,1
1986-0619,1986,1986-06-02,Group stage,Soviet Union,Hungary,Home,Pavlo Yakovenko,2,2,False,1
1986-0619,1986,1986-06-02,Group stage,Soviet Union,Hungary,Home,Sergei Aleinikov,4,4,False,2
1986-0619,1986,1986-06-02,Group stage,Soviet Union,Hungary,Home,Ivan Yaremchuk,66,66,False,3
1986-0619,1986,1986-06-02,Group stage,Soviet Union,Hungary,Home,Sergey Rodionov,80,80,False,4
1986-0619,1986,1986-06-02,Group stage,Soviet Union,Hungary,Home,Igor Belanov,24,24,False,5
1986-0620,1986,1986-06-02,Group stage,Argentina,Korea Republic,Home,Jorge Valdano,6,6,False,1
1986-0620,1986,1986-06-02,Group stage,Argentina,Korea Republic,Home,Oscar Ruggeri,18,18,False,2
1986-0620,1986,1986-06-02,Group stage,Argentina,Korea Republic,Home,Jorge Valdano,46,46,False,3
1986-0620,1986,1986-06-02,Group stage,Korea Republic,Argentina,Away,Park Chang-sun,73,73,False,1
1986-0622,1986,1986-06-01,Group stage,Brazil,Spain,Away,Sócrates,62,62,False,1
1986-0623,1986,1986-06-01,Group stage,France,Canada,Away,Jean-Pierre Papin,79,79,False,1
1986-0624,1986,1986-05-31,Group stage,Bulgaria,Italy,Home,Nasko Sirakov,85,85,False,1
1986-0624,1986,1986-05-31,Group stage,Italy,Bulgaria,Away,Alessandro Altobelli,43,43,False,1
1978-0625,1978,1978-06-07,First round,Austria,Sweden,Home,Hans Krankl,42,42,False,1
1978-0628,1978,1978-06-07,First round,IR Iran,Scotland,Away,Iraj Danaeifard,60,60,False,1
1978-0629,1978,1978-06-06,First round,Italy,Hungary,Home,Paolo Rossi,34,34,False,1
1978-0629,1978,1978-06-06,First round,Italy,Hungary,Home,Roberto Bettega,36,36,False,2
1978-0629,1978,1978-06-06,First round,Italy,Hungary,Home,Romeo Benetti,60,60,False,3
1978-0629,1978,1978-06-06,First round,Hungary,Italy,Away,András Tóth,81,81,False,1
1978-0630,1978,1978-06-06,First round,West Germany,Mexico,Home,Dieter Müller,15,15,False,1
1978-0630,1978,1978-06-06,First round,West Germany,Mexico,Home,Hansi Müller,30,30,False,2
1978-0630,1978,1978-06-06,First round,West Germany,Mexico,Home,Karl-Heinz Rummenigge,38,38,False,3
1978-0630,1978,1978-06-06,First round,West Germany,Mexico,Home,Heinz Flohe,44,44,False,4
1978-0630,1978,1978-06-06,First round,West Germany,Mexico,Home,Karl-Heinz Rummenigge,73,73,False,5
1978-0630,1978,1978-06-06,First round,West Germany,Mexico,Home,Heinz Flohe,89,89,False,6
1978-0631,1978,1978-06-06,First round,Poland,Tunisia,Home,Grzegorz Lato,43,43,False,1
1978-0632,1978,1978-06-06,First round,Argentina,France,Home,Leopoldo Luque,73,73,False,1
1978-0632,1978,1978-06-06,First round,Argentina,France,Home,Daniel Passarella,45,45,False,2
1978-0632,1978,1978-06-06,First round,France,Argentina,Away,Michel Platini,60,60,False,1
1978-0633,1978,1978-06-03,First round,Sweden,Brazil,Home,Thomas Sjöberg,37,37,False,1
1978-0633,1978,1978-06-03,First round,Brazil,Sweden,Away,José Reinaldo de Lima,45,45,False,1
1978-0634,1978,1978-06-03,First round,Austria,Spain,Home,Walter Schachner,9,9,False,1
1978-0634,1978,1978-06-03,First round,Austria,Spain,Home,Hans Krankl,76,76,False,2
1978-0634,1978,1978-06-03,First round,Spain,Austria,Away,Daniel Ruiz,21,21,False,1
1978-0635,1978,1978-06-03,First round,Peru,Scotland,Home,César Cueto,43,43,False,1
1978-0635,1978,1978-06-03,First round,Peru,Scotland,Home,Teófilo Cubillas,71,71,False,2
1978-0635,1978,1978-06-03,First round,Peru,Scotland,Home,Teófilo Cubillas,77,77,False,3
1978-0635,1978,1978-06-03,First round,Scotland,Peru,Away,Joe Jordan,14,14,False,1
1978-0636,1978,1978-06-03,First round,Netherlands,IR Iran,Home,Rob Rensenbrink,62,62,False,1
1978-0636,1978,1978-06-03,First round,Netherlands,IR Iran,Home,Rob Rensenbrink,40,40,False,2
1978-0636,1978,1978-06-03,First round,Netherlands,IR Iran,Home,Rob Rensenbrink,79,79,False,3
1978-0637,1978,1978-06-02,First round,Italy,France,Home,Paolo Rossi,29,29,False,1
1978-0637,1978,1978-06-02,First round,Italy,France,Home,Renato Zaccarelli,54,54,False,2
1978-0637,1978,1978-06-02,First round,France,Italy,Away,Bernard Lacombe,1,1,False,1
1978-0638,1978,1978-06-02,First round,Tunisia,Mexico,Home,Ali Kaabi,55,55,False,1
1978-0638,1978,1978-06-02,First round,Tunisia,Mexico,Home,Néjib Ghommidh,79,79,False,2
1978-0638,1978,1978-06-02,First round,Tunisia,Mexico,Home,Mokhtar Dhouieb,87,87,False,3
1978-0638,1978,1978-06-02,First round,Mexico,Tunisia,Away,Arturo Vázquez Ayala,45,45,False,1
1978-0639,1978,1978-06-02,First round,Argentina,Hungary,Home,Leopoldo Luque,15,15,False,1
1978-0639,1978,1978-06-02,First round,Argentina,Hungary,Home,Daniel Bertoni,83,83,False,2
1978-0639,1978,1978-06-02,First round,Hungary,Argentina,Away,Károly Csapó,10,10,False,1
1974-0641,1974,1974-07-07,Final,Netherlands,West Germany,Home,Johan Neeskens,2,2,False,1
1974-0641,1974,1974-07-07,Final,West Germany,Netherlands,Away,Gerd Müller,43,43,False,1
1974-0641,1974,1974-07-07,Final,West Germany,Netherlands,Away,Paul Breitner,25,25,False,2
1974-0642,1974,1974-07-06,Third-place match,Poland,Brazil,Away,Grzegorz Lato,76,76,False,1
1974-0643,1974,1974-07-03,Second round,West Germany,Poland,Away,Gerd Müller,76,76,False,1
1974-0644,1974,1974-07-03,Second round,Netherlands,Brazil,Home,Johan Neeskens,50,50,False,1
1974-0644,1974,1974-07-03,Second round,Netherlands,Brazil,Home,Johan Cruyff,65,65,False,2
1974-0645,1974,1974-07-03,Second round,Argentina,Germany DR,Home,René Houseman,20,20,False,1
1974-0645,1974,1974-07-03,Second round,Germany DR,Argentina,Away,Joachim Streich,14,14,False,1
1974-0646,1974,1974-07-03,Second round,Sweden,Yugoslavia,Home,Ralf Edström,29,29,False,1
1974-0646,1974,1974-07-03,Second round,Sweden,Yugoslavia,Home,Conny Torstensson,85,85,False,2
1974-0646,1974,1974-07-03,Second round,Yugoslavia,Sweden,Away,Ivica Šurjak,27,27,False,1
1974-0647,1974,1974-06-30,Second round,Poland,Yugoslavia,Home,Grzegorz Lato,62,62,False,1
1974-0647,1974,1974-06-30,Second round,Poland,Yugoslavia,Home,Kazimierz Deyna,24,24,False,2
1974-0647,1974,1974-06-30,Second round,Yugoslavia,Poland,Away,Stanislav Karasi,43,43,False,1
1974-0648,1974,1974-06-30,Second round,Argentina,Brazil,Home,Miguel Ángel Brindisi,35,35,False,1
1974-0648,1974,1974-06-30,Second round,Brazil,Argentina,Away,Rivellino,32,32,False,1
1974-0648,1974,1974-06-30,Second round,Brazil,Argentina,Away,Jairzinho,49,49,False,2
1974-0649,1974,1974-06-30,Second round,Netherlands,Germany DR,Away,Johan Neeskens,7,7,False,1
1974-0649,1974,1974-06-30,Second round,Netherlands,Germany DR,Away,Rob Rensenbrink,59,59,False,2
1974-0650,1974,1974-06-30,Second round,West Germany,Sweden,Home,Wolfgang Overath,51,51,False,1
1974-0650,1974,1974-06-30,Second round,West Germany,Sweden,Home,Rainer Bonhof,52,52,False,2
1974-0650,1974,1974-06-30,Second round,West Germany,Sweden,Home,Jürgen Grabowski,76,76,False,3
1974-0650,1974,1974-06-30,Second round,West Germany,Sweden,Home,Uli Hoeneß,89,89,False,4
1974-0650,1974,1974-06-30,Second round,Sweden,West Germany,Away,Ralf Edström,24,24,False,1
1974-0650,1974,1974-06-30,Second round,Sweden,West Germany,Away,Roland Sandberg,53,53,False,2
1974-0651,1974,1974-06-26,Second round,West Germany,Yugoslavia,Away,Paul Breitner,39,39,False,1
1974-0651,1974,1974-06-26,Second round,West Germany,Yugoslavia,Away,Gerd Müller,82,82,False,2
1974-0652,1974,1974-06-26,Second round,Brazil,Germany DR,Home,Rivellino,60,60,False,1
1974-0653,1974,1974-06-26,Second round,Poland,Sweden,Away,Grzegorz Lato,43,43,False,1
1974-0654,1974,1974-06-26,Second round,Netherlands,Argentina,Home,Johan Cruyff,10,10,False,1
1974-0654,1974,1974-06-26,Second round,Netherlands,Argentina,Home,Ruud Krol,25,25,False,2
1974-0654,1974,1974-06-26,Second round,Netherlands,Argentina,Home,Johnny Rep,73,73,False,3
1974-0654,1974,1974-06-26,Second round,Netherlands,Argentina,Home,Johan Cruyff,90,90,False,4
1974-0655,1974,1974-06-23,First round,Netherlands,Bulgaria,Away,Johnny Rep,71,71,False,1
1974-0655,1974,1974-06-23,First round,Netherlands,Bulgaria,Away,Theo de Jong,88,88,False,2
1974-0655,1974,1974-06-23,First round,Netherlands,Bulgaria,Away,Johan Neeskens,5,5,False,3
1974-0655,1974,1974-06-23,First round,Netherlands,Bulgaria,Away,Johan Neeskens,45,45,False,4
1974-0656,1974,1974-06-23,First round,Poland,Italy,Home,Andrzej Szarmach,38,38,False,1
1974-0656,1974,1974-06-23,First round,Poland,Italy,Home,Kazimierz Deyna,44,44,False,2
1974-0656,1974,1974-06-23,First round,Italy,Poland,Away,Fabio Capello,85,85,False,1
1974-0657,1974,1974-06-23,First round,Sweden,Uruguay,Home,Ralf Edström,46,46,False,1
1974-0657,1974,1974-06-23,First round,Sweden,Uruguay,Home,Roland Sandberg,74,74,False,2
1974-0657,1974,1974-06-23,First round,Sweden,Uruguay,Home,Ralf Edström,77,77,False,3
1974-0658,1974,1974-06-23,First round,Argentina,Haiti,Home,Héctor Yazalde,15,15,False,1
1974-0658,1974,1974-06-23,First round,Argentina,Haiti,Home,René Houseman,18,18,False,2
1974-0658,1974,1974-06-23,First round,Argentina,Haiti,Home,Rubén Ayala,55,55,False,3
1974-0658,1974,1974-06-23,First round,Argentina,Haiti,Home,Héctor Yazalde,68,68,False,4
1974-0658,1974,1974-06-23,First round,Haiti,Argentina,Away,Emmanuel Sanon,63,63,False,1
1974-0659,1974,1974-06-22,First round,Scotland,Yugoslavia,Home,Joe Jordan,88,88,False,1
1974-0659,1974,1974-06-22,First round,Yugoslavia,Scotland,Away,Stanislav Karasi,81,81,False,1
1974-0661,1974,1974-06-22,First round,Brazil,Zaire,Away,Jairzinho,12,12,False,1
1974-0661,1974,1974-06-22,First round,Brazil,Zaire,Away,Rivellino,66,66,False,2
1974-0661,1974,1974-06-22,First round,Brazil,Zaire,Away,Valdomiro Vaz Franco,79,79,False,3
1974-0662,1974,1974-06-22,First round,Germany DR,West Germany,Home,Jürgen Sparwasser,77,77,False,1
1974-0663,1974,1974-06-19,First round,Poland,Haiti,Away,Grzegorz Lato,17,17,False,1
1974-0663,1974,1974-06-19,First round,Poland,Haiti,Away,Kazimierz Deyna,18,18,False,2
1974-0663,1974,1974-06-19,First round,Poland,Haiti,Away,Andrzej Szarmach,30,30,False,3
1974-0663,1974,1974-06-19,First round,Poland,Haiti,Away,Jerzy Gorgo,31,31,False,4
1974-0663,1974,1974-06-19,First round,Poland,Haiti,Away,Andrzej Szarmach,34,34,False,5
1974-0663,1974,1974-06-19,First round,Poland,Haiti,Away,Andrzej Szarmach,50,50,False,6
1974-0663,1974,1974-06-19,First round,Poland,Haiti,Away,Grzegorz Lato,87,87,False,7
1974-0664,1974,1974-06-19,First round,Bulgaria,Uruguay,Home,Hristo Bonev,75,75,False,1
1974-0664,1974,1974-06-19,First round,Uruguay,Bulgaria,Away,Ricardo Pavoni,87,87,False,1
1974-0666,1974,1974-06-19,First round,Argentina,Italy,Home,René Houseman,19,19,False,1
1974-0667,1974,1974-06-18,First round,West Germany,Australia,Away,Wolfgang Overath,12,12,False,1
1974-0667,1974,1974-06-18,First round,West Germany,Australia,Away,Bernhard Cullmann,34,34,False,2
1974-0667,1974,1974-06-18,First round,West Germany,Australia,Away,Gerd Müller,53,53,False,3
1990-0668,1990,1990-06-30,Quarter-finals,Italy,Republic of Ireland,Home,Salvatore Schillaci,38,38,False,1
1990-0669,1990,1990-06-26,Round of 16,Spain,Yugoslavia,Home,Julio Salinas,84,84,False,1
1990-0669,1990,1990-06-26,Round of 16,Yugoslavia,Spain,Away,Dragan Stojkovi,78,78,False,1
1990-0669,1990,1990-06-26,Round of 16,Yugoslavia,Spain,Away,Dragan Stojkovi,93,93,False,2
1990-0670,1990,1990-06-26,Round of 16,England,Belgium,Home,David Platt,119,119,False,1
1982-0672,1982,1982-06-16,First group stage,England,France,Home,Bryan Robson,1,1,False,1
1982-0672,1982,1982-06-16,First group stage,England,France,Home,Bryan Robson,67,67,False,2
1982-0672,1982,1982-06-16,First group stage,England,France,Home,Paul Mariner,83,83,False,3
1982-0672,1982,1982-06-16,First group stage,France,England,Away,Gérard Soler,24,24,False,1
1982-0673,1982,1982-06-16,First group stage,West Germany,Algeria,Home,Karl-Heinz Rummenigge,67,67,False,1
1982-0673,1982,1982-06-16,First group stage,Algeria,West Germany,Away,Rabah Madjer,54,54,False,1
1982-0673,1982,1982-06-16,First group stage,Algeria,West Germany,Away,Lakhdar Belloumi,68,68,False,2
1982-0674,1982,1982-06-16,First group stage,Spain,Honduras,Home,Roberto López Ufarte,65,65,False,1
1982-0674,1982,1982-06-16,First group stage,Honduras,Spain,Away,Héctor Zelaya,7,7,False,1
1982-0676,1982,1982-06-15,First group stage,Hungary,El Salvador,Home,Tibor Nyilasi,4,4,False,1
1982-0676,1982,1982-06-15,First group stage,Hungary,El Salvador,Home,Gábor Pölöskei,11,11,False,2
1982-0676,1982,1982-06-15,First group stage,Hungary,El Salvador,Home,László Fazekas,23,23,False,3
1982-0676,1982,1982-06-15,First group stage,Hungary,El Salvador,Home,József Tóth,50,50,False,4
1982-0676,1982,1982-06-15,First group stage,Hungary,El Salvador,Home,László Fazekas,54,54,False,5
1982-0676,1982,1982-06-15,First group stage,Hungary,El Salvador,Home,László Kiss,69,69,False,6
1982-0676,1982,1982-06-15,First group stage,Hungary,El Salvador,Home,Lázár Szentes,70,70,False,7
1982-0676,1982,1982-06-15,First group stage,Hungary,El Salvador,Home,László Kiss,72,72,False,8
1982-0676,1982,1982-06-15,First group stage,Hungary,El Salvador,Home,László Kiss,76,76,False,9
1982-0676,1982,1982-06-15,First group stage,Hungary,El Salvador,Home,Tibor Nyilasi,83,83,False,10
1982-0676,1982,1982-06-15,First group stage,El Salvador,Hungary,Away,Luis Ramírez Zapata,64,64,False,1
1982-0677,1982,1982-06-15,First group stage,Scotland,New Zealand,Home,Kenny Dalglish,18,18,False,1
1982-0677,1982,1982-06-15,First group stage,Scotland,New Zealand,Home,John Wark,29,29,False,2
1982-0677,1982,1982-06-15,First group stage,Scotland,New Zealand,Home,John Wark,32,32,False,3
1982-0677,1982,1982-06-15,First group stage,Scotland,New Zealand,Home,John Robertson,73,73,False,4
1982-0677,1982,1982-06-15,First group stage,Scotland,New Zealand,Home,Steve Archibald,79,79,False,5
1982-0677,1982,1982-06-15,First group stage,New Zealand,Scotland,Away,Steve Sumner,54,54,False,1
1982-0677,1982,1982-06-15,First group stage,New Zealand,Scotland,Away,Steve Wooddin,64,64,False,2
1982-0679,1982,1982-06-14,First group stage,Brazil,Soviet Union,Home,Sócrates,75,75,False,1
1982-0679,1982,1982-06-14,First group stage,Brazil,Soviet Union,Home,Éder Aleixo de Assis,88,88,False,2
1982-0679,1982,1982-06-14,First group stage,Soviet Union,Brazil,Away,Andriy Bal,34,34,False,1
1982-0680,1982,1982-06-13,First group stage,Belgium,Argentina,Away,Erwin Vandenbergh,62,62,False,1
1978-0681,1978,1978-06-25,Final,Argentina,Netherlands,Home,Mario Kempes,38,38,False,1
1978-0681,1978,1978-06-25,Final,Argentina,Netherlands,Home,Mario Kempes,105,105,False,2
1978-0681,1978,1978-06-25,Final,Argentina,Netherlands,Home,Daniel Bertoni,115,115,False,3
1978-0681,1978,1978-06-25,Final,Netherlands,Argentina,Away,Dick Nanninga,82,82,False,1
1978-0682,1978,1978-06-24,Third-place match,Brazil,Italy,Home,Nelinho,64,64,False,1
1978-0682,1978,1978-06-24,Third-place match,Brazil,Italy,Home,Dirceu,72,72,False,2
1978-0682,1978,1978-06-24,Third-place match,Italy,Brazil,Away,Franco Causio,38,38,False,1
1978-0683,1978,1978-06-21,Second round,Netherlands,Italy,Home,Ernie Brandts,50,50,False,1
1978-0683,1978,1978-06-21,Second round,Netherlands,Italy,Home,Arie Haan,75,75,False,2
1978-0684,1978,1978-06-21,Second round,Austria,West Germany,Home,Hans Krankl,66,66,False,1
1978-0684,1978,1978-06-21,Second round,Austria,West Germany,Home,Hans Krankl,87,87,False,2
1978-0684,1978,1978-06-21,Second round,West Germany,Austria,Away,Karl-Heinz Rummenigge,19,19,False,1
1978-0684,1978,1978-06-21,Second round,West Germany,Austria,Away,Bernd Hölzenbein,68,68,False,2
1978-0685,1978,1978-06-21,Second round,Brazil,Poland,Home,Nelinho,12,12,False,1
1978-0685,1978,1978-06-21,Second round,Brazil,Poland,Home,Roberto Dinamite,57,57,False,2
1978-0685,1978,1978-06-21,Second round,Brazil,Poland,Home,Roberto Dinamite,63,63,False,3
1978-0685,1978,1978-06-21,Second round,Poland,Brazil,Away,Grzegorz Lato,45,45,False,1
1978-0686,1978,1978-06-21,Second round,Argentina,Peru,Home,Mario Kempes,21,21,False,1
1978-0686,1978,1978-06-21,Second round,Argentina,Peru,Home,Alberto Tarantini,43,43,False,2
1978-0686,1978,1978-06-21,Second round,Argentina,Peru,Home,Mario Kempes,48,48,False,3
1978-0686,1978,1978-06-21,Second round,Argentina,Peru,Home,Leopoldo Luque,50,50,False,4
1978-0686,1978,1978-06-21,Second round,Argentina,Peru,Home,René Houseman,67,67,False,5
1978-0686,1978,1978-06-21,Second round,Argentina,Peru,Home,Leopoldo Luque,72,72,False,6
1978-0687,1978,1978-06-18,Second round,Poland,Peru,Home,Andrzej Szarmach,65,65,False,1
1978-0688,1978,1978-06-18,Second round,West Germany,Netherlands,Home,Rüdiger Abramczik,3,3,False,1
1978-0688,1978,1978-06-18,Second round,West Germany,Netherlands,Home,Dieter Müller,70,70,False,2
1978-0688,1978,1978-06-18,Second round,Netherlands,West Germany,Away,Arie Haan,27,27,False,1
1978-0688,1978,1978-06-18,Second round,Netherlands,West Germany,Away,René van de Kerkhof,84,84,False,2
1978-0689,1978,1978-06-18,Second round,Italy,Austria,Home,Paolo Rossi,14,14,False,1
1978-0691,1978,1978-06-14,Second round,Netherlands,Austria,Home,Ernie Brandts,6,6,False,1
1978-0691,1978,1978-06-14,Second round,Netherlands,Austria,Home,Johnny Rep,36,36,False,2
1978-0691,1978,1978-06-14,Second round,Netherlands,Austria,Home,Johnny Rep,53,53,False,3
1978-0691,1978,1978-06-14,Second round,Netherlands,Austria,Home,Willy van de Kerkhof,82,82,False,4
1978-0691,1978,1978-06-14,Second round,Netherlands,Austria,Home,Rob Rensenbrink,35,35,False,5
1978-0691,1978,1978-06-14,Second round,Austria,Netherlands,Away,Erich Obermayer,79,79,False,1
1978-0693,1978,1978-06-14,Second round,Brazil,Peru,Home,Dirceu,15,15,False,1
1978-0693,1978,1978-06-14,Second round,Brazil,Peru,Home,Dirceu,28,28,False,2
1978-0693,1978,1978-06-14,Second round,Brazil,Peru,Home,Zico,73,73,False,3
1978-0694,1978,1978-06-14,Second round,Argentina,Poland,Home,Mario Kempes,16,16,False,1
1978-0694,1978,1978-06-14,Second round,Argentina,Poland,Home,Mario Kempes,71,71,False,2
1978-0695,1978,1978-06-11,First round,Brazil,Austria,Home,Roberto Dinamite,40,40,False,1
1978-0696,1978,1978-06-11,First round,Spain,Sweden,Home,Juan Manuel Asensi,75,75,False,1
1978-0697,1978,1978-06-11,First round,Peru,IR Iran,Home,José Velásquez,2,2,False,1
1978-0697,1978,1978-06-11,First round,Peru,IR Iran,Home,Teófilo Cubillas,79,79,False,2
1978-0697,1978,1978-06-11,First round,Peru,IR Iran,Home,Teófilo Cubillas,36,36,False,3
1978-0697,1978,1978-06-11,First round,Peru,IR Iran,Home,Teófilo Cubillas,39,39,False,4
1978-0697,1978,1978-06-11,First round,IR Iran,Peru,Away,Hassan Rowshan,41,41,False,1
1978-0698,1978,1978-06-11,First round,Scotland,Netherlands,Home,Kenny Dalglish,44,44,False,1
1978-0698,1978,1978-06-11,First round,Scotland,Netherlands,Home,Archie Gemmill,68,68,False,2
1978-0698,1978,1978-06-11,First round,Scotland,Netherlands,Home,Archie Gemmill,47,47,False,3
1978-0698,1978,1978-06-11,First round,Netherlands,Scotland,Away,Johnny Rep,71,71,False,1
1978-0698,1978,1978-06-11,First round,Netherlands,Scotland,Away,Rob Rensenbrink,34,34,False,2
1978-0699,1978,1978-06-10,First round,France,Hungary,Home,Christian Lopez,22,22,False,1
1978-0699,1978,1978-06-10,First round,France,Hungary,Home,Marc Berdoll,37,37,False,2
1978-0699,1978,1978-06-10,First round,France,Hungary,Home,Dominique Rocheteau,42,42,False,3
1978-0699,1978,1978-06-10,First round,Hungary,France,Away,Sándor Zombori,41,41,False,1
1978-0700,1978,1978-06-10,First round,Poland,Mexico,Home,Zbigniew Boniek,43,43,False,1
1978-0700,1978,1978-06-10,First round,Poland,Mexico,Home,Kazimierz Deyna,56,56,False,2
1978-0700,1978,1978-06-10,First round,Poland,Mexico,Home,Zbigniew Boniek,84,84,False,3
1978-0700,1978,1978-06-10,First round,Mexico,Poland,Away,Víctor Rangel,52,52,False,1
1974-0701,1974,1974-06-18,First round,Yugoslavia,Zaire,Home,Dušan Bajevi,8,8,False,1
1974-0701,1974,1974-06-18,First round,Yugoslavia,Zaire,Home,Dragan Džaji,14,14,False,2
1974-0701,1974,1974-06-18,First round,Yugoslavia,Zaire,Home,Ivica Šurjak,18,18,False,3
1974-0701,1974,1974-06-18,First round,Yugoslavia,Zaire,Home,Josip Katalinski,22,22,False,4
1974-0701,1974,1974-06-18,First round,Yugoslavia,Zaire,Home,Dušan Bajevi,30,30,False,5
1974-0701,1974,1974-06-18,First round,Yugoslavia,Zaire,Home,Vladislav Bogievi,35,35,False,6
1974-0701,1974,1974-06-18,First round,Yugoslavia,Zaire,Home,Branko Oblak,61,61,False,7
1974-0701,1974,1974-06-18,First round,Yugoslavia,Zaire,Home,Ilija Petkovi,65,65,False,8
1974-0701,1974,1974-06-18,First round,Yugoslavia,Zaire,Home,Dušan Bajevi,81,81,False,9
1974-0702,1974,1974-06-18,First round,Chile,Germany DR,Home,Sergio Ahumada,69,69,False,1
1974-0702,1974,1974-06-18,First round,Germany DR,Chile,Away,Martin Hoffmann,55,55,False,1
1974-0704,1974,1974-06-15,First round,Netherlands,Uruguay,Away,Johnny Rep,7,7,False,1
1974-0704,1974,1974-06-15,First round,Netherlands,Uruguay,Away,Johnny Rep,86,86,False,2
1978-0706,1978,1978-06-10,First round,Italy,Argentina,Home,Roberto Bettega,67,67,False,1
1970-0707,1970,1970-06-06,Group stage,Peru,Morocco,Home,Teófilo Cubillas,65,65,False,1
1970-0707,1970,1970-06-06,Group stage,Peru,Morocco,Home,Roberto Challe,67,67,False,2
1970-0707,1970,1970-06-06,Group stage,Peru,Morocco,Home,Teófilo Cubillas,75,75,False,3
1970-0708,1970,1970-06-03,Group stage,Belgium,El Salvador,Home,Wilfried Van Moer,12,12,False,1
1970-0708,1970,1970-06-03,Group stage,Belgium,El Salvador,Home,Wilfried Van Moer,54,54,False,2
1970-0708,1970,1970-06-03,Group stage,Belgium,El Salvador,Home,Raoul Lambert,79,79,False,3
1970-0709,1970,1970-06-03,Group stage,Brazil,Czechoslovakia,Home,Rivellino,24,24,False,1
1970-0709,1970,1970-06-03,Group stage,Brazil,Czechoslovakia,Home,Pelé,59,59,False,2
1970-0709,1970,1970-06-03,Group stage,Brazil,Czechoslovakia,Home,Jairzinho,61,61,False,3
1970-0709,1970,1970-06-03,Group stage,Brazil,Czechoslovakia,Home,Jairzinho,83,83,False,4
1970-0709,1970,1970-06-03,Group stage,Czechoslovakia,Brazil,Away,Ladislav Petráš,11,11,False,1
1970-0710,1970,1970-06-03,Group stage,Italy,Sweden,Home,Angelo Domenghini,10,10,False,1
1990-0711,1990,1990-06-25,Round of 16,Italy,Uruguay,Home,Salvatore Schillaci,65,65,False,1
1990-0711,1990,1990-06-25,Round of 16,Italy,Uruguay,Home,Aldo Serena,83,83,False,2
1970-0712,1970,1970-06-03,Group stage,West Germany,Morocco,Home,Uwe Seeler,56,56,False,1
1970-0712,1970,1970-06-03,Group stage,West Germany,Morocco,Home,Gerd Müller,80,80,False,2
1970-0712,1970,1970-06-03,Group stage,Morocco,West Germany,Away,Houmane Jarir,21,21,False,1
1970-0713,1970,1970-06-02,Group stage,England,Romania,Home,Geoff Hurst,65,65,False,1
1990-0714,1990,1990-06-24,Round of 16,Argentina,Brazil,Away,Claudio Caniggia,81,81,False,1
1970-0715,1970,1970-06-02,Group stage,Peru,Bulgaria,Home,Alberto Gallardo,50,50,False,1
1970-0715,1970,1970-06-02,Group stage,Peru,Bulgaria,Home,Héctor Chumpitaz,55,55,False,2
1970-0715,1970,1970-06-02,Group stage,Peru,Bulgaria,Home,Teófilo Cubillas,73,73,False,3
1970-0715,1970,1970-06-02,Group stage,Bulgaria,Peru,Away,Dinko Dermendzhiev,13,13,False,1
1970-0715,1970,1970-06-02,Group stage,Bulgaria,Peru,Away,Hristo Bonev,49,49,False,2
1990-0716,1990,1990-06-24,Round of 16,West Germany,Netherlands,Home,Jürgen Klinsmann,51,51,False,1
1990-0716,1990,1990-06-24,Round of 16,West Germany,Netherlands,Home,Andreas Brehme,85,85,False,2
1990-0716,1990,1990-06-24,Round of 16,Netherlands,West Germany,Away,Ronald Koeman,89,89,False,1
1970-0717,1970,1970-06-02,Group stage,Uruguay,Israel,Home,Ildo Maneiro,23,23,False,1
1970-0717,1970,1970-06-02,Group stage,Uruguay,Israel,Home,Juan Mujica,50,50,False,2
1990-0718,1990,1990-06-23,Round of 16,Cameroon,Colombia,Home,Roger Milla,106,106,False,1
1990-0718,1990,1990-06-23,Round of 16,Cameroon,Colombia,Home,Roger Milla,108,108,False,2
1990-0718,1990,1990-06-23,Round of 16,Colombia,Cameroon,Away,Bernardo Redín,115,115,False,1
1966-0720,1966,1966-07-30,Final,England,West Germany,Home,Geoff Hurst,18,18,False,1
1966-0720,1966,1966-07-30,Final,England,West Germany,Home,Martin Peters,78,78,False,2
1966-0720,1966,1966-07-30,Final,England,West Germany,Home,Geoff Hurst,101,101,False,3
1966-0720,1966,1966-07-30,Final,England,West Germany,Home,Geoff Hurst,120,120,False,4
1966-0720,1966,1966-07-30,Final,West Germany,England,Away,Helmut Haller,12,12,False,1
1966-0720,1966,1966-07-30,Final,West Germany,England,Away,Wolfgang Weber,89,89,False,2
1966-0721,1966,1966-07-28,Third-place match,Portugal,Soviet Union,Home,José Augusto Torres,89,89,False,1
1966-0721,1966,1966-07-28,Third-place match,Portugal,Soviet Union,Home,Eusébio,12,12,False,2
1966-0721,1966,1966-07-28,Third-place match,Soviet Union,Portugal,Away,Eduard Malofeyev,43,43,False,1
1966-0722,1966,1966-07-26,Semi-finals,England,Portugal,Home,Bobby Charlton,30,30,False,1
1966-0722,1966,1966-07-26,Semi-finals,England,Portugal,Home,Bobby Charlton,80,80,False,2
1966-0722,1966,1966-07-26,Semi-finals,Portugal,England,Away,Eusébio,82,82,False,1
1966-0723,1966,1966-07-25,Semi-finals,West Germany,Soviet Union,Home,Helmut Haller,43,43,False,1
1966-0723,1966,1966-07-25,Semi-finals,West Germany,Soviet Union,Home,Franz Beckenbauer,67,67,False,2
1966-0723,1966,1966-07-25,Semi-finals,Soviet Union,West Germany,Away,Valeriy Porkujan,88,88,False,1
1966-0724,1966,1966-07-23,Quarter-finals,Portugal,Korea DPR,Home,Eusébio,27,27,False,1
1966-0724,1966,1966-07-23,Quarter-finals,Portugal,Korea DPR,Home,Eusébio,56,56,False,2
1966-0724,1966,1966-07-23,Quarter-finals,Portugal,Korea DPR,Home,José Augusto de Almeida,80,80,False,3
1966-0724,1966,1966-07-23,Quarter-finals,Portugal,Korea DPR,Home,Eusébio,43,43,False,4
1966-0724,1966,1966-07-23,Quarter-finals,Portugal,Korea DPR,Home,Eusébio,59,59,False,5
1966-0724,1966,1966-07-23,Quarter-finals,Korea DPR,Portugal,Away,Pak Seung-zin,1,1,False,1
1966-0724,1966,1966-07-23,Quarter-finals,Korea DPR,Portugal,Away,Li Dong-woon,22,22,False,2
1966-0724,1966,1966-07-23,Quarter-finals,Korea DPR,Portugal,Away,Yang Seung-kook,25,25,False,3
1966-0725,1966,1966-07-23,Quarter-finals,England,Argentina,Home,Geoff Hurst,78,78,False,1
1966-0726,1966,1966-07-23,Quarter-finals,Soviet Union,Hungary,Home,Igor Chislenko,5,5,False,1
1966-0726,1966,1966-07-23,Quarter-finals,Soviet Union,Hungary,Home,Valeriy Porkujan,46,46,False,2
1966-0726,1966,1966-07-23,Quarter-finals,Hungary,Soviet Union,Away,Ferenc Bene,57,57,False,1
1966-0727,1966,1966-07-23,Quarter-finals,West Germany,Uruguay,Home,Helmut Haller,11,11,False,1
1966-0727,1966,1966-07-23,Quarter-finals,West Germany,Uruguay,Home,Franz Beckenbauer,70,70,False,2
1966-0727,1966,1966-07-23,Quarter-finals,West Germany,Uruguay,Home,Uwe Seeler,75,75,False,3
1966-0727,1966,1966-07-23,Quarter-finals,West Germany,Uruguay,Home,Helmut Haller,83,83,False,4
1966-0728,1966,1966-07-20,Group stage,England,France,Home,Roger Hunt,38,38,False,1
1966-0728,1966,1966-07-20,Group stage,England,France,Home,Roger Hunt,75,75,False,2
1966-0729,1966,1966-07-20,Group stage,Hungary,Bulgaria,Home,Kálmán Mészöly,45,45,False,1
1966-0729,1966,1966-07-20,Group stage,Hungary,Bulgaria,Home,Ferenc Bene,54,54,False,2
1966-0729,1966,1966-07-20,Group stage,Bulgaria,Hungary,Away,Georgi Asparuhov,15,15,False,1
1966-0730,1966,1966-07-20,Group stage,West Germany,Spain,Home,Lothar Emmerich,38,38,False,1
1966-0730,1966,1966-07-20,Group stage,West Germany,Spain,Home,Uwe Seeler,84,84,False,2
1966-0730,1966,1966-07-20,Group stage,Spain,West Germany,Away,Josep Maria Fusté,22,22,False,1
1966-0731,1966,1966-07-20,Group stage,Soviet Union,Chile,Home,Valeriy Porkujan,28,28,False,1
1966-0731,1966,1966-07-20,Group stage,Soviet Union,Chile,Home,Valeriy Porkujan,85,85,False,2
1966-0731,1966,1966-07-20,Group stage,Chile,Soviet Union,Away,Rubén Marcos,32,32,False,1
1966-0733,1966,1966-07-19,Group stage,Argentina,Switzerland,Home,Luis Artime,53,53,False,1
1966-0733,1966,1966-07-19,Group stage,Argentina,Switzerland,Home,Ermindo Onega,81,81,False,2
1966-0734,1966,1966-07-19,Group stage,Portugal,Brazil,Home,António Simões,15,15,False,1
1966-0734,1966,1966-07-19,Group stage,Portugal,Brazil,Home,Eusébio,27,27,False,2
1966-0734,1966,1966-07-19,Group stage,Portugal,Brazil,Home,Eusébio,85,85,False,3
1966-0734,1966,1966-07-19,Group stage,Brazil,Portugal,Away,Rildo da Costa Menezes,73,73,False,1
1966-0735,1966,1966-07-19,Group stage,Korea DPR,Italy,Home,Pak Doo-ik,42,42,False,1
1990-0737,1990,1990-06-23,Round of 16,Czechoslovakia,Costa Rica,Home,Tomáš Skuhravý,12,12,False,1
1990-0737,1990,1990-06-23,Round of 16,Czechoslovakia,Costa Rica,Home,Tomáš Skuhravý,63,63,False,2
1990-0737,1990,1990-06-23,Round of 16,Czechoslovakia,Costa Rica,Home,Luboš Kubík,76,76,False,3
1990-0737,1990,1990-06-23,Round of 16,Czechoslovakia,Costa Rica,Home,Tomáš Skuhravý,82,82,False,4
1990-0737,1990,1990-06-23,Round of 16,Costa Rica,Czechoslovakia,Away,Rónald González Brenes,55,55,False,1
1966-0738,1966,1966-07-16,Group stage,Soviet Union,Italy,Home,Igor Chislenko,57,57,False,1
1990-0739,1990,1990-06-21,Group stage,Belgium,Spain,Home,Patrick Vervoort,29,29,False,1
1990-0739,1990,1990-06-21,Group stage,Spain,Belgium,Away,Alberto Górriz,38,38,False,1
1990-0739,1990,1990-06-21,Group stage,Spain,Belgium,Away,Míchel,26,26,False,2
1966-0740,1966,1966-07-16,Group stage,Portugal,Bulgaria,Home,Eusébio,38,38,False,1
1966-0740,1966,1966-07-16,Group stage,Portugal,Bulgaria,Home,José Augusto Torres,81,81,False,2
1990-0741,1990,1990-06-21,Group stage,Uruguay,Korea Republic,Away,Daniel Fonseca,90,90,False,1
1966-0742,1966,1966-07-16,Group stage,England,Mexico,Home,Bobby Charlton,37,37,False,1
1966-0742,1966,1966-07-16,Group stage,England,Mexico,Home,Roger Hunt,75,75,False,2
1990-0743,1990,1990-06-21,Group stage,Republic of Ireland,Netherlands,Home,Niall Quinn,71,71,False,1
1990-0743,1990,1990-06-21,Group stage,Netherlands,Republic of Ireland,Away,Ruud Gullit,11,11,False,1
1966-0744,1966,1966-07-15,Group stage,Spain,Switzerland,Home,Manuel Sanchís,57,57,False,1
1966-0744,1966,1966-07-15,Group stage,Spain,Switzerland,Home,Amancio Amaro,75,75,False,2
1966-0744,1966,1966-07-15,Group stage,Switzerland,Spain,Away,René-Pierre Quentin,28,28,False,1
1966-0745,1966,1966-07-15,Group stage,Uruguay,France,Home,Pedro Rocha,26,26,False,1
1966-0745,1966,1966-07-15,Group stage,Uruguay,France,Home,Julio César Cortés,31,31,False,2
1966-0745,1966,1966-07-15,Group stage,France,Uruguay,Away,Héctor De Bourgoing,15,15,False,1
1966-0746,1966,1966-07-15,Group stage,Hungary,Brazil,Home,Ferenc Bene,2,2,False,1
1966-0746,1966,1966-07-15,Group stage,Hungary,Brazil,Home,János Farkas,64,64,False,2
1966-0746,1966,1966-07-15,Group stage,Hungary,Brazil,Home,Kálmán Mészöly,73,73,False,3
1966-0746,1966,1966-07-15,Group stage,Brazil,Hungary,Away,Tostão,14,14,False,1
1966-0747,1966,1966-07-15,Group stage,Korea DPR,Chile,Home,Pak Seung-zin,88,88,False,1
1966-0747,1966,1966-07-15,Group stage,Chile,Korea DPR,Away,Rubén Marcos,26,26,False,1
1966-0748,1966,1966-07-13,Group stage,Argentina,Spain,Home,Luis Artime,65,65,False,1
1966-0748,1966,1966-07-13,Group stage,Argentina,Spain,Home,Luis Artime,79,79,False,2
1966-0748,1966,1966-07-13,Group stage,Spain,Argentina,Away,Pirri,71,71,False,1
1966-0749,1966,1966-07-13,Group stage,France,Mexico,Home,Gérard Hausser,62,62,False,1
1966-0749,1966,1966-07-13,Group stage,Mexico,France,Away,Enrique Borja,48,48,False,1
1966-0750,1966,1966-07-13,Group stage,Italy,Chile,Home,Sandro Mazzola,8,8,False,1
1966-0750,1966,1966-07-13,Group stage,Italy,Chile,Home,Paolo Barison,88,88,False,2
1966-0751,1966,1966-07-13,Group stage,Portugal,Hungary,Home,José Augusto de Almeida,2,2,False,1
1966-0751,1966,1966-07-13,Group stage,Portugal,Hungary,Home,José Augusto de Almeida,67,67,False,2
1966-0751,1966,1966-07-13,Group stage,Portugal,Hungary,Home,José Augusto Torres,90,90,False,3
1966-0751,1966,1966-07-13,Group stage,Hungary,Portugal,Away,Ferenc Bene,60,60,False,1
1966-0752,1966,1966-07-12,Group stage,Brazil,Bulgaria,Home,Pelé,15,15,False,1
1966-0752,1966,1966-07-12,Group stage,Brazil,Bulgaria,Home,Garrincha,63,63,False,2
1966-0753,1966,1966-07-12,Group stage,Soviet Union,Korea DPR,Home,Eduard Malofeyev,31,31,False,1
1966-0753,1966,1966-07-12,Group stage,Soviet Union,Korea DPR,Home,Anatoliy Banishevskiy,33,33,False,2
1966-0753,1966,1966-07-12,Group stage,Soviet Union,Korea DPR,Home,Eduard Malofeyev,88,88,False,3
1966-0754,1966,1966-07-12,Group stage,West Germany,Switzerland,Home,Sigfried Held,15,15,False,1
1966-0754,1966,1966-07-12,Group stage,West Germany,Switzerland,Home,Helmut Haller,20,20,False,2
1966-0754,1966,1966-07-12,Group stage,West Germany,Switzerland,Home,Franz Beckenbauer,39,39,False,3
1966-0754,1966,1966-07-12,Group stage,West Germany,Switzerland,Home,Franz Beckenbauer,52,52,False,4
1966-0754,1966,1966-07-12,Group stage,West Germany,Switzerland,Home,Helmut Haller,77,77,False,5
1990-0756,1990,1990-06-21,Group stage,England,Egypt,Home,Mark Wright,58,58,False,1
1990-0757,1990,1990-06-20,Group stage,Sweden,Costa Rica,Home,Johnny Ekström,32,32,False,1
1990-0757,1990,1990-06-20,Group stage,Costa Rica,Sweden,Away,Róger Flores,75,75,False,1
1990-0757,1990,1990-06-20,Group stage,Costa Rica,Sweden,Away,Hernán Medford,87,87,False,2
1990-0758,1990,1990-06-20,Group stage,Brazil,Scotland,Home,Müller,81,81,False,1
1990-0759,1990,1990-06-19,Group stage,West Germany,Colombia,Home,Pierre Littbarski,88,88,False,1
1990-0759,1990,1990-06-19,Group stage,Colombia,West Germany,Away,Freddy Rincón,90,90,False,1
1962-0760,1962,1962-06-17,Final,Brazil,Czechoslovakia,Home,Amarildo Tavares da Silveira,17,17,False,1
1962-0760,1962,1962-06-17,Final,Brazil,Czechoslovakia,Home,Zito,69,69,False,2
1962-0760,1962,1962-06-17,Final,Brazil,Czechoslovakia,Home,Vavá,78,78,False,3
1962-0760,1962,1962-06-17,Final,Czechoslovakia,Brazil,Away,Josef Masopust,15,15,False,1
1962-0761,1962,1962-06-16,Third-place match,Chile,Yugoslavia,Home,Eladio Rojas,90,90,False,1
1962-0762,1962,1962-06-13,Semi-finals,Brazil,Chile,Home,Garrincha,9,9,False,1
1962-0762,1962,1962-06-13,Semi-finals,Brazil,Chile,Home,Garrincha,32,32,False,2
1962-0762,1962,1962-06-13,Semi-finals,Brazil,Chile,Home,Vavá,47,47,False,3
1962-0762,1962,1962-06-13,Semi-finals,Brazil,Chile,Home,Vavá,78,78,False,4
1962-0762,1962,1962-06-13,Semi-finals,Chile,Brazil,Away,Jorge Toro,42,42,False,1
1962-0762,1962,1962-06-13,Semi-finals,Chile,Brazil,Away,Leonel Sánchez,61,61,False,2
1990-0763,1990,1990-06-19,Group stage,Yugoslavia,United Arab Emirates,Home,Safet Suši,5,5,False,1
1990-0763,1990,1990-06-19,Group stage,Yugoslavia,United Arab Emirates,Home,Darko Panev,9,9,False,2
1990-0763,1990,1990-06-19,Group stage,Yugoslavia,United Arab Emirates,Home,Darko Panev,46,46,False,3
1990-0763,1990,1990-06-19,Group stage,Yugoslavia,United Arab Emirates,Home,Robert Prosinecki,90,90,False,4
1990-0763,1990,1990-06-19,Group stage,United Arab Emirates,Yugoslavia,Away,Ali Thani Jumaa,22,22,False,1
1962-0764,1962,1962-06-13,Semi-finals,Czechoslovakia,Yugoslavia,Home,Josef Kadraba,48,48,False,1
1962-0764,1962,1962-06-13,Semi-finals,Czechoslovakia,Yugoslavia,Home,Adolf Scherer,80,80,False,2
1962-0764,1962,1962-06-13,Semi-finals,Czechoslovakia,Yugoslavia,Home,Adolf Scherer,84,84,False,3
1962-0764,1962,1962-06-13,Semi-finals,Yugoslavia,Czechoslovakia,Away,Dražan Jerkovi,69,69,False,1
1990-0765,1990,1990-06-19,Group stage,Austria,United States,Home,Andreas Ogris,49,49,False,1
1990-0765,1990,1990-06-19,Group stage,Austria,United States,Home,Gerhard Rodax,63,63,False,2
1990-0765,1990,1990-06-19,Group stage,United States,Austria,Away,Bruce Murray,83,83,False,1
1962-0766,1962,1962-06-10,Quarter-finals,Chile,Soviet Union,Home,Leonel Sánchez,11,11,False,1
1962-0766,1962,1962-06-10,Quarter-finals,Chile,Soviet Union,Home,Eladio Rojas,29,29,False,2
1962-0766,1962,1962-06-10,Quarter-finals,Soviet Union,Chile,Away,Igor Chislenko,26,26,False,1
1958-0767,1958,1958-06-24,Semi-finals,Brazil,France,Home,Vavá,2,2,False,1
1958-0767,1958,1958-06-24,Semi-finals,Brazil,France,Home,Didi,39,39,False,2
1958-0767,1958,1958-06-24,Semi-finals,Brazil,France,Home,Pelé,52,52,False,3
1958-0767,1958,1958-06-24,Semi-finals,Brazil,France,Home,Pelé,64,64,False,4
1958-0767,1958,1958-06-24,Semi-finals,Brazil,France,Home,Pelé,75,75,False,5
1958-0767,1958,1958-06-24,Semi-finals,France,Brazil,Away,Just Fontaine,9,9,False,1
1958-0767,1958,1958-06-24,Semi-finals,France,Brazil,Away,Roger Piantoni,83,83,False,2
1962-0768,1962,1962-06-10,Quarter-finals,Brazil,England,Home,Garrincha,31,31,False,1
1962-0768,1962,1962-06-10,Quarter-finals,Brazil,England,Home,Vavá,53,53,False,2
1962-0768,1962,1962-06-10,Quarter-finals,Brazil,England,Home,Garrincha,59,59,False,3
1962-0768,1962,1962-06-10,Quarter-finals,England,Brazil,Away,Gerry Hitchens,38,38,False,1
1958-0769,1958,1958-06-19,Quarter-finals,France,Northern Ireland,Home,Maryan Wisnieski,44,44,False,1
1958-0769,1958,1958-06-19,Quarter-finals,France,Northern Ireland,Home,Just Fontaine,55,55,False,2
1958-0769,1958,1958-06-19,Quarter-finals,France,Northern Ireland,Home,Just Fontaine,63,63,False,3
1958-0769,1958,1958-06-19,Quarter-finals,France,Northern Ireland,Home,Roger Piantoni,68,68,False,4
1962-0770,1962,1962-06-10,Quarter-finals,Czechoslovakia,Hungary,Home,Adolf Scherer,13,13,False,1
1958-0771,1958,1958-06-19,Quarter-finals,West Germany,Yugoslavia,Home,Helmut Rahn,12,12,False,1
1962-0772,1962,1962-06-10,Quarter-finals,Yugoslavia,West Germany,Home,Petar Radakovi,85,85,False,1
2006-0774,2006,2006-06-16,Group stage,Netherlands,Côte d'Ivoire,Home,Robin van Persie,23,23,False,1
2006-0774,2006,2006-06-16,Group stage,Netherlands,Côte d'Ivoire,Home,Ruud van Nistelrooy,27,27,False,2
2006-0774,2006,2006-06-16,Group stage,Côte d'Ivoire,Netherlands,Away,Bakari Koné,38,38,False,1
2006-0776,2006,2006-06-15,Group stage,Ecuador,Costa Rica,Home,Carlos Tenorio,8,8,False,1
2006-0776,2006,2006-06-15,Group stage,Ecuador,Costa Rica,Home,Agustín Delgado,54,54,False,2
2006-0776,2006,2006-06-15,Group stage,Ecuador,Costa Rica,Home,Iván Kaviedes,90+2,92,True,3
2006-0777,2006,2006-06-15,Group stage,England,Trinidad and Tobago,Home,Peter Crouch,83,83,False,1
2006-0777,2006,2006-06-15,Group stage,England,Trinidad and Tobago,Home,Steven Gerrard,90+1,91,True,2
1958-0778,1958,1958-06-19,Quarter-finals,Brazil,Wales,Home,Pelé,66,66,False,1
1958-0779,1958,1958-06-19,Quarter-finals,Sweden,Soviet Union,Home,Kurt Hamrin,49,49,False,1
1958-0779,1958,1958-06-19,Quarter-finals,Sweden,Soviet Union,Home,Agne Simonsson,88,88,False,2
1958-0780,1958,1958-06-17,Group stage play-off,Northern Ireland,Czechoslovakia,Home,Peter McParland,44,44,False,1
1958-0780,1958,1958-06-17,Group stage play-off,Northern Ireland,Czechoslovakia,Home,Peter McParland,99,99,False,2
1958-0780,1958,1958-06-17,Group stage play-off,Czechoslovakia,Northern Ireland,Away,Zdenk Zikán,19,19,False,1
1958-0781,1958,1958-06-17,Group stage play-off,Wales,Hungary,Home,Ivor Allchurch,55,55,False,1
1958-0781,1958,1958-06-17,Group stage play-off,Wales,Hungary,Home,Terry Medwin,76,76,False,2
1958-0781,1958,1958-06-17,Group stage play-off,Hungary,Wales,Away,Lajos Tichy,33,33,False,1
1958-0782,1958,1958-06-17,Group stage play-off,Soviet Union,England,Home,Anatoli Ilyin,68,68,False,1
1958-0784,1958,1958-06-15,Group stage,Paraguay,Yugoslavia,Home,José Parodi,20,20,False,1
1958-0784,1958,1958-06-15,Group stage,Paraguay,Yugoslavia,Home,Juan Bautista Agüero,49,49,False,2
1958-0784,1958,1958-06-15,Group stage,Paraguay,Yugoslavia,Home,Jorge Lino Romero,80,80,False,3
1958-0784,1958,1958-06-15,Group stage,Yugoslavia,Paraguay,Away,Radivoje Ognjanovi,12,12,False,1
1958-0784,1958,1958-06-15,Group stage,Yugoslavia,Paraguay,Away,Todor Veselinovi,29,29,False,2
1958-0784,1958,1958-06-15,Group stage,Yugoslavia,Paraguay,Away,Zdravko Rajkov,73,73,False,3
1958-0785,1958,1958-06-15,Group stage,West Germany,Northern Ireland,Home,Helmut Rahn,20,20,False,1
1958-0785,1958,1958-06-15,Group stage,West Germany,Northern Ireland,Home,Uwe Seeler,79,79,False,2
1958-0785,1958,1958-06-15,Group stage,Northern Ireland,West Germany,Away,Peter McParland,19,19,False,1
1958-0785,1958,1958-06-15,Group stage,Northern Ireland,West Germany,Away,Peter McParland,60,60,False,2
1958-0786,1958,1958-06-15,Group stage,Czechoslovakia,Argentina,Home,Milan Dvoák,8,8,False,1
1958-0786,1958,1958-06-15,Group stage,Czechoslovakia,Argentina,Home,Zdenk Zikán,17,17,False,2
1958-0786,1958,1958-06-15,Group stage,Czechoslovakia,Argentina,Home,Zdenk Zikán,40,40,False,3
1958-0786,1958,1958-06-15,Group stage,Czechoslovakia,Argentina,Home,Jií Feureisl,69,69,False,4
1958-0786,1958,1958-06-15,Group stage,Czechoslovakia,Argentina,Home,Václav Hovorka,82,82,False,5
1958-0786,1958,1958-06-15,Group stage,Czechoslovakia,Argentina,Home,Václav Hovorka,89,89,False,6
1958-0786,1958,1958-06-15,Group stage,Argentina,Czechoslovakia,Away,Oreste Corbatta,65,65,False,1
1958-0787,1958,1958-06-15,Group stage,England,Austria,Home,Johnny Haynes,56,56,False,1
1958-0787,1958,1958-06-15,Group stage,England,Austria,Home,Derek Kevan,73,73,False,2
1958-0787,1958,1958-06-15,Group stage,Austria,England,Away,Karl Koller,16,16,False,1
1958-0787,1958,1958-06-15,Group stage,Austria,England,Away,Alfred Körner,70,70,False,2
1958-0788,1958,1958-06-15,Group stage,Brazil,Soviet Union,Home,Vavá,3,3,False,1
1958-0788,1958,1958-06-15,Group stage,Brazil,Soviet Union,Home,Vavá,77,77,False,2
1958-0789,1958,1958-06-15,Group stage,Hungary,Mexico,Home,Lajos Tichy,19,19,False,1
1958-0789,1958,1958-06-15,Group stage,Hungary,Mexico,Home,Lajos Tichy,46,46,False,2
1958-0789,1958,1958-06-15,Group stage,Hungary,Mexico,Home,Károly Sándor,54,54,False,3
1958-0789,1958,1958-06-15,Group stage,Hungary,Mexico,Home,József Bencsics,69,69,False,4
1958-0790,1958,1958-06-15,Group stage,France,Scotland,Home,Raymond Kopa,22,22,False,1
1958-0790,1958,1958-06-15,Group stage,France,Scotland,Home,Just Fontaine,44,44,False,2
1958-0790,1958,1958-06-15,Group stage,Scotland,France,Away,Sammy Baird,66,66,False,1
1958-0791,1958,1958-06-12,Group stage,Sweden,Hungary,Home,Kurt Hamrin,34,34,False,1
1958-0791,1958,1958-06-12,Group stage,Sweden,Hungary,Home,Kurt Hamrin,55,55,False,2
1958-0791,1958,1958-06-12,Group stage,Hungary,Sweden,Away,Lajos Tichy,77,77,False,1
1958-0792,1958,1958-06-11,Group stage,Soviet Union,Austria,Home,Anatoli Ilyin,15,15,False,1
1958-0792,1958,1958-06-11,Group stage,Soviet Union,Austria,Home,Valentin Kozmich Ivanov,63,63,False,2
1958-0793,1958,1958-06-11,Group stage,West Germany,Czechoslovakia,Home,Hans Schäfer,59,59,False,1
1958-0793,1958,1958-06-11,Group stage,West Germany,Czechoslovakia,Home,Helmut Rahn,70,70,False,2
1958-0793,1958,1958-06-11,Group stage,Czechoslovakia,West Germany,Away,Zdenk Zikán,43,43,False,1
1958-0793,1958,1958-06-11,Group stage,Czechoslovakia,West Germany,Away,Milan Dvoák,24,24,False,2
1958-0794,1958,1958-06-11,Group stage,Argentina,Northern Ireland,Home,Norberto Menéndez,55,55,False,1
1958-0794,1958,1958-06-11,Group stage,Argentina,Northern Ireland,Home,Ludovico Avio,59,59,False,2
1958-0794,1958,1958-06-11,Group stage,Argentina,Northern Ireland,Home,Oreste Corbatta,38,38,False,3
1958-0794,1958,1958-06-11,Group stage,Northern Ireland,Argentina,Away,Peter McParland,3,3,False,1
1958-0795,1958,1958-06-11,Group stage,Yugoslavia,France,Home,Aleksandar Petakovi,16,16,False,1
1958-0795,1958,1958-06-11,Group stage,Yugoslavia,France,Home,Todor Veselinovi,63,63,False,2
1958-0795,1958,1958-06-11,Group stage,Yugoslavia,France,Home,Todor Veselinovi,88,88,False,3
1958-0795,1958,1958-06-11,Group stage,France,Yugoslavia,Away,Just Fontaine,4,4,False,1
1958-0795,1958,1958-06-11,Group stage,France,Yugoslavia,Away,Just Fontaine,85,85,False,2
1958-0796,1958,1958-06-11,Group stage,Paraguay,Scotland,Home,Juan Bautista Agüero,4,4,False,1
1958-0796,1958,1958-06-11,Group stage,Paraguay,Scotland,Home,Cayetano Ré,45,45,False,2
1958-0796,1958,1958-06-11,Group stage,Paraguay,Scotland,Home,José Parodi,73,73,False,3
1958-0796,1958,1958-06-11,Group stage,Scotland,Paraguay,Away,Jackie Mudie,24,24,False,1
1958-0796,1958,1958-06-11,Group stage,Scotland,Paraguay,Away,Bobby Collins,76,76,False,2
1958-0798,1958,1958-06-11,Group stage,Mexico,Wales,Home,Jaime Belmonte,89,89,False,1
1958-0798,1958,1958-06-11,Group stage,Wales,Mexico,Away,Ivor Allchurch,32,32,False,1
1958-0799,1958,1958-06-08,Group stage,Sweden,Mexico,Home,Agne Simonsson,17,17,False,1
1958-0799,1958,1958-06-08,Group stage,Sweden,Mexico,Home,Agne Simonsson,64,64,False,2
1958-0799,1958,1958-06-08,Group stage,Sweden,Mexico,Home,Nils Liedholm,57,57,False,3
1958-0800,1958,1958-06-08,Group stage,Northern Ireland,Czechoslovakia,Home,Wilbur Cush,20,20,False,1
1958-0801,1958,1958-06-08,Group stage,Hungary,Wales,Home,József Bozsik,5,5,False,1
1958-0801,1958,1958-06-08,Group stage,Wales,Hungary,Away,John Charles,27,27,False,1
1958-0802,1958,1958-06-08,Group stage,Yugoslavia,Scotland,Home,Aleksandar Petakovi,6,6,False,1
1958-0802,1958,1958-06-08,Group stage,Scotland,Yugoslavia,Away,Jimmy Murray,49,49,False,1
1958-0803,1958,1958-06-08,Group stage,Brazil,Austria,Home,José Altafini,38,38,False,1
1958-0803,1958,1958-06-08,Group stage,Brazil,Austria,Home,Nílton Santos,49,49,False,2
1958-0803,1958,1958-06-08,Group stage,Brazil,Austria,Home,José Altafini,89,89,False,3
1958-0804,1958,1958-06-08,Group stage,Soviet Union,England,Home,Nikita Simonyan,13,13,False,1
1958-0804,1958,1958-06-08,Group stage,Soviet Union,England,Home,Aleksandr Ivanov,55,55,False,2
1958-0804,1958,1958-06-08,Group stage,England,Soviet Union,Away,Derek Kevan,66,66,False,1
1958-0804,1958,1958-06-08,Group stage,England,Soviet Union,Away,Tom Finney,85,85,False,2
1958-0805,1958,1958-06-08,Group stage,France,Paraguay,Home,Just Fontaine,24,24,False,1
1958-0805,1958,1958-06-08,Group stage,France,Paraguay,Home,Just Fontaine,30,30,False,2
1958-0805,1958,1958-06-08,Group stage,France,Paraguay,Home,Roger Piantoni,52,52,False,3
1958-0805,1958,1958-06-08,Group stage,France,Paraguay,Home,Maryan Wisnieski,61,61,False,4
1958-0805,1958,1958-06-08,Group stage,France,Paraguay,Home,Just Fontaine,67,67,False,5
1958-0805,1958,1958-06-08,Group stage,France,Paraguay,Home,Raymond Kopa,70,70,False,6
1958-0805,1958,1958-06-08,Group stage,France,Paraguay,Home,Jean Vincent,83,83,False,7
1958-0805,1958,1958-06-08,Group stage,Paraguay,France,Away,Florencio Amarilla,20,20,False,1
1958-0805,1958,1958-06-08,Group stage,Paraguay,France,Away,Jorge Lino Romero,50,50,False,2
1958-0805,1958,1958-06-08,Group stage,Paraguay,France,Away,Florencio Amarilla,44,44,False,3
1958-0806,1958,1958-06-08,Group stage,Argentina,West Germany,Home,Oreste Corbatta,2,2,False,1
1958-0806,1958,1958-06-08,Group stage,West Germany,Argentina,Away,Helmut Rahn,32,32,False,1
1958-0806,1958,1958-06-08,Group stage,West Germany,Argentina,Away,Uwe Seeler,40,40,False,2
1958-0806,1958,1958-06-08,Group stage,West Germany,Argentina,Away,Helmut Rahn,79,79,False,3
1954-0807,1954,1954-07-04,Final,Germany,Hungary,Home,Max Morlock,10,10,False,1
1954-0807,1954,1954-07-04,Final,Germany,Hungary,Home,Helmut Rahn,18,18,False,2
1954-0807,1954,1954-07-04,Final,Germany,Hungary,Home,Helmut Rahn,84,84,False,3
1954-0807,1954,1954-07-04,Final,Hungary,Germany,Away,Ferenc Puskás,6,6,False,1
1954-0807,1954,1954-07-04,Final,Hungary,Germany,Away,Zoltán Czibor,8,8,False,2
1954-0808,1954,1954-07-03,Third-place match,Austria,Uruguay,Home,Ernst Ocwirk,79,79,False,1
1954-0808,1954,1954-07-03,Third-place match,Austria,Uruguay,Home,Ernst Stojaspal,16,16,False,2
1954-0808,1954,1954-07-03,Third-place match,Uruguay,Austria,Away,Juan Hohberg,22,22,False,1
1954-0809,1954,1954-06-30,Semi-finals,Hungary,Uruguay,Home,Zoltán Czibor,12,12,False,1
1954-0809,1954,1954-06-30,Semi-finals,Hungary,Uruguay,Home,Nándor Hidegkuti,47,47,False,2
1954-0809,1954,1954-06-30,Semi-finals,Hungary,Uruguay,Home,Sándor Kocsis,109,109,False,3
1954-0809,1954,1954-06-30,Semi-finals,Hungary,Uruguay,Home,Sándor Kocsis,116,116,False,4
1954-0809,1954,1954-06-30,Semi-finals,Uruguay,Hungary,Away,Juan Hohberg,75,75,False,1
1954-0809,1954,1954-06-30,Semi-finals,Uruguay,Hungary,Away,Juan Hohberg,86,86,False,2
1954-0810,1954,1954-06-30,Semi-finals,Germany,Austria,Home,Hans Schäfer,31,31,False,1
1954-0810,1954,1954-06-30,Semi-finals,Germany,Austria,Home,Max Morlock,47,47,False,2
1954-0810,1954,1954-06-30,Semi-finals,Germany,Austria,Home,Ottmar Walter,61,61,False,3
1954-0810,1954,1954-06-30,Semi-finals,Germany,Austria,Home,Ottmar Walter,89,89,False,4
1954-0810,1954,1954-06-30,Semi-finals,Germany,Austria,Home,Fritz Walter,54,54,False,5
1954-0810,1954,1954-06-30,Semi-finals,Germany,Austria,Home,Fritz Walter,64,64,False,6
1954-0810,1954,1954-06-30,Semi-finals,Austria,Germany,Away,Erich Probst,51,51,False,1
1954-0811,1954,1954-06-27,Quarter-finals,Germany,Yugoslavia,Home,Helmut Rahn,85,85,False,1
1954-0812,1954,1954-06-27,Quarter-finals,Hungary,Brazil,Home,Nándor Hidegkuti,4,4,False,1
1954-0812,1954,1954-06-27,Quarter-finals,Hungary,Brazil,Home,Sándor Kocsis,7,7,False,2
1954-0812,1954,1954-06-27,Quarter-finals,Hungary,Brazil,Home,Sándor Kocsis,88,88,False,3
1954-0812,1954,1954-06-27,Quarter-finals,Hungary,Brazil,Home,Mihály Lantos,60,60,False,4
1954-0812,1954,1954-06-27,Quarter-finals,Brazil,Hungary,Away,Júlio Botelho,65,65,False,1
1954-0812,1954,1954-06-27,Quarter-finals,Brazil,Hungary,Away,Djalma Santos,18,18,False,2
1954-0813,1954,1954-06-26,Quarter-finals,Uruguay,England,Home,Carlos Borges,5,5,False,1
1954-0813,1954,1954-06-26,Quarter-finals,Uruguay,England,Home,Obdulio Varela,39,39,False,2
1954-0813,1954,1954-06-26,Quarter-finals,Uruguay,England,Home,Juan Alberto Schiaffino,46,46,False,3
1954-0813,1954,1954-06-26,Quarter-finals,Uruguay,England,Home,Javier Ambrois,78,78,False,4
1954-0813,1954,1954-06-26,Quarter-finals,England,Uruguay,Away,Nat Lofthouse,16,16,False,1
1954-0813,1954,1954-06-26,Quarter-finals,England,Uruguay,Away,Tom Finney,67,67,False,2
1954-0814,1954,1954-06-26,Quarter-finals,Switzerland,Austria,Home,Robert Ballaman,16,16,False,1
1954-0814,1954,1954-06-26,Quarter-finals,Switzerland,Austria,Home,Josef Hügi,17,17,False,2
1954-0814,1954,1954-06-26,Quarter-finals,Switzerland,Austria,Home,Josef Hügi,19,19,False,3
1954-0814,1954,1954-06-26,Quarter-finals,Switzerland,Austria,Home,Robert Ballaman,39,39,False,4
1954-0814,1954,1954-06-26,Quarter-finals,Switzerland,Austria,Home,Josef Hügi,60,60,False,5
1954-0814,1954,1954-06-26,Quarter-finals,Austria,Switzerland,Away,Theodor Wagner,25,25,False,1
1954-0814,1954,1954-06-26,Quarter-finals,Austria,Switzerland,Away,Alfred Körner,26,26,False,2
1954-0814,1954,1954-06-26,Quarter-finals,Austria,Switzerland,Away,Theodor Wagner,27,27,False,3
1954-0814,1954,1954-06-26,Quarter-finals,Austria,Switzerland,Away,Ernst Ocwirk,32,32,False,4
1954-0814,1954,1954-06-26,Quarter-finals,Austria,Switzerland,Away,Alfred Körner,34,34,False,5
1954-0814,1954,1954-06-26,Quarter-finals,Austria,Switzerland,Away,Theodor Wagner,53,53,False,6
1954-0814,1954,1954-06-26,Quarter-finals,Austria,Switzerland,Away,Erich Probst,76,76,False,7
1954-0815,1954,1954-06-23,Group stage play-off,Germany,Türkiye,Home,Ottmar Walter,7,7,False,1
1954-0815,1954,1954-06-23,Group stage play-off,Germany,Türkiye,Home,Hans Schäfer,12,12,False,2
1954-0815,1954,1954-06-23,Group stage play-off,Germany,Türkiye,Home,Max Morlock,30,30,False,3
1954-0815,1954,1954-06-23,Group stage play-off,Germany,Türkiye,Home,Max Morlock,60,60,False,4
1954-0815,1954,1954-06-23,Group stage play-off,Germany,Türkiye,Home,Fritz Walter,62,62,False,5
1954-0815,1954,1954-06-23,Group stage play-off,Germany,Türkiye,Home,Max Morlock,77,77,False,6
1954-0815,1954,1954-06-23,Group stage play-off,Germany,Türkiye,Home,Hans Schäfer,79,79,False,7
1954-0815,1954,1954-06-23,Group stage play-off,Türkiye,Germany,Away,Mustafa Ertan,21,21,False,1
1954-0815,1954,1954-06-23,Group stage play-off,Türkiye,Germany,Away,Lefter Küçükandonyadis,82,82,False,2
1954-0816,1954,1954-06-23,Group stage play-off,Switzerland,Italy,Home,Josef Hügi,14,14,False,1
1954-0816,1954,1954-06-23,Group stage play-off,Switzerland,Italy,Home,Robert Ballaman,48,48,False,2
1954-0816,1954,1954-06-23,Group stage play-off,Switzerland,Italy,Home,Josef Hügi,85,85,False,3
1954-0816,1954,1954-06-23,Group stage play-off,Switzerland,Italy,Home,Jacques Fatton,90,90,False,4
1954-0816,1954,1954-06-23,Group stage play-off,Italy,Switzerland,Away,Fulvio Nesti,67,67,False,1
1954-0817,1954,1954-06-20,Group stage,Hungary,Germany,Home,Sándor Kocsis,3,3,False,1
1954-0817,1954,1954-06-20,Group stage,Hungary,Germany,Home,Ferenc Puskás,17,17,False,2
1954-0817,1954,1954-06-20,Group stage,Hungary,Germany,Home,Sándor Kocsis,21,21,False,3
1954-0817,1954,1954-06-20,Group stage,Hungary,Germany,Home,Nándor Hidegkuti,52,52,False,4
1954-0817,1954,1954-06-20,Group stage,Hungary,Germany,Home,Nándor Hidegkuti,54,54,False,5
1954-0817,1954,1954-06-20,Group stage,Hungary,Germany,Home,Sándor Kocsis,69,69,False,6
1954-0817,1954,1954-06-20,Group stage,Hungary,Germany,Home,József Tóth,75,75,False,7
1954-0817,1954,1954-06-20,Group stage,Hungary,Germany,Home,Sándor Kocsis,78,78,False,8
1954-0817,1954,1954-06-20,Group stage,Germany,Hungary,Away,Alfred Pfaff,25,25,False,1
1954-0817,1954,1954-06-20,Group stage,Germany,Hungary,Away,Helmut Rahn,77,77,False,2
1954-0817,1954,1954-06-20,Group stage,Germany,Hungary,Away,Richard Herrmann,84,84,False,3
1954-0819,1954,1954-06-20,Group stage,Türkiye,Korea Republic,Home,Suat Mamat,10,10,False,1
1954-0819,1954,1954-06-20,Group stage,Türkiye,Korea Republic,Home,Lefter Küçükandonyadis,18,18,False,2
1954-0819,1954,1954-06-20,Group stage,Türkiye,Korea Republic,Home,Suat Mamat,30,30,False,3
1954-0819,1954,1954-06-20,Group stage,Türkiye,Korea Republic,Home,Burhan Sargun,37,37,False,4
1954-0819,1954,1954-06-20,Group stage,Türkiye,Korea Republic,Home,Burhan Sargun,64,64,False,5
1954-0819,1954,1954-06-20,Group stage,Türkiye,Korea Republic,Home,Burhan Sargun,70,70,False,6
1954-0819,1954,1954-06-20,Group stage,Türkiye,Korea Republic,Home,Erol Keskin,76,76,False,7
1954-0820,1954,1954-06-20,Group stage,Italy,Belgium,Home,Carlo Galli,48,48,False,1
1954-0820,1954,1954-06-20,Group stage,Italy,Belgium,Home,Amleto Frignani,58,58,False,2
1954-0820,1954,1954-06-20,Group stage,Italy,Belgium,Home,Benito Lorenzi,78,78,False,3
1954-0820,1954,1954-06-20,Group stage,Italy,Belgium,Home,Egisto Pandolfini,41,41,False,4
1954-0820,1954,1954-06-20,Group stage,Belgium,Italy,Away,Léopold Anoul,81,81,False,1
1954-0821,1954,1954-06-20,Group stage,England,Switzerland,Away,Jimmy Mullen,43,43,False,1
1954-0821,1954,1954-06-20,Group stage,England,Switzerland,Away,Dennis Wilshaw,69,69,False,2
1954-0822,1954,1954-06-19,Group stage,Uruguay,Scotland,Home,Carlos Borges,17,17,False,1
1954-0822,1954,1954-06-19,Group stage,Uruguay,Scotland,Home,Óscar Míguez,30,30,False,2
1954-0822,1954,1954-06-19,Group stage,Uruguay,Scotland,Home,Carlos Borges,47,47,False,3
1954-0822,1954,1954-06-19,Group stage,Uruguay,Scotland,Home,Julio Abbadie,54,54,False,4
1954-0822,1954,1954-06-19,Group stage,Uruguay,Scotland,Home,Carlos Borges,57,57,False,5
1954-0822,1954,1954-06-19,Group stage,Uruguay,Scotland,Home,Óscar Míguez,83,83,False,6
1954-0822,1954,1954-06-19,Group stage,Uruguay,Scotland,Home,Julio Abbadie,85,85,False,7
1954-0823,1954,1954-06-19,Group stage,Brazil,Yugoslavia,Home,Didi,69,69,False,1
1954-0823,1954,1954-06-19,Group stage,Yugoslavia,Brazil,Away,Branko Zebec,48,48,False,1
1954-0824,1954,1954-06-19,Group stage,Austria,Czechoslovakia,Home,Ernst Stojaspal,3,3,False,1
1954-0824,1954,1954-06-19,Group stage,Austria,Czechoslovakia,Home,Erich Probst,4,4,False,2
1954-0824,1954,1954-06-19,Group stage,Austria,Czechoslovakia,Home,Erich Probst,21,21,False,3
1954-0824,1954,1954-06-19,Group stage,Austria,Czechoslovakia,Home,Erich Probst,24,24,False,4
1954-0824,1954,1954-06-19,Group stage,Austria,Czechoslovakia,Home,Ernst Stojaspal,65,65,False,5
1954-0825,1954,1954-06-19,Group stage,France,Mexico,Home,Jean Vincent,19,19,False,1
1954-0825,1954,1954-06-19,Group stage,France,Mexico,Home,Raymond Kopa,88,88,False,2
1954-0825,1954,1954-06-19,Group stage,Mexico,France,Away,José Luis Lamadrid,54,54,False,1
1954-0825,1954,1954-06-19,Group stage,Mexico,France,Away,Tomás Balcázar,85,85,False,2
1954-0826,1954,1954-06-17,Group stage,Switzerland,Italy,Home,Robert Ballaman,18,18,False,1
1954-0826,1954,1954-06-17,Group stage,Switzerland,Italy,Home,Josef Hügi,78,78,False,2
1954-0826,1954,1954-06-17,Group stage,Italy,Switzerland,Away,Giampiero Boniperti,44,44,False,1
1974-0827,1974,1974-06-15,First round,Italy,Haiti,Home,Gianni Rivera,52,52,False,1
1974-0827,1974,1974-06-15,First round,Italy,Haiti,Home,Romeo Benetti,66,66,False,2
1974-0827,1974,1974-06-15,First round,Italy,Haiti,Home,Pietro Anastasi,79,79,False,3
1974-0827,1974,1974-06-15,First round,Haiti,Italy,Away,Emmanuel Sanon,46,46,False,1
1974-0828,1974,1974-06-15,First round,Poland,Argentina,Home,Grzegorz Lato,7,7,False,1
1974-0828,1974,1974-06-15,First round,Poland,Argentina,Home,Andrzej Szarmach,8,8,False,2
1974-0828,1974,1974-06-15,First round,Poland,Argentina,Home,Grzegorz Lato,62,62,False,3
1974-0828,1974,1974-06-15,First round,Argentina,Poland,Away,Ramón Heredia,60,60,False,1
1974-0828,1974,1974-06-15,First round,Argentina,Poland,Away,Carlos Babington,66,66,False,2
1974-0829,1974,1974-06-14,First round,West Germany,Chile,Home,Paul Breitner,18,18,False,1
1974-0830,1974,1974-06-14,First round,Germany DR,Australia,Home,Joachim Streich,72,72,False,1
1954-0831,1954,1954-06-17,Group stage,Hungary,Korea Republic,Home,Ferenc Puskás,12,12,False,1
1954-0831,1954,1954-06-17,Group stage,Hungary,Korea Republic,Home,Mihály Lantos,18,18,False,2
1954-0831,1954,1954-06-17,Group stage,Hungary,Korea Republic,Home,Sándor Kocsis,24,24,False,3
1954-0831,1954,1954-06-17,Group stage,Hungary,Korea Republic,Home,Sándor Kocsis,36,36,False,4
1954-0831,1954,1954-06-17,Group stage,Hungary,Korea Republic,Home,Sándor Kocsis,50,50,False,5
1954-0831,1954,1954-06-17,Group stage,Hungary,Korea Republic,Home,Zoltán Czibor,59,59,False,6
1954-0831,1954,1954-06-17,Group stage,Hungary,Korea Republic,Home,Péter Palotás,75,75,False,7
1954-0831,1954,1954-06-17,Group stage,Hungary,Korea Republic,Home,Péter Palotás,83,83,False,8
1954-0831,1954,1954-06-17,Group stage,Hungary,Korea Republic,Home,Ferenc Puskás,89,89,False,9
1962-0832,1962,1962-06-07,Group stage,Mexico,Czechoslovakia,Home,Isidoro Díaz,12,12,False,1
1962-0832,1962,1962-06-07,Group stage,Mexico,Czechoslovakia,Home,Alfredo del Águila,29,29,False,2
1962-0832,1962,1962-06-07,Group stage,Mexico,Czechoslovakia,Home,Héctor Hernández,90,90,False,3
1962-0832,1962,1962-06-07,Group stage,Czechoslovakia,Mexico,Away,Václav Mašek,1,1,False,1
1962-0833,1962,1962-06-07,Group stage,Italy,Switzerland,Home,Bruno Mora,2,2,False,1
1962-0833,1962,1962-06-07,Group stage,Italy,Switzerland,Home,Giacomo Bulgarelli,65,65,False,2
1962-0833,1962,1962-06-07,Group stage,Italy,Switzerland,Home,Giacomo Bulgarelli,67,67,False,3
1954-0834,1954,1954-06-17,Group stage,Germany,Türkiye,Home,Hans Schäfer,14,14,False,1
1954-0834,1954,1954-06-17,Group stage,Germany,Türkiye,Home,Bernhard Klodt,52,52,False,2
1954-0834,1954,1954-06-17,Group stage,Germany,Türkiye,Home,Ottmar Walter,60,60,False,3
1954-0834,1954,1954-06-17,Group stage,Germany,Türkiye,Home,Max Morlock,84,84,False,4
1954-0834,1954,1954-06-17,Group stage,Türkiye,Germany,Away,Suat Mamat,2,2,False,1
1954-0835,1954,1954-06-17,Group stage,England,Belgium,Home,Ivor Broadis,26,26,False,1
1954-0835,1954,1954-06-17,Group stage,England,Belgium,Home,Nat Lofthouse,36,36,False,2
1954-0835,1954,1954-06-17,Group stage,England,Belgium,Home,Ivor Broadis,63,63,False,3
1954-0835,1954,1954-06-17,Group stage,England,Belgium,Home,Nat Lofthouse,91,91,False,4
1954-0835,1954,1954-06-17,Group stage,Belgium,England,Away,Léopold Anoul,5,5,False,1
1954-0835,1954,1954-06-17,Group stage,Belgium,England,Away,Henri Coppens,67,67,False,2
1954-0835,1954,1954-06-17,Group stage,Belgium,England,Away,Léopold Anoul,71,71,False,3
1962-0836,1962,1962-06-07,Group stage,Yugoslavia,Colombia,Home,Milan Gali,20,20,False,1
1962-0836,1962,1962-06-07,Group stage,Yugoslavia,Colombia,Home,Dražan Jerkovi,25,25,False,2
1962-0836,1962,1962-06-07,Group stage,Yugoslavia,Colombia,Home,Milan Gali,61,61,False,3
1962-0836,1962,1962-06-07,Group stage,Yugoslavia,Colombia,Home,Vojislav Meli,82,82,False,4
1962-0836,1962,1962-06-07,Group stage,Yugoslavia,Colombia,Home,Dražan Jerkovi,87,87,False,5
1954-0837,1954,1954-06-16,Group stage,Uruguay,Czechoslovakia,Home,Óscar Míguez,71,71,False,1
1954-0837,1954,1954-06-16,Group stage,Uruguay,Czechoslovakia,Home,Juan Alberto Schiaffino,84,84,False,2
1954-0838,1954,1954-06-16,Group stage,Yugoslavia,France,Home,Miloš Milutinovi,15,15,False,1
1962-0839,1962,1962-06-06,Group stage,West Germany,Chile,Home,Uwe Seeler,82,82,False,1
1962-0839,1962,1962-06-06,Group stage,West Germany,Chile,Home,Horst Szymaniak,21,21,False,2
2006-0840,2006,2006-06-15,Group stage,Sweden,Paraguay,Home,Freddie Ljungberg,89,89,False,1
1950-0841,1950,1950-07-02,Group stage,Spain,England,Home,Telmo Zarra,48,48,False,1
1950-0842,1950,1950-07-02,Group stage,Switzerland,Mexico,Home,René Bader,10,10,False,1
1950-0842,1950,1950-07-02,Group stage,Switzerland,Mexico,Home,Charles Antenen,44,44,False,2
1950-0842,1950,1950-07-02,Group stage,Mexico,Switzerland,Away,Horacio Casarín,89,89,False,1
1950-0843,1950,1950-07-01,Group stage,Brazil,Yugoslavia,Home,Ademir,4,4,False,1
1950-0843,1950,1950-07-01,Group stage,Brazil,Yugoslavia,Home,Zizinho,69,69,False,2
1950-0844,1950,1950-06-29,Group stage,Spain,Chile,Home,Estanislau Basora,17,17,False,1
1950-0844,1950,1950-06-29,Group stage,Spain,Chile,Home,Telmo Zarra,30,30,False,2
1950-0845,1950,1950-06-29,Group stage,United States,England,Home,Joe Gaetjens,38,38,False,1
1950-0846,1950,1950-06-29,Group stage,Sweden,Paraguay,Home,Stig Sundqvist,17,17,False,1
1950-0846,1950,1950-06-29,Group stage,Sweden,Paraguay,Home,Karl-Erik Palmér,26,26,False,2
1950-0846,1950,1950-06-29,Group stage,Paraguay,Sweden,Away,César López Fretes,35,35,False,1
1950-0846,1950,1950-06-29,Group stage,Paraguay,Sweden,Away,Atilio López,74,74,False,2
1950-0847,1950,1950-06-28,Group stage,Brazil,Switzerland,Home,Alfredo II,3,3,False,1
1950-0847,1950,1950-06-28,Group stage,Brazil,Switzerland,Home,Baltazar,32,32,False,2
1950-0847,1950,1950-06-28,Group stage,Switzerland,Brazil,Away,Jacques Fatton,17,17,False,1
1950-0847,1950,1950-06-28,Group stage,Switzerland,Brazil,Away,Jacques Fatton,88,88,False,2
1950-0848,1950,1950-06-28,Group stage,Yugoslavia,Mexico,Home,Stjepan Bobek,20,20,False,1
1950-0848,1950,1950-06-28,Group stage,Yugoslavia,Mexico,Home,Željko ajkovski,23,23,False,2
1950-0848,1950,1950-06-28,Group stage,Yugoslavia,Mexico,Home,Željko ajkovski,51,51,False,3
1950-0848,1950,1950-06-28,Group stage,Yugoslavia,Mexico,Home,Kosta Tomaševi,81,81,False,4
1950-0848,1950,1950-06-28,Group stage,Mexico,Yugoslavia,Away,Héctor Ortiz,89,89,False,1
1950-0849,1950,1950-06-25,Group stage,Sweden,Italy,Home,Hasse Jeppson,25,25,False,1
1950-0849,1950,1950-06-25,Group stage,Sweden,Italy,Home,Sune Andersson,34,34,False,2
1950-0849,1950,1950-06-25,Group stage,Sweden,Italy,Home,Hasse Jeppson,69,69,False,3
1950-0849,1950,1950-06-25,Group stage,Italy,Sweden,Away,Riccardo Carapellese,7,7,False,1
1950-0849,1950,1950-06-25,Group stage,Italy,Sweden,Away,Ermes Muccinelli,78,78,False,2
1950-0850,1950,1950-06-25,Group stage,England,Chile,Home,Stan Mortensen,39,39,False,1
1950-0850,1950,1950-06-25,Group stage,England,Chile,Home,Wilf Mannion,51,51,False,2
1950-0851,1950,1950-06-25,Group stage,Spain,United States,Home,Silvestre Igoa,81,81,False,1
1950-0851,1950,1950-06-25,Group stage,Spain,United States,Home,Estanislau Basora,83,83,False,2
1950-0851,1950,1950-06-25,Group stage,Spain,United States,Home,Telmo Zarra,89,89,False,3
1950-0851,1950,1950-06-25,Group stage,United States,Spain,Away,Gino Pariani,17,17,False,1
1950-0852,1950,1950-06-25,Group stage,Yugoslavia,Switzerland,Home,Rajko Miti,59,59,False,1
1950-0852,1950,1950-06-25,Group stage,Yugoslavia,Switzerland,Home,Kosta Tomaševi,70,70,False,2
1950-0852,1950,1950-06-25,Group stage,Yugoslavia,Switzerland,Home,Tihomir Ognjanov,84,84,False,3
1950-0853,1950,1950-06-24,Group stage,Brazil,Mexico,Home,Ademir,30,30,False,1
1950-0853,1950,1950-06-24,Group stage,Brazil,Mexico,Home,Jair da Rosa Pinto,65,65,False,2
1950-0853,1950,1950-06-24,Group stage,Brazil,Mexico,Home,Baltazar,71,71,False,3
1950-0853,1950,1950-06-24,Group stage,Brazil,Mexico,Home,Ademir,79,79,False,4
1938-0854,1938,1938-06-19,Third-place match,Brazil,Sweden,Home,Romeu Pellicciari,44,44,False,1
1938-0854,1938,1938-06-19,Third-place match,Brazil,Sweden,Home,Leônidas,63,63,False,2
1938-0854,1938,1938-06-19,Third-place match,Brazil,Sweden,Home,Leônidas,74,74,False,3
1938-0854,1938,1938-06-19,Third-place match,Brazil,Sweden,Home,José Perácio,80,80,False,4
1938-0854,1938,1938-06-19,Third-place match,Sweden,Brazil,Away,Sven Jonasson,28,28,False,1
1938-0854,1938,1938-06-19,Third-place match,Sweden,Brazil,Away,Arne Nyberg,38,38,False,2
1938-0855,1938,1938-06-19,Final,Italy,Hungary,Home,Gino Colaussi,6,6,False,1
1938-0855,1938,1938-06-19,Final,Italy,Hungary,Home,Silvio Piola,16,16,False,2
1938-0855,1938,1938-06-19,Final,Italy,Hungary,Home,Gino Colaussi,35,35,False,3
1938-0855,1938,1938-06-19,Final,Italy,Hungary,Home,Silvio Piola,82,82,False,4
1938-0855,1938,1938-06-19,Final,Hungary,Italy,Away,Pál Titkos,8,8,False,1
1938-0855,1938,1938-06-19,Final,Hungary,Italy,Away,György Sárosi,70,70,False,2
1938-0856,1938,1938-06-16,Semi-finals,Hungary,Sweden,Home,Pál Titkos,37,37,False,1
1938-0856,1938,1938-06-16,Semi-finals,Hungary,Sweden,Home,Gyula Zsengellér,39,39,False,2
1938-0856,1938,1938-06-16,Semi-finals,Hungary,Sweden,Home,György Sárosi,65,65,False,3
1938-0856,1938,1938-06-16,Semi-finals,Hungary,Sweden,Home,Gyula Zsengellér,85,85,False,4
1938-0856,1938,1938-06-16,Semi-finals,Sweden,Hungary,Away,Arne Nyberg,1,1,False,1
1938-0857,1938,1938-06-16,Semi-finals,Italy,Brazil,Home,Gino Colaussi,51,51,False,1
1938-0857,1938,1938-06-16,Semi-finals,Italy,Brazil,Home,Giuseppe Meazza,60,60,False,2
1938-0857,1938,1938-06-16,Semi-finals,Brazil,Italy,Away,Romeu Pellicciari,87,87,False,1
1938-0858,1938,1938-06-14,Quarter-finals,Brazil,Czechoslovakia,Home,Leônidas,57,57,False,1
1938-0858,1938,1938-06-14,Quarter-finals,Brazil,Czechoslovakia,Home,Roberto,63,63,False,2
1938-0858,1938,1938-06-14,Quarter-finals,Czechoslovakia,Brazil,Away,Vlastimil Kopecký,25,25,False,1
1938-0859,1938,1938-06-12,Quarter-finals,Sweden,Cuba,Home,Harry Andersson,9,9,False,1
1938-0859,1938,1938-06-12,Quarter-finals,Sweden,Cuba,Home,Gustav Wetterström,22,22,False,2
1938-0859,1938,1938-06-12,Quarter-finals,Sweden,Cuba,Home,Gustav Wetterström,37,37,False,3
1938-0859,1938,1938-06-12,Quarter-finals,Sweden,Cuba,Home,Gustav Wetterström,44,44,False,4
1938-0859,1938,1938-06-12,Quarter-finals,Sweden,Cuba,Home,Tore Keller,80,80,False,5
1938-0859,1938,1938-06-12,Quarter-finals,Sweden,Cuba,Home,Harry Andersson,81,81,False,6
1938-0859,1938,1938-06-12,Quarter-finals,Sweden,Cuba,Home,Arne Nyberg,84,84,False,7
1938-0859,1938,1938-06-12,Quarter-finals,Sweden,Cuba,Home,Harry Andersson,89,89,False,8
1938-0860,1938,1938-06-12,Quarter-finals,Brazil,Czechoslovakia,Home,Leônidas,30,30,False,1
1938-0860,1938,1938-06-12,Quarter-finals,Czechoslovakia,Brazil,Away,Oldich Nejedlý,65,65,False,1
1938-0861,1938,1938-06-12,Quarter-finals,Hungary,Switzerland,Home,György Sárosi,40,40,False,1
1938-0861,1938,1938-06-12,Quarter-finals,Hungary,Switzerland,Home,Gyula Zsengellér,89,89,False,2
1938-0862,1938,1938-06-12,Quarter-finals,Italy,France,Home,Gino Colaussi,9,9,False,1
1938-0862,1938,1938-06-12,Quarter-finals,Italy,France,Home,Silvio Piola,51,51,False,2
1938-0862,1938,1938-06-12,Quarter-finals,Italy,France,Home,Silvio Piola,72,72,False,3
1938-0862,1938,1938-06-12,Quarter-finals,France,Italy,Away,Oscar Heisserer,10,10,False,1
1938-0863,1938,1938-06-09,Round of 16,Switzerland,Germany,Home,Eugen Walaschek,42,42,False,1
1938-0863,1938,1938-06-09,Round of 16,Switzerland,Germany,Home,Alfred Bickel,64,64,False,2
1938-0863,1938,1938-06-09,Round of 16,Switzerland,Germany,Home,André Abegglen,75,75,False,3
1938-0863,1938,1938-06-09,Round of 16,Switzerland,Germany,Home,André Abegglen,78,78,False,4
1938-0863,1938,1938-06-09,Round of 16,Germany,Switzerland,Away,Wilhelm Hahnemann,8,8,False,1
1938-0864,1938,1938-06-09,Round of 16,Cuba,Romania,Home,Héctor Socorro,51,51,False,1
1938-0864,1938,1938-06-09,Round of 16,Cuba,Romania,Home,Tomás Fernández,57,57,False,2
1938-0864,1938,1938-06-09,Round of 16,Romania,Cuba,Away,tefan Dobay,35,35,False,1
1938-0865,1938,1938-06-05,Round of 16,Italy,Norway,Home,Pietro Ferraris,2,2,False,1
1938-0865,1938,1938-06-05,Round of 16,Italy,Norway,Home,Silvio Piola,94,94,False,2
1938-0865,1938,1938-06-05,Round of 16,Norway,Italy,Away,Arne Brustad,83,83,False,1
1938-0866,1938,1938-06-05,Round of 16,Cuba,Romania,Home,Héctor Socorro,44,44,False,1
1938-0866,1938,1938-06-05,Round of 16,Cuba,Romania,Home,José Magriñá,69,69,False,2
1938-0866,1938,1938-06-05,Round of 16,Cuba,Romania,Home,Héctor Socorro,103,103,False,3
1938-0866,1938,1938-06-05,Round of 16,Romania,Cuba,Away,Silviu Bindea,35,35,False,1
1938-0866,1938,1938-06-05,Round of 16,Romania,Cuba,Away,Iuliu Barátky,88,88,False,2
1938-0866,1938,1938-06-05,Round of 16,Romania,Cuba,Away,tefan Dobay,105,105,False,3
1938-0867,1938,1938-06-05,Round of 16,Hungary,Dutch East Indies,Home,Vilmos Kohut,13,13,False,1
1938-0867,1938,1938-06-05,Round of 16,Hungary,Dutch East Indies,Home,Géza Toldi,15,15,False,2
1938-0867,1938,1938-06-05,Round of 16,Hungary,Dutch East Indies,Home,György Sárosi,28,28,False,3
1938-0867,1938,1938-06-05,Round of 16,Hungary,Dutch East Indies,Home,Gyula Zsengellér,35,35,False,4
1938-0867,1938,1938-06-05,Round of 16,Hungary,Dutch East Indies,Home,Gyula Zsengellér,76,76,False,5
1938-0867,1938,1938-06-05,Round of 16,Hungary,Dutch East Indies,Home,György Sárosi,89,89,False,6
1938-0868,1938,1938-06-05,Round of 16,France,Belgium,Home,Émile Veinante,1,1,False,1
1938-0868,1938,1938-06-05,Round of 16,France,Belgium,Home,Jean Nicolas,16,16,False,2
1938-0868,1938,1938-06-05,Round of 16,France,Belgium,Home,Jean Nicolas,69,69,False,3
1938-0868,1938,1938-06-05,Round of 16,Belgium,France,Away,Henri Isemborghs,38,38,False,1
1938-0869,1938,1938-06-05,Round of 16,Brazil,Poland,Home,Leônidas,18,18,False,1
1938-0869,1938,1938-06-05,Round of 16,Brazil,Poland,Home,Romeu Pellicciari,25,25,False,2
1938-0869,1938,1938-06-05,Round of 16,Brazil,Poland,Home,José Perácio,44,44,False,3
1938-0869,1938,1938-06-05,Round of 16,Brazil,Poland,Home,José Perácio,71,71,False,4
1938-0869,1938,1938-06-05,Round of 16,Brazil,Poland,Home,Leônidas,93,93,False,5
1938-0869,1938,1938-06-05,Round of 16,Brazil,Poland,Home,Leônidas,104,104,False,6
1938-0869,1938,1938-06-05,Round of 16,Poland,Brazil,Away,Ernst Wilimowski,53,53,False,1
1938-0869,1938,1938-06-05,Round of 16,Poland,Brazil,Away,Ernst Wilimowski,59,59,False,2
1938-0869,1938,1938-06-05,Round of 16,Poland,Brazil,Away,Ernst Wilimowski,89,89,False,3
1938-0869,1938,1938-06-05,Round of 16,Poland,Brazil,Away,Ernst Wilimowski,118,118,False,4
1938-0869,1938,1938-06-05,Round of 16,Poland,Brazil,Away,Friedrich Scherfke,23,23,False,5
1938-0870,1938,1938-06-05,Round of 16,Czechoslovakia,Netherlands,Home,Josef Košálek,93,93,False,1
1938-0870,1938,1938-06-05,Round of 16,Czechoslovakia,Netherlands,Home,Josef Zeman,111,111,False,2
1938-0870,1938,1938-06-05,Round of 16,Czechoslovakia,Netherlands,Home,Oldich Nejedlý,118,118,False,3
1938-0871,1938,1938-06-04,Round of 16,Switzerland,Germany,Home,André Abegglen,43,43,False,1
1938-0871,1938,1938-06-04,Round of 16,Germany,Switzerland,Away,Josef Gauchel,29,29,False,1
1934-0872,1934,1934-06-10,Final,Italy,Czechoslovakia,Home,Raimundo Orsi,81,81,False,1
1934-0872,1934,1934-06-10,Final,Italy,Czechoslovakia,Home,Angelo Schiavio,95,95,False,2
1934-0872,1934,1934-06-10,Final,Czechoslovakia,Italy,Away,Antonín Pu,71,71,False,1
1934-0873,1934,1934-06-07,Third-place match,Germany,Austria,Home,Ernst Lehner,1,1,False,1
1934-0873,1934,1934-06-07,Third-place match,Germany,Austria,Home,Edmund Conen,27,27,False,2
1934-0873,1934,1934-06-07,Third-place match,Germany,Austria,Home,Ernst Lehner,42,42,False,3
1934-0873,1934,1934-06-07,Third-place match,Austria,Germany,Away,Johann Horvath,28,28,False,1
1934-0873,1934,1934-06-07,Third-place match,Austria,Germany,Away,Karl Sesta,54,54,False,2
1934-0874,1934,1934-06-03,Semi-finals,Czechoslovakia,Germany,Home,Oldich Nejedlý,21,21,False,1
1934-0874,1934,1934-06-03,Semi-finals,Czechoslovakia,Germany,Home,Oldich Nejedlý,69,69,False,2
1934-0874,1934,1934-06-03,Semi-finals,Czechoslovakia,Germany,Home,Oldich Nejedlý,80,80,False,3
1934-0874,1934,1934-06-03,Semi-finals,Germany,Czechoslovakia,Away,Rudolf Noack,62,62,False,1
1934-0875,1934,1934-06-03,Semi-finals,Italy,Austria,Home,Enrique Guaita,19,19,False,1
1934-0876,1934,1934-06-01,Quarter-finals,Italy,Spain,Home,Giuseppe Meazza,11,11,False,1
1934-0877,1934,1934-05-31,Quarter-finals,Austria,Hungary,Home,Johann Horvath,8,8,False,1
1934-0877,1934,1934-05-31,Quarter-finals,Austria,Hungary,Home,Karl Zischek,51,51,False,2
1934-0877,1934,1934-05-31,Quarter-finals,Hungary,Austria,Away,György Sárosi,60,60,False,1
1934-0878,1934,1934-05-31,Quarter-finals,Czechoslovakia,Switzerland,Home,František Svoboda,24,24,False,1
1934-0878,1934,1934-05-31,Quarter-finals,Czechoslovakia,Switzerland,Home,Jií Sobotka,49,49,False,2
1934-0878,1934,1934-05-31,Quarter-finals,Czechoslovakia,Switzerland,Home,Oldich Nejedlý,82,82,False,3
1934-0878,1934,1934-05-31,Quarter-finals,Switzerland,Czechoslovakia,Away,Leopold Kielholz,18,18,False,1
1934-0878,1934,1934-05-31,Quarter-finals,Switzerland,Czechoslovakia,Away,Willy Jäggi,78,78,False,2
1934-0879,1934,1934-05-31,Quarter-finals,Italy,Spain,Home,Giovanni Ferrari,44,44,False,1
1934-0879,1934,1934-05-31,Quarter-finals,Spain,Italy,Away,Luis Regueiro,30,30,False,1
1934-0880,1934,1934-05-31,Quarter-finals,Germany,Sweden,Home,Karl Hohmann,60,60,False,1
1934-0880,1934,1934-05-31,Quarter-finals,Germany,Sweden,Home,Karl Hohmann,63,63,False,2
1934-0880,1934,1934-05-31,Quarter-finals,Sweden,Germany,Away,Gösta Dunker,82,82,False,1
1974-0881,1974,1974-06-14,First round,Scotland,Zaire,Away,Peter Lorimer,26,26,False,1
1974-0881,1974,1974-06-14,First round,Scotland,Zaire,Away,Joe Jordan,34,34,False,2
1970-0883,1970,1970-06-21,Final,Brazil,Italy,Home,Pelé,18,18,False,1
1970-0883,1970,1970-06-21,Final,Brazil,Italy,Home,Gérson,66,66,False,2
1970-0883,1970,1970-06-21,Final,Brazil,Italy,Home,Jairzinho,71,71,False,3
1970-0883,1970,1970-06-21,Final,Brazil,Italy,Home,Carlos Alberto Torres,86,86,False,4
1970-0883,1970,1970-06-21,Final,Italy,Brazil,Away,Roberto Boninsegna,37,37,False,1
1970-0884,1970,1970-06-20,Third-place match,West Germany,Uruguay,Home,Wolfgang Overath,26,26,False,1
1962-0885,1962,1962-06-06,Group stage,Soviet Union,Uruguay,Home,Aleksei Mamykin,38,38,False,1
1962-0885,1962,1962-06-06,Group stage,Soviet Union,Uruguay,Home,Valentin Kozmich Ivanov,89,89,False,2
1962-0885,1962,1962-06-06,Group stage,Uruguay,Soviet Union,Away,José Sasía,54,54,False,1
1962-0887,1962,1962-06-06,Group stage,Brazil,Spain,Home,Amarildo Tavares da Silveira,72,72,False,1
1962-0887,1962,1962-06-06,Group stage,Brazil,Spain,Home,Amarildo Tavares da Silveira,86,86,False,2
1962-0887,1962,1962-06-06,Group stage,Spain,Brazil,Away,Adelardo Rodríguez,35,35,False,1
1962-0888,1962,1962-06-03,Group stage,Spain,Mexico,Home,Joaquín Peiró,90,90,False,1
1962-0889,1962,1962-06-03,Group stage,Soviet Union,Colombia,Home,Valentin Kozmich Ivanov,8,8,False,1
1962-0889,1962,1962-06-03,Group stage,Soviet Union,Colombia,Home,Igor Chislenko,10,10,False,2
1962-0889,1962,1962-06-03,Group stage,Soviet Union,Colombia,Home,Valentin Kozmich Ivanov,11,11,False,3
1962-0889,1962,1962-06-03,Group stage,Soviet Union,Colombia,Home,Viktor Ponedelnik,56,56,False,4
1962-0889,1962,1962-06-03,Group stage,Colombia,Soviet Union,Away,Germán Aceros,21,21,False,1
1962-0889,1962,1962-06-03,Group stage,Colombia,Soviet Union,Away,Marcos Coll,68,68,False,2
1962-0889,1962,1962-06-03,Group stage,Colombia,Soviet Union,Away,Antonio Rada,72,72,False,3
1962-0889,1962,1962-06-03,Group stage,Colombia,Soviet Union,Away,Marino Klinger,76,76,False,4
1962-0890,1962,1962-06-03,Group stage,Hungary,Bulgaria,Home,Flórián Albert,1,1,False,1
1962-0890,1962,1962-06-03,Group stage,Hungary,Bulgaria,Home,Flórián Albert,6,6,False,2
1962-0890,1962,1962-06-03,Group stage,Hungary,Bulgaria,Home,Lajos Tichy,8,8,False,3
1962-0890,1962,1962-06-03,Group stage,Hungary,Bulgaria,Home,Ern Solymosi,12,12,False,4
1962-0890,1962,1962-06-03,Group stage,Hungary,Bulgaria,Home,Flórián Albert,53,53,False,5
1962-0890,1962,1962-06-03,Group stage,Hungary,Bulgaria,Home,Lajos Tichy,70,70,False,6
1962-0890,1962,1962-06-03,Group stage,Bulgaria,Hungary,Away,Georgi Sokolov,64,64,False,1
1962-0891,1962,1962-06-03,Group stage,West Germany,Switzerland,Home,Albert Brülls,45,45,False,1
1962-0891,1962,1962-06-03,Group stage,West Germany,Switzerland,Home,Uwe Seeler,59,59,False,2
1962-0891,1962,1962-06-03,Group stage,Switzerland,West Germany,Away,Heinz Schneiter,73,73,False,1
1954-0892,1954,1954-06-16,Group stage,Brazil,Mexico,Home,Baltazar,23,23,False,1
1954-0892,1954,1954-06-16,Group stage,Brazil,Mexico,Home,Didi,30,30,False,2
1954-0892,1954,1954-06-16,Group stage,Brazil,Mexico,Home,José Lázaro Robles,34,34,False,3
1954-0892,1954,1954-06-16,Group stage,Brazil,Mexico,Home,José Lázaro Robles,43,43,False,4
1954-0892,1954,1954-06-16,Group stage,Brazil,Mexico,Home,Júlio Botelho,69,69,False,5
1962-0893,1962,1962-06-02,Group stage,Chile,Italy,Home,Jaime Ramírez,73,73,False,1
1962-0893,1962,1962-06-02,Group stage,Chile,Italy,Home,Jorge Toro,87,87,False,2
1954-0894,1954,1954-06-16,Group stage,Austria,Scotland,Home,Erich Probst,33,33,False,1
1950-0896,1950,1950-07-16,Final stage,Sweden,Spain,Home,Stig Sundqvist,15,15,False,1
1950-0896,1950,1950-07-16,Final stage,Sweden,Spain,Home,Bror Mellberg,33,33,False,2
1950-0896,1950,1950-07-16,Final stage,Sweden,Spain,Home,Karl-Erik Palmér,80,80,False,3
1950-0896,1950,1950-07-16,Final stage,Spain,Sweden,Away,Telmo Zarra,82,82,False,1
1950-0897,1950,1950-07-16,Final stage,Uruguay,Brazil,Home,Juan Alberto Schiaffino,66,66,False,1
1950-0897,1950,1950-07-16,Final stage,Uruguay,Brazil,Home,Alcides Ghiggia,79,79,False,2
1950-0897,1950,1950-07-16,Final stage,Brazil,Uruguay,Away,Friaça,47,47,False,1
1962-0898,1962,1962-06-02,Group stage,England,Argentina,Home,Bobby Charlton,42,42,False,1
1962-0898,1962,1962-06-02,Group stage,England,Argentina,Home,Jimmy Greaves,67,67,False,2
1962-0898,1962,1962-06-02,Group stage,England,Argentina,Home,Ron Flowers,17,17,False,3
1962-0898,1962,1962-06-02,Group stage,Argentina,England,Away,José Sanfilippo,81,81,False,1
1950-0899,1950,1950-07-13,Final stage,Brazil,Spain,Home,Jair da Rosa Pinto,21,21,False,1
1950-0899,1950,1950-07-13,Final stage,Brazil,Spain,Home,Francisco Aramburu,31,31,False,2
1950-0899,1950,1950-07-13,Final stage,Brazil,Spain,Home,Francisco Aramburu,55,55,False,3
1950-0899,1950,1950-07-13,Final stage,Brazil,Spain,Home,Ademir,57,57,False,4
1950-0899,1950,1950-07-13,Final stage,Brazil,Spain,Home,Zizinho,67,67,False,5
1950-0899,1950,1950-07-13,Final stage,Spain,Brazil,Away,Silvestre Igoa,71,71,False,1
1950-0900,1950,1950-07-13,Final stage,Uruguay,Sweden,Home,Alcides Ghiggia,39,39,False,1
1950-0900,1950,1950-07-13,Final stage,Uruguay,Sweden,Home,Óscar Míguez,77,77,False,2
1950-0900,1950,1950-07-13,Final stage,Uruguay,Sweden,Home,Óscar Míguez,85,85,False,3
1950-0900,1950,1950-07-13,Final stage,Sweden,Uruguay,Away,Karl-Erik Palmér,5,5,False,1
1950-0900,1950,1950-07-13,Final stage,Sweden,Uruguay,Away,Stig Sundqvist,40,40,False,2
1950-0901,1950,1950-07-09,Final stage,Brazil,Sweden,Home,Ademir,17,17,False,1
1950-0901,1950,1950-07-09,Final stage,Brazil,Sweden,Home,Ademir,36,36,False,2
1950-0901,1950,1950-07-09,Final stage,Brazil,Sweden,Home,Francisco Aramburu,39,39,False,3
1950-0901,1950,1950-07-09,Final stage,Brazil,Sweden,Home,Ademir,52,52,False,4
1950-0901,1950,1950-07-09,Final stage,Brazil,Sweden,Home,Ademir,58,58,False,5
1950-0901,1950,1950-07-09,Final stage,Brazil,Sweden,Home,Maneca,85,85,False,6
1950-0901,1950,1950-07-09,Final stage,Brazil,Sweden,Home,Francisco Aramburu,88,88,False,7
1950-0901,1950,1950-07-09,Final stage,Sweden,Brazil,Away,Sune Andersson,67,67,False,1
1950-0902,1950,1950-07-09,Final stage,Uruguay,Spain,Home,Alcides Ghiggia,29,29,False,1
1950-0902,1950,1950-07-09,Final stage,Uruguay,Spain,Home,Obdulio Varela,73,73,False,2
1950-0902,1950,1950-07-09,Final stage,Spain,Uruguay,Away,Estanislau Basora,37,37,False,1
1950-0902,1950,1950-07-09,Final stage,Spain,Uruguay,Away,Estanislau Basora,39,39,False,2
1962-0903,1962,1962-06-02,Group stage,Yugoslavia,Uruguay,Home,Milan Gali,29,29,False,1
1962-0903,1962,1962-06-02,Group stage,Yugoslavia,Uruguay,Home,Dražan Jerkovi,49,49,False,2
1962-0903,1962,1962-06-02,Group stage,Yugoslavia,Uruguay,Home,Josip Skoblar,25,25,False,3
1962-0903,1962,1962-06-02,Group stage,Uruguay,Yugoslavia,Away,Ángel Cabrera,19,19,False,1
1962-0905,1962,1962-05-31,Group stage,Hungary,England,Home,Lajos Tichy,17,17,False,1
1962-0905,1962,1962-05-31,Group stage,Hungary,England,Home,Flórián Albert,71,71,False,2
1962-0905,1962,1962-05-31,Group stage,England,Hungary,Away,Ron Flowers,60,60,False,1
1962-0906,1962,1962-05-31,Group stage,Czechoslovakia,Spain,Home,Jozef Štibrányi,80,80,False,1
1950-0907,1950,1950-07-02,Group stage,Chile,United States,Home,George Robledo,16,16,False,1
1950-0907,1950,1950-07-02,Group stage,Chile,United States,Home,Atilio Cremaschi,32,32,False,2
1950-0907,1950,1950-07-02,Group stage,Chile,United States,Home,Andrés Prieto,54,54,False,3
1950-0907,1950,1950-07-02,Group stage,Chile,United States,Home,Atilio Cremaschi,60,60,False,4
1950-0907,1950,1950-07-02,Group stage,Chile,United States,Home,Fernando Riera,82,82,False,5
1950-0907,1950,1950-07-02,Group stage,United States,Chile,Away,Frank Wallace,47,47,False,1
1950-0907,1950,1950-07-02,Group stage,United States,Chile,Away,Joe Maca,48,48,False,2
1950-0908,1950,1950-07-02,Group stage,Italy,Paraguay,Home,Riccardo Carapellese,12,12,False,1
1950-0908,1950,1950-07-02,Group stage,Italy,Paraguay,Home,Egisto Pandolfini,63,63,False,2
1950-0909,1950,1950-07-02,Group stage,Uruguay,Bolivia,Home,Óscar Míguez,14,14,False,1
1950-0909,1950,1950-07-02,Group stage,Uruguay,Bolivia,Home,Ernesto Vidal,18,18,False,2
1950-0909,1950,1950-07-02,Group stage,Uruguay,Bolivia,Home,Juan Alberto Schiaffino,23,23,False,3
1950-0909,1950,1950-07-02,Group stage,Uruguay,Bolivia,Home,Óscar Míguez,40,40,False,4
1950-0909,1950,1950-07-02,Group stage,Uruguay,Bolivia,Home,Óscar Míguez,51,51,False,5
1950-0909,1950,1950-07-02,Group stage,Uruguay,Bolivia,Home,Juan Alberto Schiaffino,54,54,False,6
1950-0909,1950,1950-07-02,Group stage,Uruguay,Bolivia,Home,Julio Pérez,83,83,False,7
1950-0909,1950,1950-07-02,Group stage,Uruguay,Bolivia,Home,Alcides Ghiggia,87,87,False,8
1962-0910,1962,1962-05-31,Group stage,Soviet Union,Yugoslavia,Home,Valentin Kozmich Ivanov,51,51,False,1
1962-0910,1962,1962-05-31,Group stage,Soviet Union,Yugoslavia,Home,Viktor Ponedelnik,83,83,False,2
1962-0911,1962,1962-05-30,Group stage,Chile,Switzerland,Home,Leonel Sánchez,44,44,False,1
1962-0911,1962,1962-05-30,Group stage,Chile,Switzerland,Home,Jaime Ramírez,51,51,False,2
1962-0911,1962,1962-05-30,Group stage,Chile,Switzerland,Home,Leonel Sánchez,55,55,False,3
1962-0911,1962,1962-05-30,Group stage,Switzerland,Chile,Away,Rolf Wüthrich,6,6,False,1
1962-0912,1962,1962-05-30,Group stage,Uruguay,Colombia,Home,Luis Cubilla,56,56,False,1
1962-0912,1962,1962-05-30,Group stage,Uruguay,Colombia,Home,José Sasía,75,75,False,2
1962-0912,1962,1962-05-30,Group stage,Colombia,Uruguay,Away,Francisco Zuluaga,19,19,False,1
1962-0913,1962,1962-05-30,Group stage,Brazil,Mexico,Home,Mário Zagallo,56,56,False,1
1962-0913,1962,1962-05-30,Group stage,Brazil,Mexico,Home,Pelé,73,73,False,2
1962-0914,1962,1962-05-30,Group stage,Argentina,Bulgaria,Home,Héctor Facundo,4,4,False,1
1958-0915,1958,1958-06-29,Final,Brazil,Sweden,Home,Vavá,9,9,False,1
1958-0915,1958,1958-06-29,Final,Brazil,Sweden,Home,Vavá,32,32,False,2
1958-0915,1958,1958-06-29,Final,Brazil,Sweden,Home,Pelé,55,55,False,3
1958-0915,1958,1958-06-29,Final,Brazil,Sweden,Home,Mário Zagallo,68,68,False,4
1958-0915,1958,1958-06-29,Final,Brazil,Sweden,Home,Pelé,90,90,False,5
1958-0915,1958,1958-06-29,Final,Sweden,Brazil,Away,Nils Liedholm,4,4,False,1
1958-0915,1958,1958-06-29,Final,Sweden,Brazil,Away,Agne Simonsson,80,80,False,2
1958-0916,1958,1958-06-28,Third-place match,France,West Germany,Home,Just Fontaine,16,16,False,1
1958-0916,1958,1958-06-28,Third-place match,France,West Germany,Home,Just Fontaine,36,36,False,2
1958-0916,1958,1958-06-28,Third-place match,France,West Germany,Home,Yvon Douis,50,50,False,3
1958-0916,1958,1958-06-28,Third-place match,France,West Germany,Home,Just Fontaine,78,78,False,4
1958-0916,1958,1958-06-28,Third-place match,France,West Germany,Home,Just Fontaine,89,89,False,5
1958-0916,1958,1958-06-28,Third-place match,France,West Germany,Home,Raymond Kopa,27,27,False,6
1958-0916,1958,1958-06-28,Third-place match,West Germany,France,Away,Hans Cieslarczyk,18,18,False,1
1958-0916,1958,1958-06-28,Third-place match,West Germany,France,Away,Helmut Rahn,52,52,False,2
1958-0916,1958,1958-06-28,Third-place match,West Germany,France,Away,Hans Schäfer,84,84,False,3
1958-0917,1958,1958-06-24,Semi-finals,Sweden,West Germany,Home,Lennart Skoglund,32,32,False,1
1958-0917,1958,1958-06-24,Semi-finals,Sweden,West Germany,Home,Gunnar Gren,81,81,False,2
1958-0917,1958,1958-06-24,Semi-finals,Sweden,West Germany,Home,Kurt Hamrin,88,88,False,3
1958-0917,1958,1958-06-24,Semi-finals,West Germany,Sweden,Away,Hans Schäfer,24,24,False,1
1934-0918,1934,1934-05-27,Round of 16,Czechoslovakia,Romania,Home,Antonín Pu,50,50,False,1
1934-0918,1934,1934-05-27,Round of 16,Czechoslovakia,Romania,Home,Oldich Nejedlý,67,67,False,2
1934-0918,1934,1934-05-27,Round of 16,Romania,Czechoslovakia,Away,tefan Dobay,11,11,False,1
1934-0919,1934,1934-05-27,Round of 16,Hungary,Egypt,Home,Pál Teleki,11,11,False,1
1934-0919,1934,1934-05-27,Round of 16,Hungary,Egypt,Home,Géza Toldi,31,31,False,2
1934-0919,1934,1934-05-27,Round of 16,Hungary,Egypt,Home,Jen Vincze,53,53,False,3
1934-0919,1934,1934-05-27,Round of 16,Hungary,Egypt,Home,Géza Toldi,61,61,False,4
1934-0919,1934,1934-05-27,Round of 16,Egypt,Hungary,Away,Abdulrahman Fawzi,35,35,False,1
1934-0919,1934,1934-05-27,Round of 16,Egypt,Hungary,Away,Abdulrahman Fawzi,39,39,False,2
1934-0920,1934,1934-05-27,Round of 16,Austria,France,Home,Matthias Sindelar,44,44,False,1
1934-0920,1934,1934-05-27,Round of 16,Austria,France,Home,Anton Schall,93,93,False,2
1934-0920,1934,1934-05-27,Round of 16,Austria,France,Home,Josef Bican,109,109,False,3
1934-0920,1934,1934-05-27,Round of 16,France,Austria,Away,Jean Nicolas,18,18,False,1
1934-0920,1934,1934-05-27,Round of 16,France,Austria,Away,Georges Verriest,116,116,False,2
1934-0921,1934,1934-05-27,Round of 16,Switzerland,Netherlands,Home,Leopold Kielholz,7,7,False,1
1934-0921,1934,1934-05-27,Round of 16,Switzerland,Netherlands,Home,Leopold Kielholz,43,43,False,2
1934-0921,1934,1934-05-27,Round of 16,Switzerland,Netherlands,Home,André Abegglen,66,66,False,3
1934-0921,1934,1934-05-27,Round of 16,Netherlands,Switzerland,Away,Kick Smit,29,29,False,1
1934-0921,1934,1934-05-27,Round of 16,Netherlands,Switzerland,Away,Leen Vente,69,69,False,2
1970-0922,1970,1970-06-17,Semi-finals,Italy,West Germany,Home,Roberto Boninsegna,8,8,False,1
1970-0922,1970,1970-06-17,Semi-finals,Italy,West Germany,Home,Tarcisio Burgnich,98,98,False,2
1970-0922,1970,1970-06-17,Semi-finals,Italy,West Germany,Home,Luigi Riva,104,104,False,3
1970-0922,1970,1970-06-17,Semi-finals,Italy,West Germany,Home,Gianni Rivera,111,111,False,4
1970-0922,1970,1970-06-17,Semi-finals,West Germany,Italy,Away,Karl-Heinz Schnellinger,90,90,False,1
1970-0922,1970,1970-06-17,Semi-finals,West Germany,Italy,Away,Gerd Müller,94,94,False,2
1970-0922,1970,1970-06-17,Semi-finals,West Germany,Italy,Away,Gerd Müller,110,110,False,3
1970-0923,1970,1970-06-17,Semi-finals,Brazil,Uruguay,Home,Clodoaldo,44,44,False,1
1970-0923,1970,1970-06-17,Semi-finals,Brazil,Uruguay,Home,Jairzinho,76,76,False,2
1970-0923,1970,1970-06-17,Semi-finals,Brazil,Uruguay,Home,Rivellino,89,89,False,3
1970-0923,1970,1970-06-17,Semi-finals,Uruguay,Brazil,Away,Luis Cubilla,19,19,False,1
1970-0924,1970,1970-06-14,Quarter-finals,Brazil,Peru,Home,Rivellino,11,11,False,1
1970-0924,1970,1970-06-14,Quarter-finals,Brazil,Peru,Home,Tostão,15,15,False,2
1970-0924,1970,1970-06-14,Quarter-finals,Brazil,Peru,Home,Tostão,52,52,False,3
1970-0924,1970,1970-06-14,Quarter-finals,Brazil,Peru,Home,Jairzinho,75,75,False,4
1970-0924,1970,1970-06-14,Quarter-finals,Peru,Brazil,Away,Alberto Gallardo,28,28,False,1
1970-0924,1970,1970-06-14,Quarter-finals,Peru,Brazil,Away,Teófilo Cubillas,70,70,False,2
1970-0925,1970,1970-06-14,Quarter-finals,Italy,Mexico,Home,Luigi Riva,63,63,False,1
1970-0925,1970,1970-06-14,Quarter-finals,Italy,Mexico,Home,Gianni Rivera,70,70,False,2
1970-0925,1970,1970-06-14,Quarter-finals,Italy,Mexico,Home,Luigi Riva,76,76,False,3
1970-0925,1970,1970-06-14,Quarter-finals,Mexico,Italy,Away,José Luis González Dávila,13,13,False,1
1970-0926,1970,1970-06-14,Quarter-finals,Uruguay,Soviet Union,Home,Víctor Espárrago,117,117,False,1
1970-0927,1970,1970-06-14,Quarter-finals,West Germany,England,Home,Franz Beckenbauer,68,68,False,1
1970-0927,1970,1970-06-14,Quarter-finals,West Germany,England,Home,Uwe Seeler,82,82,False,2
1970-0927,1970,1970-06-14,Quarter-finals,West Germany,England,Home,Gerd Müller,108,108,False,3
1970-0927,1970,1970-06-14,Quarter-finals,England,West Germany,Away,Alan Mullery,31,31,False,1
1970-0927,1970,1970-06-14,Quarter-finals,England,West Germany,Away,Martin Peters,49,49,False,2
1970-0928,1970,1970-06-11,Group stage,Mexico,Belgium,Home,Gustavo Peña,14,14,False,1
1970-0930,1970,1970-06-11,Group stage,Bulgaria,Morocco,Home,Dobromir Zhechev,40,40,False,1
1970-0930,1970,1970-06-11,Group stage,Morocco,Bulgaria,Away,Maouhoub Ghazouani,61,61,False,1
1970-0931,1970,1970-06-11,Group stage,England,Czechoslovakia,Home,Allan Clarke,50,50,False,1
1970-0932,1970,1970-06-10,Group stage,West Germany,Peru,Home,Gerd Müller,19,19,False,1
1970-0932,1970,1970-06-10,Group stage,West Germany,Peru,Home,Gerd Müller,26,26,False,2
1970-0932,1970,1970-06-10,Group stage,West Germany,Peru,Home,Gerd Müller,39,39,False,3
1970-0932,1970,1970-06-10,Group stage,Peru,West Germany,Away,Teófilo Cubillas,44,44,False,1
1970-0933,1970,1970-06-10,Group stage,Brazil,Romania,Home,Pelé,19,19,False,1
1970-0933,1970,1970-06-10,Group stage,Brazil,Romania,Home,Jairzinho,22,22,False,2
1970-0933,1970,1970-06-10,Group stage,Brazil,Romania,Home,Pelé,67,67,False,3
1970-0933,1970,1970-06-10,Group stage,Romania,Brazil,Away,Florea Dumitrache,34,34,False,1
1970-0933,1970,1970-06-10,Group stage,Romania,Brazil,Away,Emerich Dembrovschi,84,84,False,2
1970-0934,1970,1970-06-10,Group stage,Sweden,Uruguay,Home,Ove Grahn,90,90,False,1
1970-0935,1970,1970-06-10,Group stage,Soviet Union,El Salvador,Home,Anatoliy Byshovets,51,51,False,1
1970-0935,1970,1970-06-10,Group stage,Soviet Union,El Salvador,Home,Anatoliy Byshovets,74,74,False,2
1970-0936,1970,1970-06-07,Group stage,Mexico,El Salvador,Home,Javier Valdivia,45,45,False,1
1970-0936,1970,1970-06-07,Group stage,Mexico,El Salvador,Home,Javier Valdivia,46,46,False,2
1970-0936,1970,1970-06-07,Group stage,Mexico,El Salvador,Home,Javier Fragoso,58,58,False,3
1970-0936,1970,1970-06-07,Group stage,Mexico,El Salvador,Home,Juan Ignacio Basaguren,83,83,False,4
1970-0937,1970,1970-06-07,Group stage,Brazil,England,Home,Jairzinho,59,59,False,1
1934-0938,1934,1934-05-27,Round of 16,Sweden,Argentina,Home,Sven Jonasson,9,9,False,1
1934-0938,1934,1934-05-27,Round of 16,Sweden,Argentina,Home,Sven Jonasson,67,67,False,2
1934-0938,1934,1934-05-27,Round of 16,Sweden,Argentina,Home,Knut Kroon,79,79,False,3
1934-0938,1934,1934-05-27,Round of 16,Argentina,Sweden,Away,Ernesto Belis,4,4,False,1
1934-0938,1934,1934-05-27,Round of 16,Argentina,Sweden,Away,Alberto Galateo,48,48,False,2
1934-0939,1934,1934-05-27,Round of 16,Spain,Brazil,Home,José Iraragorri,25,25,False,1
1934-0939,1934,1934-05-27,Round of 16,Spain,Brazil,Home,Isidro Lángara,29,29,False,2
1934-0939,1934,1934-05-27,Round of 16,Spain,Brazil,Home,José Iraragorri,18,18,False,3
1934-0939,1934,1934-05-27,Round of 16,Brazil,Spain,Away,Leônidas,55,55,False,1
1934-0940,1934,1934-05-27,Round of 16,Germany,Belgium,Home,Stanislaus Kobierski,25,25,False,1
1934-0940,1934,1934-05-27,Round of 16,Germany,Belgium,Home,Otto Siffling,49,49,False,2
1934-0940,1934,1934-05-27,Round of 16,Germany,Belgium,Home,Edmund Conen,66,66,False,3
1934-0940,1934,1934-05-27,Round of 16,Germany,Belgium,Home,Edmund Conen,70,70,False,4
1934-0940,1934,1934-05-27,Round of 16,Germany,Belgium,Home,Edmund Conen,87,87,False,5
1934-0940,1934,1934-05-27,Round of 16,Belgium,Germany,Away,Bernard Voorhoof,29,29,False,1
1934-0940,1934,1934-05-27,Round of 16,Belgium,Germany,Away,Bernard Voorhoof,43,43,False,2
1934-0941,1934,1934-05-27,Round of 16,Italy,United States,Home,Angelo Schiavio,18,18,False,1
1934-0941,1934,1934-05-27,Round of 16,Italy,United States,Home,Raimundo Orsi,20,20,False,2
1934-0941,1934,1934-05-27,Round of 16,Italy,United States,Home,Angelo Schiavio,29,29,False,3
1934-0941,1934,1934-05-27,Round of 16,Italy,United States,Home,Giovanni Ferrari,63,63,False,4
1934-0941,1934,1934-05-27,Round of 16,Italy,United States,Home,Angelo Schiavio,64,64,False,5
1934-0941,1934,1934-05-27,Round of 16,Italy,United States,Home,Raimundo Orsi,69,69,False,6
1934-0941,1934,1934-05-27,Round of 16,Italy,United States,Home,Giuseppe Meazza,90,90,False,7
1934-0941,1934,1934-05-27,Round of 16,United States,Italy,Away,Aldo Donelli,57,57,False,1
1930-0942,1930,1930-07-30,Final,Uruguay,Argentina,Home,Pablo Dorado,12,12,False,1
1930-0942,1930,1930-07-30,Final,Uruguay,Argentina,Home,Pedro Cea,57,57,False,2
1930-0942,1930,1930-07-30,Final,Uruguay,Argentina,Home,Santos Iriarte,68,68,False,3
1930-0942,1930,1930-07-30,Final,Uruguay,Argentina,Home,Héctor Castro,89,89,False,4
1930-0942,1930,1930-07-30,Final,Argentina,Uruguay,Away,Carlos Peucelle,20,20,False,1
1930-0942,1930,1930-07-30,Final,Argentina,Uruguay,Away,Guillermo Stábile,37,37,False,2
1930-0943,1930,1930-07-27,Semi-finals,Uruguay,Yugoslavia,Home,Pedro Cea,18,18,False,1
1930-0943,1930,1930-07-27,Semi-finals,Uruguay,Yugoslavia,Home,Peregrino Anselmo,20,20,False,2
1930-0943,1930,1930-07-27,Semi-finals,Uruguay,Yugoslavia,Home,Peregrino Anselmo,31,31,False,3
1930-0943,1930,1930-07-27,Semi-finals,Uruguay,Yugoslavia,Home,Santos Iriarte,61,61,False,4
1930-0943,1930,1930-07-27,Semi-finals,Uruguay,Yugoslavia,Home,Pedro Cea,67,67,False,5
1930-0943,1930,1930-07-27,Semi-finals,Uruguay,Yugoslavia,Home,Pedro Cea,72,72,False,6
1930-0943,1930,1930-07-27,Semi-finals,Yugoslavia,Uruguay,Away,ore Vujadinovi,4,4,False,1
1930-0944,1930,1930-07-26,Semi-finals,Argentina,United States,Home,Luis Monti,20,20,False,1
1930-0944,1930,1930-07-26,Semi-finals,Argentina,United States,Home,Alejandro Scopelli,56,56,False,2
1930-0944,1930,1930-07-26,Semi-finals,Argentina,United States,Home,Guillermo Stábile,69,69,False,3
1930-0944,1930,1930-07-26,Semi-finals,Argentina,United States,Home,Carlos Peucelle,80,80,False,4
1930-0944,1930,1930-07-26,Semi-finals,Argentina,United States,Home,Carlos Peucelle,85,85,False,5
1930-0944,1930,1930-07-26,Semi-finals,Argentina,United States,Home,Guillermo Stábile,87,87,False,6
1930-0944,1930,1930-07-26,Semi-finals,United States,Argentina,Away,Jim Brown,89,89,False,1
1930-0945,1930,1930-07-22,Group stage,Argentina,Chile,Home,Guillermo Stábile,12,12,False,1
1930-0945,1930,1930-07-22,Group stage,Argentina,Chile,Home,Guillermo Stábile,13,13,False,2
1930-0945,1930,1930-07-22,Group stage,Argentina,Chile,Home,Mario Evaristo,51,51,False,3
1930-0945,1930,1930-07-22,Group stage,Chile,Argentina,Away,Guillermo Subiabre,15,15,False,1
1930-0946,1930,1930-07-21,Group stage,Uruguay,Romania,Home,Pablo Dorado,7,7,False,1
1930-0946,1930,1930-07-21,Group stage,Uruguay,Romania,Home,Héctor Scarone,24,24,False,2
1930-0946,1930,1930-07-21,Group stage,Uruguay,Romania,Home,Peregrino Anselmo,30,30,False,3
1930-0946,1930,1930-07-21,Group stage,Uruguay,Romania,Home,Pedro Cea,35,35,False,4
1930-0947,1930,1930-07-20,Group stage,Brazil,Bolivia,Home,Moderato Wisintainer,37,37,False,1
1930-0947,1930,1930-07-20,Group stage,Brazil,Bolivia,Home,Preguinho,67,67,False,2
1930-0947,1930,1930-07-20,Group stage,Brazil,Bolivia,Home,Moderato Wisintainer,73,73,False,3
1930-0947,1930,1930-07-20,Group stage,Brazil,Bolivia,Home,Preguinho,83,83,False,4
1930-0948,1930,1930-07-20,Group stage,Paraguay,Belgium,Home,Luis Vargas Peña,40,40,False,1
1930-0949,1930,1930-07-19,Group stage,Chile,France,Home,Guillermo Subiabre,65,65,False,1
1970-0950,1970,1970-06-07,Group stage,West Germany,Bulgaria,Home,Reinhard Libuda,20,20,False,1
1970-0950,1970,1970-06-07,Group stage,West Germany,Bulgaria,Home,Gerd Müller,27,27,False,2
1970-0950,1970,1970-06-07,Group stage,West Germany,Bulgaria,Home,Uwe Seeler,70,70,False,3
1970-0950,1970,1970-06-07,Group stage,West Germany,Bulgaria,Home,Gerd Müller,88,88,False,4
1970-0950,1970,1970-06-07,Group stage,West Germany,Bulgaria,Home,Gerd Müller,52,52,False,5
1970-0950,1970,1970-06-07,Group stage,Bulgaria,West Germany,Away,Asparuh Nikodimov,12,12,False,1
1970-0950,1970,1970-06-07,Group stage,Bulgaria,West Germany,Away,Todor Kolev,89,89,False,2
1970-0951,1970,1970-06-07,Group stage,Sweden,Israel,Home,Tom Turesson,53,53,False,1
1970-0951,1970,1970-06-07,Group stage,Israel,Sweden,Away,Mordechai Spiegler,56,56,False,1
1970-0952,1970,1970-06-06,Group stage,Romania,Czechoslovakia,Home,Alexandru Neagu,52,52,False,1
1970-0952,1970,1970-06-06,Group stage,Romania,Czechoslovakia,Home,Florea Dumitrache,75,75,False,2
1970-0952,1970,1970-06-06,Group stage,Czechoslovakia,Romania,Away,Ladislav Petráš,5,5,False,1
1970-0954,1970,1970-06-06,Group stage,Soviet Union,Belgium,Home,Anatoliy Byshovets,14,14,False,1
1970-0954,1970,1970-06-06,Group stage,Soviet Union,Belgium,Home,Kakhi Asatiani,57,57,False,2
1970-0954,1970,1970-06-06,Group stage,Soviet Union,Belgium,Home,Anatoliy Byshovets,63,63,False,3
1970-0954,1970,1970-06-06,Group stage,Soviet Union,Belgium,Home,Vitaliy Khmelnytskyi,76,76,False,4
1970-0954,1970,1970-06-06,Group stage,Belgium,Soviet Union,Away,Raoul Lambert,86,86,False,1
1930-0955,1930,1930-07-19,Group stage,Argentina,Mexico,Home,Guillermo Stábile,8,8,False,1
1930-0955,1930,1930-07-19,Group stage,Argentina,Mexico,Home,Adolfo Zumelzú,12,12,False,2
1930-0955,1930,1930-07-19,Group stage,Argentina,Mexico,Home,Guillermo Stábile,17,17,False,3
1930-0955,1930,1930-07-19,Group stage,Argentina,Mexico,Home,Francisco Varallo,53,53,False,4
1930-0955,1930,1930-07-19,Group stage,Argentina,Mexico,Home,Adolfo Zumelzú,55,55,False,5
1930-0955,1930,1930-07-19,Group stage,Argentina,Mexico,Home,Guillermo Stábile,80,80,False,6
1930-0955,1930,1930-07-19,Group stage,Mexico,Argentina,Away,Manuel Rosas,65,65,False,1
1930-0955,1930,1930-07-19,Group stage,Mexico,Argentina,Away,Roberto Gayón,75,75,False,2
1930-0955,1930,1930-07-19,Group stage,Mexico,Argentina,Away,Manuel Rosas,42,42,False,3
1930-0956,1930,1930-07-18,Group stage,Uruguay,Peru,Home,Héctor Castro,60,60,False,1
1930-0957,1930,1930-07-17,Group stage,Yugoslavia,Bolivia,Home,Ivan Bek,60,60,False,1
1930-0957,1930,1930-07-17,Group stage,Yugoslavia,Bolivia,Home,Blagoje Marjanovi,65,65,False,2
1930-0957,1930,1930-07-17,Group stage,Yugoslavia,Bolivia,Home,Ivan Bek,67,67,False,3
1930-0957,1930,1930-07-17,Group stage,Yugoslavia,Bolivia,Home,ore Vujadinovi,85,85,False,4
1930-0958,1930,1930-07-17,Group stage,United States,Paraguay,Home,Bert Patenaude,10,10,False,1
1930-0958,1930,1930-07-17,Group stage,United States,Paraguay,Home,Bert Patenaude,15,15,False,2
1930-0958,1930,1930-07-17,Group stage,United States,Paraguay,Home,Bert Patenaude,50,50,False,3
1930-0959,1930,1930-07-16,Group stage,Chile,Mexico,Home,Carlos Vidal,3,3,False,1
1930-0959,1930,1930-07-16,Group stage,Chile,Mexico,Home,Carlos Vidal,65,65,False,2
1930-0960,1930,1930-07-15,Group stage,Argentina,France,Home,Luis Monti,81,81,False,1
1930-0961,1930,1930-07-14,Group stage,Yugoslavia,Brazil,Home,Aleksandar Tirnani,21,21,False,1
1930-0961,1930,1930-07-14,Group stage,Yugoslavia,Brazil,Home,Ivan Bek,30,30,False,2
1930-0961,1930,1930-07-14,Group stage,Brazil,Yugoslavia,Away,Preguinho,62,62,False,1
1930-0962,1930,1930-07-14,Group stage,Romania,Peru,Home,Adalbert Deu,1,1,False,1
1930-0962,1930,1930-07-14,Group stage,Romania,Peru,Home,Constantin Stanciu,79,79,False,2
1930-0962,1930,1930-07-14,Group stage,Romania,Peru,Home,Nicolae Kovács,89,89,False,3
1930-0962,1930,1930-07-14,Group stage,Peru,Romania,Away,Luis de Souza Ferreira,75,75,False,1
1930-0963,1930,1930-07-13,Group stage,United States,Belgium,Home,Bart McGhee,23,23,False,1
1930-0963,1930,1930-07-13,Group stage,United States,Belgium,Home,Tom Florie,45,45,False,2
1930-0963,1930,1930-07-13,Group stage,United States,Belgium,Home,Bert Patenaude,69,69,False,3
1930-0964,1930,1930-07-13,Group stage,France,Mexico,Home,Lucien Laurent,19,19,False,1
1930-0964,1930,1930-07-13,Group stage,France,Mexico,Home,Marcel Langiller,40,40,False,2
1930-0964,1930,1930-07-13,Group stage,France,Mexico,Home,André Maschinot,43,43,False,3
1930-0964,1930,1930-07-13,Group stage,France,Mexico,Home,André Maschinot,87,87,False,4
1930-0964,1930,1930-07-13,Group stage,Mexico,France,Away,Juan Carreño,70,70,False,1
