home_team,away_team,home_score,home_penalties,away_score,away_penalties,attendance,venue,stage,match_date,host_country,wc_year,home_goal_scorers,away_goal_scorers,home_og_scored,away_og_scored,match_id,total_goals,scoreline,goal_difference,went_to_penalties,stage_group,decade,venue_name,venue_city,winner,result_type
Costa Rica,England,0,0,0,0,57823,"Estádio Governador Magalhães Pinto, Belo Horizonte",Group stage,2014-06-24,Brazil,2014,,,0,0,2014-0001,0,0-0,0,False,Group,2010s,Estádio Governador Magalhães Pinto,Belo Horizonte,Draw,Draw
Spain,Russia,1,3,1,4,78011,"Olimpiyskiy stadion Luzhniki, Moskva",Round of 16,2018-07-01,Russia,2018,,Artem Dzyuba@42,1,0,2018-0002,2,1-1,0,True,Knockout,2010s,Olimpiyskiy stadion Luzhniki,Moskva,Russia,Away win on penalties
Croatia,Denmark,1,3,1,2,40851,"Stadion Nizhny Novgorod, Nizhny Novgorod",Round of 16,2018-07-01,Russia,2018,Mario Mandžuki@4,Mathias Jørgensen@1,0,0,2018-0003,2,1-1,0,True,Knockout,2010s,Stadion Nizhny Novgorod,Nizhny Novgorod,Croatia,Home win on penalties
France,Argentina,4,0,3,0,42873,"Kazan Arena, Kazan",Round of 16,2018-06-30,Russia,2018,"Benjamin Pavard@57,Kylian Mbappé@64,Kylian Mbappé@68,Antoine Griezmann@13","Ángel Di María@41,Gabriel Mercado@48,Sergio Agüero@90+3",0,0,2018-0004,7,4-3,1,False,Knockout,2010s,Kazan Arena,Kazan,France,Home win
Uruguay,Portugal,2,0,1,0,44287,"Olimpiyskiy Stadion Fisht, Sochi",Round of 16,2018-06-30,Russia,2018,"Edinson Cavani@7,Edinson Cavani@62",Pepe@55,0,0,2018-0005,3,2-1,1,False,Knockout,2010s,Olimpiyskiy Stadion Fisht,Sochi,Uruguay,Home win
Japan,Poland,0,0,1,0,42189,"Volgograd Arena, Volgograd",Group stage,2018-06-28,Russia,2018,,Jan Bednarek@59,0,0,2018-0006,1,0-1,1,False,Group,2010s,Volgograd Arena,Volgograd,Poland,Away win
Senegal,Colombia,0,0,1,0,41970,"Cosmos Arena, Samara",Group stage,2018-06-28,Russia,2018,,Yerry Mina@74,0,0,2018-0007,1,0-1,1,False,Group,2010s,Cosmos Arena,Samara,Colombia,Away win
England,Belgium,0,0,1,0,33973,"Kaliningrad Stadium, Kaliningrad",Group stage,2018-06-28,Russia,2018,,Adnan Januzaj@51,0,0,2018-0008,1,0-1,1,False,Group,2010s,Kaliningrad Stadium,Kaliningrad,Belgium,Away win
Panama,Tunisia,1,0,2,0,37168,"Mordovia Arena, Saransk",Group stage,2018-06-28,Russia,2018,,"Fakhreddine Ben Youssef@51,Wahbi Khazri@66",1,0,2018-0009,3,1-2,1,False,Group,2010s,Mordovia Arena,Saransk,Tunisia,Away win
Korea Republic,Germany,2,0,0,0,41835,"Kazan Arena, Kazan",Group stage,2018-06-27,Russia,2018,"Kim Young-gwon@90+3,Son Heung-min@90+6",,0,0,2018-0010,2,2-0,2,False,Group,2010s,Kazan Arena,Kazan,Korea Republic,Home win
Mexico,Sweden,0,0,3,0,33061,"Stadion Central'nyj, Yekaterinburg",Group stage,2018-06-27,Russia,2018,,"Ludwig Augustinsson@50,Andreas Granqvist@62",0,1,2018-0011,3,0-3,3,False,Group,2010s,Stadion Central'nyj,Yekaterinburg,Sweden,Away win
Switzerland,Costa Rica,2,0,2,0,43319,"Stadion Nizhny Novgorod, Nizhny Novgorod",Group stage,2018-06-27,Russia,2018,"Blerim Džemaili@31,Josip Drmic@88",Kendall Waston@56,0,1,2018-0012,4,2-2,0,False,Group,2010s,Stadion Nizhny Novgorod,Nizhny Novgorod,Draw,Draw
Serbia,Brazil,0,0,2,0,44190,"Otkrytie Arena, Moskva",Group stage,2018-06-27,Russia,2018,,"Paulinho@36,Thiago Silva@68",0,0,2018-0013,2,0-2,2,False,Group,2010s,Otkrytie Arena,Moskva,Brazil,Away win
Australia,Peru,0,0,2,0,44073,"Olimpiyskiy Stadion Fisht, Sochi",Group stage,2018-06-26,Russia,2018,,"André Carrillo@18,Paolo Guerrero@50",0,0,2018-0014,2,0-2,2,False,Group,2010s,Olimpiyskiy Stadion Fisht,Sochi,Peru,Away win
Denmark,France,0,0,0,0,78011,"Olimpiyskiy stadion Luzhniki, Moskva",Group stage,2018-06-26,Russia,2018,,,0,0,2018-0015,0,0-0,0,False,Group,2010s,Olimpiyskiy stadion Luzhniki,Moskva,Draw,Draw
Iceland,Croatia,1,0,2,0,43472,"Rostov Arena, Rostov-na-Donu",Group stage,2018-06-26,Russia,2018,Gylfi Sigurðsson@76,"Milan Badelj@53,Ivan Periši@90",0,0,2018-0016,3,1-2,1,False,Group,2010s,Rostov Arena,Rostov-na-Donu,Croatia,Away win
Nigeria,Argentina,1,0,2,0,64468,"Gazprom Arena, Sankt-Petersburg",Group stage,2018-06-26,Russia,2018,Victor Moses@51,"Lionel Messi@14,Marcos Rojo@86",0,0,2018-0017,3,1-2,1,False,Group,2010s,Gazprom Arena,Sankt-Petersburg,Argentina,Away win
Saudi Arabia,Egypt,2,0,1,0,36823,"Volgograd Arena, Volgograd",Group stage,2018-06-25,Russia,2018,"Salem Al-Dawsari@90+5,Salman Al-Faraj@45+6",Mohamed Salah@22,0,0,2018-0018,3,2-1,1,False,Group,2010s,Volgograd Arena,Volgograd,Saudi Arabia,Home win
Uruguay,Russia,3,0,0,0,41970,"Cosmos Arena, Samara",Group stage,2018-06-25,Russia,2018,"Luis Suárez@10,Edinson Cavani@90",,1,0,2018-0019,3,3-0,3,False,Group,2010s,Cosmos Arena,Samara,Uruguay,Home win
Spain,Morocco,2,0,2,0,33973,"Kaliningrad Stadium, Kaliningrad",Group stage,2018-06-25,Russia,2018,"Isco@19,Iago Aspas@90+1","Khalid Boutaïb@14,Youssef En-Nesyri@81",0,0,2018-0020,4,2-2,0,False,Group,2010s,Kaliningrad Stadium,Kaliningrad,Draw,Draw
IR Iran,Portugal,1,0,1,0,41685,"Mordovia Arena, Saransk",Group stage,2018-06-25,Russia,2018,Karim Ansarifard@90+3,Ricardo Quaresma@45,0,0,2018-0021,2,1-1,0,False,Group,2010s,Mordovia Arena,Saransk,Draw,Draw
England,Panama,6,0,1,0,43319,"Stadion Nizhny Novgorod, Nizhny Novgorod",Group stage,2018-06-24,Russia,2018,"John Stones@8,Jesse Lingard@36,John Stones@40,Harry Kane@62,Harry Kane@22,Harry Kane@45+1",Felipe Baloy@78,0,0,2018-0022,7,6-1,5,False,Group,2010s,Stadion Nizhny Novgorod,Nizhny Novgorod,England,Home win
Japan,Senegal,2,0,2,0,32572,"Stadion Central'nyj, Yekaterinburg",Group stage,2018-06-24,Russia,2018,"Takashi Inui@34,Keisuke Honda@78","Sadio Mané@12,Moussa Wagué@71",0,0,2018-0023,4,2-2,0,False,Group,2010s,Stadion Central'nyj,Yekaterinburg,Draw,Draw
Poland,Colombia,0,0,3,0,42873,"Kazan Arena, Kazan",Group stage,2018-06-24,Russia,2018,,"Yerry Mina@40,Radamel Falcao@70,Juan Cuadrado@75",0,0,2018-0024,3,0-3,3,False,Group,2010s,Kazan Arena,Kazan,Colombia,Away win
Belgium,Tunisia,5,0,2,0,44190,"Otkrytie Arena, Moskva",Group stage,2018-06-23,Russia,2018,"Romelu Lukaku@16,Romelu Lukaku@45+3,Eden Hazard@51,Michy Batshuayi@90,Eden Hazard@6","Dylan Bronn@18,Wahbi Khazri@90+3",0,0,2018-0025,7,5-2,3,False,Group,2010s,Otkrytie Arena,Moskva,Belgium,Home win
Argentina,France,3,4,3,2,88966,"Lusail Iconic Stadium, Lusail",Final,2022-12-18,Qatar,2022,"Ángel Di María@36,Lionel Messi@108,Lionel Messi@23","Kylian Mbappé@81,Kylian Mbappé@80,Kylian Mbappé@118",0,0,2022-0026,6,3-3,0,True,Final,2020s,Lusail Iconic Stadium,Lusail,Argentina,Home win on penalties
Korea Republic,Mexico,1,0,2,0,43472,"Rostov Arena, Rostov-na-Donu",Group stage,2018-06-23,Russia,2018,Son Heung-min@90+3,"Javier Hernández@66,Carlos Vela@26",0,0,2018-0027,3,1-2,1,False,Group,2010s,Rostov Arena,Rostov-na-Donu,Mexico,Away win
Germany,Sweden,2,0,1,0,44287,"Olimpiyskiy Stadion Fisht, Sochi",Group stage,2018-06-23,Russia,2018,"Marco Reus@48,Toni Kroos@90+5",Ola Toivonen@32,0,0,2018-0028,3,2-1,1,False,Group,2010s,Olimpiyskiy Stadion Fisht,Sochi,Germany,Home win
Brazil,Costa Rica,2,0,0,0,64468,"Gazprom Arena, Sankt-Petersburg",Group stage,2018-06-22,Russia,2018,"Philippe Coutinho@90+1,Neymar@90+7",,0,0,2018-0029,2,2-0,2,False,Group,2010s,Gazprom Arena,Sankt-Petersburg,Brazil,Home win
Croatia,Morocco,2,0,1,0,44137,"Khalifa International Stadium, Doha",Third-place match,2022-12-17,Qatar,2022,"Joško Gvardiol@7,Mislav Orši@42",Achraf Dari@9,0,0,2022-0030,3,2-1,1,False,Placement,2020s,Khalifa International Stadium,Doha,Croatia,Home win
Nigeria,Iceland,2,0,0,0,40904,"Volgograd Arena, Volgograd",Group stage,2018-06-22,Russia,2018,"Ahmed Musa@49,Ahmed Musa@75",,0,0,2018-0031,2,2-0,2,False,Group,2010s,Volgograd Arena,Volgograd,Nigeria,Home win
Serbia,Switzerland,1,0,2,0,33167,"Kaliningrad Stadium, Kaliningrad",Group stage,2018-06-22,Russia,2018,Aleksandar Mitrovic@5,"Granit Xhaka@52,Xherdan Shaqiri@90",0,0,2018-0032,3,1-2,1,False,Group,2010s,Kaliningrad Stadium,Kaliningrad,Switzerland,Away win
Denmark,Australia,1,0,1,0,40727,"Cosmos Arena, Samara",Group stage,2018-06-21,Russia,2018,Christian Eriksen@7,Mile Jedinak@38,0,0,2018-0033,2,1-1,0,False,Group,2010s,Cosmos Arena,Samara,Draw,Draw
France,Morocco,2,0,0,0,68294,"Al Bayt Stadium, Al Khor",Semi-finals,2022-12-14,Qatar,2022,"Theo Hernández@5,Randal Kolo Muani@79",,0,0,2022-0034,2,2-0,2,False,Knockout,2020s,Al Bayt Stadium,Al Khor,France,Home win
France,Peru,1,0,0,0,32789,"Stadion Central'nyj, Yekaterinburg",Group stage,2018-06-21,Russia,2018,Kylian Mbappé@34,,0,0,2018-0035,1,1-0,1,False,Group,2010s,Stadion Central'nyj,Yekaterinburg,France,Home win
Argentina,Croatia,0,0,3,0,43319,"Stadion Nizhny Novgorod, Nizhny Novgorod",Group stage,2018-06-21,Russia,2018,,"Ante Rebic@53,Luka Modric@80,Ivan Rakitic@90+1",0,0,2018-0036,3,0-3,3,False,Group,2010s,Stadion Nizhny Novgorod,Nizhny Novgorod,Croatia,Away win
Portugal,Morocco,1,0,0,0,78011,"Olimpiyskiy stadion Luzhniki, Moskva",Group stage,2018-06-20,Russia,2018,Cristiano Ronaldo@4,,0,0,2018-0037,1,1-0,1,False,Group,2010s,Olimpiyskiy stadion Luzhniki,Moskva,Portugal,Home win
Uruguay,Saudi Arabia,1,0,0,0,42678,"Rostov Arena, Rostov-na-Donu",Group stage,2018-06-20,Russia,2018,Luis Suárez@23,,0,0,2018-0038,1,1-0,1,False,Group,2010s,Rostov Arena,Rostov-na-Donu,Uruguay,Home win
Argentina,Croatia,3,0,0,0,88966,"Lusail Iconic Stadium, Lusail",Semi-finals,2022-12-13,Qatar,2022,"Julián Álvarez@39,Julián Álvarez@69,Lionel Messi@34",,0,0,2022-0039,3,3-0,3,False,Knockout,2020s,Lusail Iconic Stadium,Lusail,Argentina,Home win
Spain,Honduras,2,0,0,0,54386,"Emirates Airline Park, Johannesburg",Group stage,2010-06-21,South Africa,2010,"David Villa@17,David Villa@51",,0,0,2010-0040,2,2-0,2,False,Group,2010s,Emirates Airline Park,Johannesburg,Spain,Home win
Morocco,Portugal,1,0,0,0,44198,"Al Thumama Stadium, ath-Thumama",Quarter-finals,2022-12-10,Qatar,2022,Youssef En-Nesyri@42,,0,0,2022-0041,1,1-0,1,False,Knockout,2020s,Al Thumama Stadium,ath-Thumama,Morocco,Home win
England,France,1,0,2,0,68895,"Al Bayt Stadium, Al Khor",Quarter-finals,2022-12-10,Qatar,2022,Harry Kane@54,"Aurélien Tchouaméni@17,Olivier Giroud@78",0,0,2022-0042,3,1-2,1,False,Knockout,2020s,Al Bayt Stadium,Al Khor,France,Away win
Croatia,Brazil,1,4,1,2,43893,"Education City Stadium, Doha",Quarter-finals,2022-12-09,Qatar,2022,Bruno Petkovic@117,Neymar@105+1,0,0,2022-0043,2,1-1,0,True,Knockout,2020s,Education City Stadium,Doha,Croatia,Home win on penalties
Netherlands,Argentina,2,3,2,4,88235,"Lusail Iconic Stadium, Lusail",Quarter-finals,2022-12-09,Qatar,2022,"Wout Weghorst@83,Wout Weghorst@90+11","Nahuel Molina@35,Lionel Messi@73",0,0,2022-0044,4,2-2,0,True,Knockout,2020s,Lusail Iconic Stadium,Lusail,Argentina,Away win on penalties
Morocco,Spain,0,3,0,0,44667,"Education City Stadium, Doha",Round of 16,2022-12-06,Qatar,2022,,,0,0,2022-0045,0,0-0,0,True,Knockout,2020s,Education City Stadium,Doha,Morocco,Home win on penalties
Portugal,Switzerland,6,0,1,0,83720,"Lusail Iconic Stadium, Lusail",Round of 16,2022-12-06,Qatar,2022,"Gonçalo Ramos@17,Pepe@33,Gonçalo Ramos@51,Raphaël Guerreiro@55,Gonçalo Ramos@67,Rafael Leão@90+2",Manuel Akanji@58,0,0,2022-0046,7,6-1,5,False,Knockout,2020s,Lusail Iconic Stadium,Lusail,Portugal,Home win
Japan,Croatia,1,1,1,3,42523,"Al Janoub Stadium, Al Wakrah",Round of 16,2022-12-05,Qatar,2022,Daizen Maeda@43,Ivan Periši@55,0,0,2022-0047,2,1-1,0,True,Knockout,2020s,Al Janoub Stadium,Al Wakrah,Croatia,Away win on penalties
Brazil,Korea Republic,4,0,1,0,43847,"Stadium 974, Doha",Round of 16,2022-12-05,Qatar,2022,"Vinicius Júnior@7,Richarlison@29,Lucas Paquetá@36,Neymar@11",Paik Seung-ho@76,0,0,2022-0048,5,4-1,3,False,Knockout,2020s,Stadium 974,Doha,Brazil,Home win
France,Poland,3,0,1,0,40989,"Al Thumama Stadium, ath-Thumama",Round of 16,2022-12-04,Qatar,2022,"Olivier Giroud@44,Kylian Mbappé@74,Kylian Mbappé@90+1",Robert Lewandowski@90+9,0,0,2022-0049,4,3-1,2,False,Knockout,2020s,Al Thumama Stadium,ath-Thumama,France,Home win
England,Senegal,3,0,0,0,65985,"Al Bayt Stadium, Al Khor",Round of 16,2022-12-04,Qatar,2022,"Jordan Henderson@39,Harry Kane@45+3,Bukayo Saka@57",,0,0,2022-0050,3,3-0,3,False,Knockout,2020s,Al Bayt Stadium,Al Khor,England,Home win
Netherlands,United States,3,0,1,0,44846,"Khalifa International Stadium, Doha",Round of 16,2022-12-03,Qatar,2022,"Memphis@10,Daley Blind@45+1,Denzel Dumfries@81",Haji Wright@76,0,0,2022-0051,4,3-1,2,False,Knockout,2020s,Khalifa International Stadium,Doha,Netherlands,Home win
Argentina,Australia,2,0,1,0,45032,"Ahmed bin Ali Stadium, Umm Al Afaei",Round of 16,2022-12-03,Qatar,2022,"Lionel Messi@35,Julián Álvarez@57",,0,1,2022-0052,3,2-1,1,False,Knockout,2020s,Ahmed bin Ali Stadium,Umm Al Afaei,Argentina,Home win
Korea Republic,Portugal,2,0,1,0,44097,"Education City Stadium, Doha",Group stage,2022-12-02,Qatar,2022,"Kim Young-gwon@27,Hwang Hee-chan@90+1",Ricardo Horta@5,0,0,2022-0053,3,2-1,1,False,Group,2020s,Education City Stadium,Doha,Korea Republic,Home win
Ghana,Uruguay,0,0,2,0,43443,"Al Janoub Stadium, Al Wakrah",Group stage,2022-12-02,Qatar,2022,,"Giorgian De Arrascaeta@26,Giorgian De Arrascaeta@32",0,0,2022-0054,2,0-2,2,False,Group,2020s,Al Janoub Stadium,Al Wakrah,Uruguay,Away win
Cameroon,Brazil,1,0,0,0,85986,"Lusail Iconic Stadium, Lusail",Group stage,2022-12-02,Qatar,2022,Vincent Aboubakar@90+2,,0,0,2022-0055,1,1-0,1,False,Group,2020s,Lusail Iconic Stadium,Lusail,Cameroon,Home win
Serbia,Switzerland,2,0,3,0,41378,"Stadium 974, Doha",Group stage,2022-12-02,Qatar,2022,"Aleksandar Mitrovic@26,Dušan Vlahovi@35","Xherdan Shaqiri@20,Breel Embolo@44,Remo Freuler@48",0,0,2022-0056,5,2-3,1,False,Group,2020s,Stadium 974,Doha,Switzerland,Away win
Canada,Morocco,1,0,2,0,43102,"Al Thumama Stadium, ath-Thumama",Group stage,2022-12-01,Qatar,2022,,"Hakim Ziyech@4,Youssef En-Nesyri@23",1,0,2022-0057,3,1-2,1,False,Group,2020s,Al Thumama Stadium,ath-Thumama,Morocco,Away win
Croatia,Belgium,0,0,0,0,43984,"Ahmed bin Ali Stadium, Umm Al Afaei",Group stage,2022-12-01,Qatar,2022,,,0,0,2022-0058,0,0-0,0,False,Group,2020s,Ahmed bin Ali Stadium,Umm Al Afaei,Draw,Draw
Costa Rica,Germany,2,0,4,0,67054,"Al Bayt Stadium, Al Khor",Group stage,2022-12-01,Qatar,2022,Yeltsin Tejeda@58,"Serge Gnabry@10,Kai Havertz@73,Kai Havertz@85,Niclas Füllkrug@90",1,0,2022-0059,6,2-4,2,False,Group,2020s,Al Bayt Stadium,Al Khor,Germany,Away win
Japan,Spain,2,0,1,0,44851,"Khalifa International Stadium, Doha",Group stage,2022-12-01,Qatar,2022,"Ritsu Doan@48,Ao Tanaka@51",Álvaro Morata@12,0,0,2022-0060,3,2-1,1,False,Group,2020s,Khalifa International Stadium,Doha,Japan,Home win
Australia,Denmark,1,0,0,0,41232,"Al Janoub Stadium, Al Wakrah",Group stage,2022-11-30,Qatar,2022,Mathew Leckie@60,,0,0,2022-0061,1,1-0,1,False,Group,2020s,Al Janoub Stadium,Al Wakrah,Australia,Home win
Tunisia,France,1,0,0,0,43627,"Education City Stadium, Doha",Group stage,2022-11-30,Qatar,2022,Wahbi Khazri@58,,0,0,2022-0062,1,1-0,1,False,Group,2020s,Education City Stadium,Doha,Tunisia,Home win
Slovakia,Paraguay,0,0,2,0,26643,"Toyota Stadium, Bloemfontein",Group stage,2010-06-20,South Africa,2010,,"Enrique Vera@27,Cristian Riveros@86",0,0,2010-0063,2,0-2,2,False,Group,2010s,Toyota Stadium,Bloemfontein,Paraguay,Away win
Saudi Arabia,Mexico,1,0,2,0,84985,"Lusail Iconic Stadium, Lusail",Group stage,2022-11-30,Qatar,2022,Salem Al-Dawsari@90+5,"Henry Martín@47,Luis Chávez@52",0,0,2022-0064,3,1-2,1,False,Group,2020s,Lusail Iconic Stadium,Lusail,Mexico,Away win
Poland,Argentina,0,0,2,0,44089,"Stadium 974, Doha",Group stage,2022-11-30,Qatar,2022,,"Alexis Mac Allister@46,Julián Álvarez@67",0,0,2022-0065,2,0-2,2,False,Group,2020s,Stadium 974,Doha,Argentina,Away win
Ecuador,Senegal,1,0,2,0,44569,"Khalifa International Stadium, Doha",Group stage,2022-11-29,Qatar,2022,Moisés Caicedo@67,"Kalidou Koulibaly@70,Ismaila Sarr@44",0,0,2022-0066,3,1-2,1,False,Group,2020s,Khalifa International Stadium,Doha,Senegal,Away win
Netherlands,Qatar,2,0,0,0,66784,"Al Bayt Stadium, Al Khor",Group stage,2022-11-29,Qatar,2022,"Cody Gakpo@26,Frenkie de Jong@49",,0,0,2022-0067,2,2-0,2,False,Group,2020s,Al Bayt Stadium,Al Khor,Netherlands,Home win
IR Iran,United States,0,0,1,0,42127,"Al Thumama Stadium, ath-Thumama",Group stage,2022-11-29,Qatar,2022,,Christian Pulisic@38,0,0,2022-0068,1,0-1,1,False,Group,2020s,Al Thumama Stadium,ath-Thumama,United States,Away win
Wales,England,0,0,3,0,44297,"Ahmed bin Ali Stadium, Umm Al Afaei",Group stage,2022-11-29,Qatar,2022,,"Marcus Rashford@50,Phil Foden@52,Marcus Rashford@68",0,0,2022-0069,3,0-3,3,False,Group,2020s,Ahmed bin Ali Stadium,Umm Al Afaei,England,Away win
Cameroon,Serbia,3,0,3,0,39789,"Al Janoub Stadium, Al Wakrah",Group stage,2022-11-28,Qatar,2022,"Jean-Charles Castelletto@29,Vincent Aboubakar@64,Eric Maxim Choupo-Moting@66","Strahinja Pavlovic@45+1,Sergej Milinkovic-Savic@45+3,Aleksandar Mitrovic@53",0,0,2022-0070,6,3-3,0,False,Group,2020s,Al Janoub Stadium,Al Wakrah,Draw,Draw
Korea Republic,Ghana,2,0,3,0,43983,"Education City Stadium, Doha",Group stage,2022-11-28,Qatar,2022,"Cho Guesung@58,Cho Guesung@61","Mohammed Salisu@24,Kudus Mohammed@34,Kudus Mohammed@68",0,0,2022-0071,5,2-3,1,False,Group,2020s,Education City Stadium,Doha,Ghana,Away win
Brazil,Switzerland,1,0,0,0,43649,"Stadium 974, Doha",Group stage,2022-11-28,Qatar,2022,Casemiro@83,,0,0,2022-0072,1,1-0,1,False,Group,2020s,Stadium 974,Doha,Brazil,Home win
Portugal,Uruguay,2,0,0,0,88668,"Lusail Iconic Stadium, Lusail",Group stage,2022-11-28,Qatar,2022,"Bruno Fernandes@54,Bruno Fernandes@90+3",,0,0,2022-0073,2,2-0,2,False,Group,2020s,Lusail Iconic Stadium,Lusail,Portugal,Home win
Japan,Costa Rica,0,0,1,0,41479,"Ahmed bin Ali Stadium, Umm Al Afaei",Group stage,2022-11-27,Qatar,2022,,Keysher Fuller@81,0,0,2022-0074,1,0-1,1,False,Group,2020s,Ahmed bin Ali Stadium,Umm Al Afaei,Costa Rica,Away win
Belgium,Morocco,0,0,2,0,43738,"Al Thumama Stadium, ath-Thumama",Group stage,2022-11-27,Qatar,2022,,"Romain Saïss@73,Zakaria Aboukhlal@90+2",0,0,2022-0075,2,0-2,2,False,Group,2020s,Al Thumama Stadium,ath-Thumama,Morocco,Away win
Croatia,Canada,4,0,1,0,44374,"Khalifa International Stadium, Doha",Group stage,2022-11-27,Qatar,2022,"Andrej Kramaric@36,Marko Livaja@44,Andrej Kramaric@70,Lovro Majer@90+4",Alphonso Davies@2,0,0,2022-0076,5,4-1,3,False,Group,2020s,Khalifa International Stadium,Doha,Croatia,Home win
Spain,Germany,1,0,1,0,68895,"Al Bayt Stadium, Al Khor",Group stage,2022-11-27,Qatar,2022,Álvaro Morata@62,Niclas Füllkrug@83,0,0,2022-0077,2,1-1,0,False,Group,2020s,Al Bayt Stadium,Al Khor,Draw,Draw
Tunisia,Australia,0,0,1,0,41823,"Al Janoub Stadium, Al Wakrah",Group stage,2022-11-26,Qatar,2022,,Mitchell Duke@23,0,0,2022-0078,1,0-1,1,False,Group,2020s,Al Janoub Stadium,Al Wakrah,Australia,Away win
Poland,Saudi Arabia,2,0,0,0,44259,"Education City Stadium, Doha",Group stage,2022-11-26,Qatar,2022,"Piotr Zielinski@39,Robert Lewandowski@82",,0,0,2022-0079,2,2-0,2,False,Group,2020s,Education City Stadium,Doha,Poland,Home win
France,Denmark,2,0,1,0,42860,"Stadium 974, Doha",Group stage,2022-11-26,Qatar,2022,"Kylian Mbappé@61,Kylian Mbappé@86",Andreas Christensen@68,0,0,2022-0080,3,2-1,1,False,Group,2020s,Stadium 974,Doha,France,Home win
Argentina,Mexico,2,0,0,0,88966,"Lusail Iconic Stadium, Lusail",Group stage,2022-11-26,Qatar,2022,"Lionel Messi@64,Enzo Fernández@87",,0,0,2022-0081,2,2-0,2,False,Group,2020s,Lusail Iconic Stadium,Lusail,Argentina,Home win
Wales,IR Iran,0,0,2,0,40875,"Ahmed bin Ali Stadium, Umm Al Afaei",Group stage,2022-11-25,Qatar,2022,,"Roozbeh Cheshmi@90+9,Ramin Rezaeian@90+11",0,0,2022-0082,2,0-2,2,False,Group,2020s,Ahmed bin Ali Stadium,Umm Al Afaei,IR Iran,Away win
Qatar,Senegal,1,0,3,0,41797,"Al Thumama Stadium, ath-Thumama",Group stage,2022-11-25,Qatar,2022,Mohammed Muntari@78,"Boulaye Dia@41,Famara Diedhiou@48,Bamba Dieng@84",0,0,2022-0083,4,1-3,2,False,Group,2020s,Al Thumama Stadium,ath-Thumama,Senegal,Away win
Netherlands,Ecuador,1,0,1,0,44833,"Khalifa International Stadium, Doha",Group stage,2022-11-25,Qatar,2022,Cody Gakpo@6,Enner Valencia@49,0,0,2022-0084,2,1-1,0,False,Group,2020s,Khalifa International Stadium,Doha,Draw,Draw
England,United States,0,0,0,0,68463,"Al Bayt Stadium, Al Khor",Group stage,2022-11-25,Qatar,2022,,,0,0,2022-0085,0,0-0,0,False,Group,2020s,Al Bayt Stadium,Al Khor,Draw,Draw
Switzerland,Cameroon,1,0,0,0,39089,"Al Janoub Stadium, Al Wakrah",Group stage,2022-11-24,Qatar,2022,Breel Embolo@48,,0,0,2022-0086,1,1-0,1,False,Group,2020s,Al Janoub Stadium,Al Wakrah,Switzerland,Home win
Uruguay,Korea Republic,0,0,0,0,41663,"Education City Stadium, Doha",Group stage,2022-11-24,Qatar,2022,,,0,0,2022-0087,0,0-0,0,False,Group,2020s,Education City Stadium,Doha,Draw,Draw
Portugal,Ghana,3,0,2,0,42662,"Stadium 974, Doha",Group stage,2022-11-24,Qatar,2022,"João Félix@78,Rafael Leão@80,Cristiano Ronaldo@65","André Ayew@73,Osman Bukari@89",0,0,2022-0088,5,3-2,1,False,Group,2020s,Stadium 974,Doha,Portugal,Home win
Brazil,Serbia,2,0,0,0,88103,"Lusail Iconic Stadium, Lusail",Group stage,2022-11-24,Qatar,2022,"Richarlison@62,Richarlison@73",,0,0,2022-0089,2,2-0,2,False,Group,2020s,Lusail Iconic Stadium,Lusail,Brazil,Home win
Morocco,Croatia,0,0,0,0,59407,"Al Bayt Stadium, Al Khor",Group stage,2022-11-23,Qatar,2022,,,0,0,2022-0090,0,0-0,0,False,Group,2020s,Al Bayt Stadium,Al Khor,Draw,Draw
Germany,Japan,1,0,2,0,42608,"Khalifa International Stadium, Doha",Group stage,2022-11-23,Qatar,2022,lkay Gündoan@33,"Ritsu Doan@75,Takuma Asano@83",0,0,2022-0091,3,1-2,1,False,Group,2020s,Khalifa International Stadium,Doha,Japan,Away win
Italy,New Zealand,1,0,1,0,38229,"Mbombela Stadium, Nelspruit",Group stage,2010-06-20,South Africa,2010,Vincenzo Iaquinta@29,Shane Smeltz@7,0,0,2010-0092,2,1-1,0,False,Group,2010s,Mbombela Stadium,Nelspruit,Draw,Draw
Spain,Costa Rica,7,0,0,0,40013,"Al Thumama Stadium, ath-Thumama",Group stage,2022-11-23,Qatar,2022,"Dani Olmo@11,Marco Asensio@21,Ferrán Torres@54,Gavi@74,Carlos Soler@90,Álvaro Morata@90+2,Ferrán Torres@31",,0,0,2022-0093,7,7-0,7,False,Group,2020s,Al Thumama Stadium,ath-Thumama,Spain,Home win
Belgium,Canada,1,0,0,0,40432,"Ahmed bin Ali Stadium, Umm Al Afaei",Group stage,2022-11-23,Qatar,2022,Michy Batshuayi@44,,0,0,2022-0094,1,1-0,1,False,Group,2020s,Ahmed bin Ali Stadium,Umm Al Afaei,Belgium,Home win
Argentina,Saudi Arabia,1,0,2,0,88012,"Lusail Iconic Stadium, Lusail",Group stage,2022-11-22,Qatar,2022,Lionel Messi@10,"Saleh Al-Shehri@48,Salem Al-Dawsari@53",0,0,2022-0095,3,1-2,1,False,Group,2020s,Lusail Iconic Stadium,Lusail,Saudi Arabia,Away win
Denmark,Tunisia,0,0,0,0,42925,"Education City Stadium, Doha",Group stage,2022-11-22,Qatar,2022,,,0,0,2022-0096,0,0-0,0,False,Group,2020s,Education City Stadium,Doha,Draw,Draw
Mexico,Poland,0,0,0,0,39369,"Stadium 974, Doha",Group stage,2022-11-22,Qatar,2022,,,0,0,2022-0097,0,0-0,0,False,Group,2020s,Stadium 974,Doha,Draw,Draw
France,Australia,4,0,1,0,40875,"Al Janoub Stadium, Al Wakrah",Group stage,2022-11-22,Qatar,2022,"Adrien Rabiot@27,Olivier Giroud@32,Kylian Mbappé@68,Olivier Giroud@71",Craig Goodwin@9,0,0,2022-0098,5,4-1,3,False,Group,2020s,Al Janoub Stadium,Al Wakrah,France,Home win
England,IR Iran,6,0,2,0,45334,"Khalifa International Stadium, Doha",Group stage,2022-11-21,Qatar,2022,"Jude Bellingham@35,Bukayo Saka@43,Raheem Sterling@45+1,Bukayo Saka@62,Marcus Rashford@71,Jack Grealish@90","Mehdi Taremi@65,Mehdi Taremi@90+13",0,0,2022-0099,8,6-2,4,False,Group,2020s,Khalifa International Stadium,Doha,England,Home win
Senegal,Netherlands,0,0,2,0,41721,"Al Thumama Stadium, ath-Thumama",Group stage,2022-11-21,Qatar,2022,,"Cody Gakpo@84,Davy Klaassen@90+9",0,0,2022-0100,2,0-2,2,False,Group,2020s,Al Thumama Stadium,ath-Thumama,Netherlands,Away win
United States,Wales,1,0,1,0,43418,"Ahmed bin Ali Stadium, Umm Al Afaei",Group stage,2022-11-21,Qatar,2022,Timothy Weah@36,Gareth Bale@82,0,0,2022-0101,2,1-1,0,False,Group,2020s,Ahmed bin Ali Stadium,Umm Al Afaei,Draw,Draw
Qatar,Ecuador,0,0,2,0,67372,"Al Bayt Stadium, Al Khor",Group stage,2022-11-20,Qatar,2022,,"Enner Valencia@31,Enner Valencia@16",0,0,2022-0102,2,0-2,2,False,Group,2020s,Al Bayt Stadium,Al Khor,Ecuador,Away win
France,Croatia,4,0,2,0,78011,"Olimpiyskiy stadion Luzhniki, Moskva",Final,2018-07-15,Russia,2018,"Paul Pogba@59,Kylian Mbappé@65,Antoine Griezmann@38","Ivan Periši@28,Mario Mandžuki@69",1,0,2018-0103,6,4-2,2,False,Final,2010s,Olimpiyskiy stadion Luzhniki,Moskva,France,Home win
Belgium,England,2,0,0,0,64406,"Gazprom Arena, Sankt-Petersburg",Third-place match,2018-07-14,Russia,2018,"Thomas Meunier@4,Eden Hazard@82",,0,0,2018-0104,2,2-0,2,False,Placement,2010s,Gazprom Arena,Sankt-Petersburg,Belgium,Home win
Croatia,England,2,0,1,0,78011,"Olimpiyskiy stadion Luzhniki, Moskva",Semi-finals,2018-07-11,Russia,2018,"Ivan Periši@68,Mario Mandžuki@109",Kieran Trippier@5,0,0,2018-0105,3,2-1,1,False,Knockout,2010s,Olimpiyskiy stadion Luzhniki,Moskva,Croatia,Home win
France,Belgium,1,0,0,0,64286,"Gazprom Arena, Sankt-Petersburg",Semi-finals,2018-07-10,Russia,2018,Samuel Umtiti@51,,0,0,2018-0106,1,1-0,1,False,Knockout,2010s,Gazprom Arena,Sankt-Petersburg,France,Home win
Sweden,England,0,0,2,0,39991,"Cosmos Arena, Samara",Quarter-finals,2018-07-07,Russia,2018,,"Harry Maguire@30,Dele Alli@59",0,0,2018-0107,2,0-2,2,False,Knockout,2010s,Cosmos Arena,Samara,England,Away win
Russia,Croatia,2,3,2,4,44287,"Olimpiyskiy Stadion Fisht, Sochi",Quarter-finals,2018-07-07,Russia,2018,"Denis Cheryshev@31,Mário Fernandes@115","Andrej Kramaric@39,Domagoj Vida@101",0,0,2018-0108,4,2-2,0,True,Knockout,2010s,Olimpiyskiy Stadion Fisht,Sochi,Croatia,Away win on penalties
Uruguay,France,0,0,2,0,43319,"Stadion Nizhny Novgorod, Nizhny Novgorod",Quarter-finals,2018-07-06,Russia,2018,,"Raphaël Varane@40,Antoine Griezmann@61",0,0,2018-0109,2,0-2,2,False,Knockout,2010s,Stadion Nizhny Novgorod,Nizhny Novgorod,France,Away win
Brazil,Belgium,1,0,2,0,42873,"Kazan Arena, Kazan",Quarter-finals,2018-07-06,Russia,2018,Renato Augusto@76,Kevin De Bruyne@32,0,1,2018-0110,3,1-2,1,False,Knockout,2010s,Kazan Arena,Kazan,Belgium,Away win
Sweden,Switzerland,1,0,0,0,64042,"Gazprom Arena, Sankt-Petersburg",Round of 16,2018-07-03,Russia,2018,Emil Forsberg@66,,0,0,2018-0111,1,1-0,1,False,Knockout,2010s,Gazprom Arena,Sankt-Petersburg,Sweden,Home win
Colombia,England,1,3,1,4,44190,"Otkrytie Arena, Moskva",Round of 16,2018-07-03,Russia,2018,Yerry Mina@90+3,Harry Kane@57,0,0,2018-0112,2,1-1,0,True,Knockout,2010s,Otkrytie Arena,Moskva,England,Away win on penalties
Brazil,Mexico,2,0,0,0,41970,"Cosmos Arena, Samara",Round of 16,2018-07-02,Russia,2018,"Neymar@51,Roberto Firmino@88",,0,0,2018-0113,2,2-0,2,False,Knockout,2010s,Cosmos Arena,Samara,Brazil,Home win
Belgium,Japan,3,0,2,0,41466,"Rostov Arena, Rostov-na-Donu",Round of 16,2018-07-02,Russia,2018,"Jan Vertonghen@69,Marouane Fellaini@74,Nacer Chadli@90+4","Genki Haraguchi@48,Takashi Inui@52",0,0,2018-0114,5,3-2,1,False,Knockout,2010s,Rostov Arena,Rostov-na-Donu,Belgium,Home win
Spain,Ukraine,4,0,0,0,43000,"Red Bull Arena, Leipzig",Group stage,2006-06-14,Germany,2006,"Xabi Alonso@13,David Villa@17,Fernando Torres@81,David Villa@48",,0,0,2006-0115,4,4-0,4,False,Group,2000s,Red Bull Arena,Leipzig,Spain,Home win
Tunisia,Saudi Arabia,2,0,2,0,66000,"Allianz Arena, München",Group stage,2006-06-14,Germany,2006,"Ziad Jaziri@23,Radhi Jaïdi@90+2","Yasser Al-Qahtani@57,Sami Al-Jaber@84",0,0,2006-0116,4,2-2,0,False,Group,2000s,Allianz Arena,München,Draw,Draw
Germany,Poland,1,0,0,0,65000,"Signal Iduna Park, Dortmund",Group stage,2006-06-14,Germany,2006,Oliver Neuville@90+1,,0,0,2006-0117,1,1-0,1,False,Group,2000s,Signal Iduna Park,Dortmund,Germany,Home win
Korea Republic,Togo,2,0,1,0,48000,"Commerzbank-Arena, Frankfurt am Main",Group stage,2006-06-13,Germany,2006,"Lee Chun-soo@54,Ahn Jung-hwan@72",Mohamed Kader@31,0,0,2006-0118,3,2-1,1,False,Group,2000s,Commerzbank-Arena,Frankfurt am Main,Korea Republic,Home win
France,Switzerland,0,0,0,0,52000,"Mercedes-Benz Arena, Stuttgart",Group stage,2006-06-13,Germany,2006,,,0,0,2006-0119,0,0-0,0,False,Group,2000s,Mercedes-Benz Arena,Stuttgart,Draw,Draw
Brazil,Croatia,1,0,0,0,72000,"Olympiastadion Berlin, Berlin",Group stage,2006-06-13,Germany,2006,Kaká@44,,0,0,2006-0120,1,1-0,1,False,Group,2000s,Olympiastadion Berlin,Berlin,Brazil,Home win
Australia,Japan,3,0,1,0,46000,"Fritz-Walter-Stadion, Kaiserslautern",Group stage,2006-06-12,Germany,2006,"Tim Cahill@84,Tim Cahill@89,John Aloisi@90+2",Shunsuke Nakamura@26,0,0,2006-0121,4,3-1,2,False,Group,2000s,Fritz-Walter-Stadion,Kaiserslautern,Australia,Home win
United States,Czech Republic,0,0,3,0,52000,"Veltins-Arena, Gelsenkirchen",Group stage,2006-06-12,Germany,2006,,"Jan Koller@5,Tomáš Rosický@36,Tomáš Rosický@76",0,0,2006-0122,3,0-3,3,False,Group,2000s,Veltins-Arena,Gelsenkirchen,Czech Republic,Away win
Italy,Ghana,2,0,0,0,43000,"HDI-Arena, Hannover",Group stage,2006-06-12,Germany,2006,"Andrea Pirlo@40,Vincenzo Iaquinta@83",,0,0,2006-0123,2,2-0,2,False,Group,2000s,HDI-Arena,Hannover,Italy,Home win
Serbia and Montenegro,Netherlands,0,0,1,0,37216,"Red Bull Arena, Leipzig",Group stage,2006-06-11,Germany,2006,,Arjen Robben@18,0,0,2006-0124,1,0-1,1,False,Group,2000s,Red Bull Arena,Leipzig,Netherlands,Away win
Mexico,IR Iran,3,0,1,0,41000,"Max-Morlock-Stadion, Nürnberg",Group stage,2006-06-11,Germany,2006,"Omar Bravo@28,Omar Bravo@76,Sinha@79",Yahya Golmohammadi@36,0,0,2006-0125,4,3-1,2,False,Group,2000s,Max-Morlock-Stadion,Nürnberg,Mexico,Home win
Angola,Portugal,0,0,1,0,45000,"RheinEnergieSTADION, Köln",Group stage,2006-06-11,Germany,2006,,Pauleta@4,0,0,2006-0126,1,0-1,1,False,Group,2000s,RheinEnergieSTADION,Köln,Portugal,Away win
England,Paraguay,1,0,0,0,48000,"Commerzbank-Arena, Frankfurt am Main",Group stage,2006-06-10,Germany,2006,,,1,0,2006-0127,1,1-0,1,False,Group,2000s,Commerzbank-Arena,Frankfurt am Main,England,Home win
Trinidad and Tobago,Sweden,0,0,0,0,62959,"Signal Iduna Park, Dortmund",Group stage,2006-06-10,Germany,2006,,,0,0,2006-0128,0,0-0,0,False,Group,2000s,Signal Iduna Park,Dortmund,Draw,Draw
Argentina,Côte d'Ivoire,2,0,1,0,49480,"Volksparkstadion, Hamburg",Group stage,2006-06-10,Germany,2006,"Hernán Crespo@24,Javier Saviola@38",Didier Drogba@82,0,0,2006-0129,3,2-1,1,False,Group,2000s,Volksparkstadion,Hamburg,Argentina,Home win
Germany,Costa Rica,4,0,2,0,64950,"Allianz Arena, München",Group stage,2006-06-09,Germany,2006,"Philipp Lahm@6,Miroslav Klose@17,Miroslav Klose@61,Torsten Frings@87","Paulo Wanchope@12,Paulo Wanchope@73",0,0,2006-0130,6,4-2,2,False,Group,2000s,Allianz Arena,München,Germany,Home win
Poland,Ecuador,0,0,2,0,52000,"Veltins-Arena, Gelsenkirchen",Group stage,2006-06-09,Germany,2006,,"Carlos Tenorio@24,Agustín Delgado@80",0,0,2006-0131,2,0-2,2,False,Group,2000s,Veltins-Arena,Gelsenkirchen,Ecuador,Away win
Germany,Brazil,0,0,2,0,69029,"Nissan Stadium, Yokohama",Final,2002-06-30,"Korea Republic, Japan",2002,,"Ronaldo@67,Ronaldo@79",0,0,2002-0132,2,0-2,2,False,Final,2000s,Nissan Stadium,Yokohama,Brazil,Away win
Korea Republic,Türkiye,2,0,3,0,63483,"Daegu Main Stadium, Daegu",Third-place match,2002-06-29,"Korea Republic, Japan",2002,"Lee Eul-yong@9,Song Chong-gug@90+3","Hakan ükür@1,Ilhan Mansiz@13,Ilhan Mansiz@32",0,0,2002-0133,5,2-3,1,False,Placement,2000s,Daegu Main Stadium,Daegu,Türkiye,Away win
Brazil,Türkiye,1,0,0,0,61058,"Saitama Stadium 2002, Saitama",Semi-finals,2002-06-26,"Korea Republic, Japan",2002,Ronaldo@49,,0,0,2002-0134,1,1-0,1,False,Knockout,2000s,Saitama Stadium 2002,Saitama,Brazil,Home win
Germany,Korea Republic,1,0,0,0,65625,"Seoul World Cup Stadium, Seoul",Semi-finals,2002-06-25,"Korea Republic, Japan",2002,Michael Ballack@75,,0,0,2002-0135,1,1-0,1,False,Knockout,2000s,Seoul World Cup Stadium,Seoul,Germany,Home win
Spain,Korea Republic,0,3,0,5,42114,"Guus Hiddink Stadium, Gwangju",Quarter-finals,2002-06-22,"Korea Republic, Japan",2002,,,0,0,2002-0136,0,0-0,0,True,Knockout,2000s,Guus Hiddink Stadium,Gwangju,Korea Republic,Away win on penalties
Senegal,Türkiye,0,0,1,0,44233,"Yanmar Stadium Nagai, Osaka",Quarter-finals,2002-06-22,"Korea Republic, Japan",2002,,Ilhan Mansiz@94,0,0,2002-0137,1,0-1,1,False,Knockout,2000s,Yanmar Stadium Nagai,Osaka,Türkiye,Away win
England,Brazil,1,0,2,0,47436,"Daejeon World Cup Stadium, Daejeon",Quarter-finals,2002-06-21,"Korea Republic, Japan",2002,Michael Owen@23,"Rivaldo@45+2,Ronaldinho@50",0,0,2002-0138,3,1-2,1,False,Knockout,2000s,Daejeon World Cup Stadium,Daejeon,Brazil,Away win
Germany,United States,1,0,0,0,37337,"Munsu Cup Stadium, Ulsan",Quarter-finals,2002-06-21,"Korea Republic, Japan",2002,Michael Ballack@39,,0,0,2002-0139,1,1-0,1,False,Knockout,2000s,Munsu Cup Stadium,Ulsan,Germany,Home win
Japan,Türkiye,0,0,1,0,45666,"Miyagi Stadium, Rifu",Round of 16,2002-06-18,"Korea Republic, Japan",2002,,Ümit Davala@12,0,0,2002-0140,1,0-1,1,False,Knockout,2000s,Miyagi Stadium,Rifu,Türkiye,Away win
Korea Republic,Italy,2,0,1,0,38588,"Daejeon World Cup Stadium, Daejeon",Round of 16,2002-06-18,"Korea Republic, Japan",2002,"Seol Ki-hyeon@88,Ahn Jung-hwan@117",Christian Vieri@18,0,0,2002-0141,3,2-1,1,False,Knockout,2000s,Daejeon World Cup Stadium,Daejeon,Korea Republic,Home win
Mexico,United States,0,0,2,0,36380,"Jeonju World Cup Stadium, Jeonju",Round of 16,2002-06-17,"Korea Republic, Japan",2002,,"Brian McBride@8,Landon Donovan@65",0,0,2002-0142,2,0-2,2,False,Knockout,2000s,Jeonju World Cup Stadium,Jeonju,United States,Away win
Brazil,Belgium,2,0,0,0,40440,"NOEVIR Stadium Kobe, Kobe",Round of 16,2002-06-17,"Korea Republic, Japan",2002,"Rivaldo@67,Ronaldo@87",,0,0,2002-0143,2,2-0,2,False,Knockout,2000s,NOEVIR Stadium Kobe,Kobe,Brazil,Home win
Sweden,Senegal,1,0,2,0,39747,"Oita Bank Dome, Oita",Round of 16,2002-06-16,"Korea Republic, Japan",2002,Henrik Larsson@11,"Henri Camara@37,Henri Camara@104",0,0,2002-0144,3,1-2,1,False,Knockout,2000s,Oita Bank Dome,Oita,Senegal,Away win
Spain,Republic of Ireland,1,3,1,2,38926,"Suwon World Cup Stadium, Suwon",Round of 16,2002-06-16,"Korea Republic, Japan",2002,Fernando Morientes@8,Robbie Keane@90,0,0,2002-0145,2,1-1,0,True,Knockout,2000s,Suwon World Cup Stadium,Suwon,Spain,Home win on penalties
Germany,Paraguay,1,0,0,0,25176,"Jeju World Cup Stadium, Jeju",Round of 16,2002-06-15,"Korea Republic, Japan",2002,Oliver Neuville@88,,0,0,2002-0146,1,1-0,1,False,Knockout,2000s,Jeju World Cup Stadium,Jeju,Germany,Home win
Denmark,England,0,0,3,0,40582,"Denka Big Swan Stadium, Niigata",Round of 16,2002-06-15,"Korea Republic, Japan",2002,,"Rio Ferdinand@5,Michael Owen@22,Emile Heskey@44",0,0,2002-0147,3,0-3,3,False,Knockout,2000s,Denka Big Swan Stadium,Niigata,England,Away win
Tunisia,Japan,0,0,2,0,45213,"Yanmar Stadium Nagai, Osaka",Group stage,2002-06-14,"Korea Republic, Japan",2002,,"Hiroaki Morishima@48,Hidetoshi Nakata@75",0,0,2002-0148,2,0-2,2,False,Group,2000s,Yanmar Stadium Nagai,Osaka,Japan,Away win
Belgium,Russia,3,0,2,0,46640,"Shizuoka Stadium Ecopa, Fukuroi",Group stage,2002-06-14,"Korea Republic, Japan",2002,"Johan Walem@7,Wesley Sonck@78,Marc Wilmots@82","Vladimir Beschastnykh@52,Dmitri Sychev@88",0,0,2002-0149,5,3-2,1,False,Group,2000s,Shizuoka Stadium Ecopa,Fukuroi,Belgium,Home win
Portugal,Korea Republic,0,0,1,0,50239,"Incheon Munhak Stadium, Incheon",Group stage,2002-06-14,"Korea Republic, Japan",2002,,Park Ji-sung@70,0,0,2002-0150,1,0-1,1,False,Group,2000s,Incheon Munhak Stadium,Incheon,Korea Republic,Away win
Poland,United States,3,0,1,0,26482,"Daejeon World Cup Stadium, Daejeon",Group stage,2002-06-14,"Korea Republic, Japan",2002,"Emmanuel Olisadebe@3,Pawel Kryszalowicz@5,Marcin Zewlakow@66",Landon Donovan@83,0,0,2002-0151,4,3-1,2,False,Group,2000s,Daejeon World Cup Stadium,Daejeon,Poland,Home win
Costa Rica,Brazil,2,0,5,0,38524,"Suwon World Cup Stadium, Suwon",Group stage,2002-06-13,"Korea Republic, Japan",2002,"Paulo Wanchope@39,Rónald Gómez@56","Ronaldo@10,Ronaldo@13,Edmílson@38,Rivaldo@62,Júnior@64",0,0,2002-0152,7,2-5,3,False,Group,2000s,Suwon World Cup Stadium,Suwon,Brazil,Away win
Türkiye,China PR,3,0,0,0,43605,"Seoul World Cup Stadium, Seoul",Group stage,2002-06-13,"Korea Republic, Japan",2002,"Hasan Sas@6,Bülent Korkmaz@9,Ümit Davala@85",,0,0,2002-0153,3,3-0,3,False,Group,2000s,Seoul World Cup Stadium,Seoul,Türkiye,Home win
Mexico,Italy,1,0,1,0,39291,"Oita Bank Dome, Oita",Group stage,2002-06-13,"Korea Republic, Japan",2002,Jared Borgetti@34,Alessandro Del Piero@85,0,0,2002-0154,2,1-1,0,False,Group,2000s,Oita Bank Dome,Oita,Draw,Draw
Brazil,Côte d'Ivoire,3,0,1,0,84455,"Soccer City, Johannesburg",Group stage,2010-06-20,South Africa,2010,"Luís Fabiano@25,Luís Fabiano@50,Elano@62",Didier Drogba@79,0,0,2010-0155,4,3-1,2,False,Group,2010s,Soccer City,Johannesburg,Brazil,Home win
Ecuador,Croatia,1,0,0,0,65862,"Nissan Stadium, Yokohama",Group stage,2002-06-13,"Korea Republic, Japan",2002,Édison Méndez@48,,0,0,2002-0156,1,1-0,1,False,Group,2000s,Nissan Stadium,Yokohama,Ecuador,Home win
Sweden,Argentina,1,0,1,0,45777,"Miyagi Stadium, Rifu",Group stage,2002-06-12,"Korea Republic, Japan",2002,Anders Svensson@59,Hernán Crespo@88,0,0,2002-0157,2,1-1,0,False,Group,2000s,Miyagi Stadium,Rifu,Draw,Draw
Nigeria,England,0,0,0,0,44864,"Yanmar Stadium Nagai, Osaka",Group stage,2002-06-12,"Korea Republic, Japan",2002,,,0,0,2002-0158,0,0-0,0,False,Group,2000s,Yanmar Stadium Nagai,Osaka,Draw,Draw
South Africa,Spain,2,0,3,0,31024,"Daejeon World Cup Stadium, Daejeon",Group stage,2002-06-12,"Korea Republic, Japan",2002,"Benni McCarthy@31,Lucas Radebe@53","Raúl@4,Gaizka Mendieta@45+1,Raúl@56",0,0,2002-0159,5,2-3,1,False,Group,2000s,Daejeon World Cup Stadium,Daejeon,Spain,Away win
Slovenia,Paraguay,1,0,3,0,30176,"Jeju World Cup Stadium, Jeju",Group stage,2002-06-12,"Korea Republic, Japan",2002,Milenko Acimovic@45+1,"Nelson Cuevas@65,Jorge Luis Campos@73,Nelson Cuevas@84",0,0,2002-0160,4,1-3,2,False,Group,2000s,Jeju World Cup Stadium,Jeju,Paraguay,Away win
Denmark,France,2,0,0,0,48100,"Incheon Munhak Stadium, Incheon",Group stage,2002-06-11,"Korea Republic, Japan",2002,"Dennis Rommedahl@22,Jon Dahl Tomasson@67",,0,0,2002-0161,2,2-0,2,False,Group,2000s,Incheon Munhak Stadium,Incheon,Denmark,Home win
Senegal,Uruguay,3,0,3,0,33681,"Suwon World Cup Stadium, Suwon",Group stage,2002-06-11,"Korea Republic, Japan",2002,"Khalilou Fadiga@20,Papa Bouba Diop@26,Papa Bouba Diop@38","Richard Morales@46,Diego Forlán@69,Álvaro Recoba@88",0,0,2002-0162,6,3-3,0,False,Group,2000s,Suwon World Cup Stadium,Suwon,Draw,Draw
Saudi Arabia,Republic of Ireland,0,0,3,0,65320,"Nissan Stadium, Yokohama",Group stage,2002-06-11,"Korea Republic, Japan",2002,,"Robbie Keane@7,Gary Breen@61,Damien Duff@87",0,0,2002-0163,3,0-3,3,False,Group,2000s,Nissan Stadium,Yokohama,Republic of Ireland,Away win
Cameroon,Germany,0,0,2,0,47085,"Shizuoka Stadium Ecopa, Fukuroi",Group stage,2002-06-11,"Korea Republic, Japan",2002,,"Marco Bode@50,Miroslav Klose@79",0,0,2002-0164,2,0-2,2,False,Group,2000s,Shizuoka Stadium Ecopa,Fukuroi,Germany,Away win
Korea Republic,United States,1,0,1,0,60778,"Daegu Main Stadium, Daegu",Group stage,2002-06-10,"Korea Republic, Japan",2002,Ahn Jung-hwan@78,Clint Mathis@24,0,0,2002-0165,2,1-1,0,False,Group,2000s,Daegu Main Stadium,Daegu,Draw,Draw
Tunisia,Belgium,1,0,1,0,39700,"Oita Bank Dome, Oita",Group stage,2002-06-10,"Korea Republic, Japan",2002,Raouf Bouzaiene@17,Marc Wilmots@13,0,0,2002-0166,2,1-1,0,False,Group,2000s,Oita Bank Dome,Oita,Draw,Draw
Portugal,Poland,4,0,0,0,31000,"Jeonju World Cup Stadium, Jeonju",Group stage,2002-06-10,"Korea Republic, Japan",2002,"Pauleta@14,Pauleta@65,Pauleta@77,Rui Costa@88",,0,0,2002-0167,4,4-0,4,False,Group,2000s,Jeonju World Cup Stadium,Jeonju,Portugal,Home win
Mexico,Ecuador,2,0,1,0,45610,"Sapporo Dome, Sapporo",Group stage,2002-06-09,"Korea Republic, Japan",2002,"Jared Borgetti@28,Gerardo Torrado@57",Agustín Delgado@5,0,0,2002-0168,3,2-1,1,False,Group,2000s,Sapporo Dome,Sapporo,Mexico,Home win
Costa Rica,Türkiye,1,0,1,0,42299,"Incheon Munhak Stadium, Incheon",Group stage,2002-06-09,"Korea Republic, Japan",2002,Winston Parks@86,Emre Belözolu@56,0,0,2002-0169,2,1-1,0,False,Group,2000s,Incheon Munhak Stadium,Incheon,Draw,Draw
Japan,Russia,1,0,0,0,66108,"Nissan Stadium, Yokohama",Group stage,2002-06-09,"Korea Republic, Japan",2002,Junichi Inamoto@51,,0,0,2002-0170,1,1-0,1,False,Group,2000s,Nissan Stadium,Yokohama,Japan,Home win
South Africa,Slovenia,1,0,0,0,47226,"Daegu Main Stadium, Daegu",Group stage,2002-06-08,"Korea Republic, Japan",2002,Siyabonga Nomvethe@4,,0,0,2002-0171,1,1-0,1,False,Group,2000s,Daegu Main Stadium,Daegu,South Africa,Home win
Italy,Croatia,1,0,2,0,36472,"Kashima Soccer Stadium, Kashima",Group stage,2002-06-08,"Korea Republic, Japan",2002,Christian Vieri@55,"Ivica Olic@73,Milan Rapaic@76",0,0,2002-0172,3,1-2,1,False,Group,2000s,Kashima Soccer Stadium,Kashima,Croatia,Away win
Brazil,China PR,4,0,0,0,36750,"Jeju World Cup Stadium, Jeju",Group stage,2002-06-08,"Korea Republic, Japan",2002,"Roberto Carlos@15,Rivaldo@32,Ronaldo@55,Ronaldinho@45",,0,0,2002-0173,4,4-0,4,False,Group,2000s,Jeju World Cup Stadium,Jeju,Brazil,Home win
Sweden,Nigeria,2,0,1,0,36194,"NOEVIR Stadium Kobe, Kobe",Group stage,2002-06-07,"Korea Republic, Japan",2002,"Henrik Larsson@35,Henrik Larsson@63",Julius Aghahowa@27,0,0,2002-0174,3,2-1,1,False,Group,2000s,NOEVIR Stadium Kobe,Kobe,Sweden,Home win
IR Iran,Spain,0,0,1,0,42718,"Kazan Arena, Kazan",Group stage,2018-06-20,Russia,2018,,Diego Costa@54,0,0,2018-0175,1,0-1,1,False,Group,2010s,Kazan Arena,Kazan,Spain,Away win
Colombia,Japan,1,0,2,0,40842,"Mordovia Arena, Saransk",Group stage,2018-06-19,Russia,2018,Juan Quintero@39,"Yuya Osako@73,Shinji Kagawa@6",0,0,2018-0176,3,1-2,1,False,Group,2010s,Mordovia Arena,Saransk,Japan,Away win
Poland,Senegal,1,0,2,0,44190,"Otkrytie Arena, Moskva",Group stage,2018-06-19,Russia,2018,Grzegorz Krychowiak@86,M'Baye Niang@61,0,1,2018-0177,3,1-2,1,False,Group,2010s,Otkrytie Arena,Moskva,Senegal,Away win
Russia,Egypt,3,0,1,0,64468,"Gazprom Arena, Sankt-Petersburg",Group stage,2018-06-19,Russia,2018,"Denis Cheryshev@59,Artem Dzyuba@62",Mohamed Salah@73,1,0,2018-0178,4,3-1,2,False,Group,2010s,Gazprom Arena,Sankt-Petersburg,Russia,Home win
Sweden,Korea Republic,1,0,0,0,42300,"Stadion Nizhny Novgorod, Nizhny Novgorod",Group stage,2018-06-18,Russia,2018,Andreas Granqvist@65,,0,0,2018-0179,1,1-0,1,False,Group,2010s,Stadion Nizhny Novgorod,Nizhny Novgorod,Sweden,Home win
Belgium,Panama,3,0,0,0,43257,"Olimpiyskiy Stadion Fisht, Sochi",Group stage,2018-06-18,Russia,2018,"Dries Mertens@48,Romelu Lukaku@69,Romelu Lukaku@75",,0,0,2018-0180,3,3-0,3,False,Group,2010s,Olimpiyskiy Stadion Fisht,Sochi,Belgium,Home win
Tunisia,England,1,0,2,0,41064,"Volgograd Arena, Volgograd",Group stage,2018-06-18,Russia,2018,Ferjani Sassi@35,"Harry Kane@11,Harry Kane@90+1",0,0,2018-0181,3,1-2,1,False,Group,2010s,Volgograd Arena,Volgograd,England,Away win
Costa Rica,Serbia,0,0,1,0,41432,"Cosmos Arena, Samara",Group stage,2018-06-17,Russia,2018,,Aleksandar Kolarov@56,0,0,2018-0182,1,0-1,1,False,Group,2010s,Cosmos Arena,Samara,Serbia,Away win
Germany,Mexico,0,0,1,0,78011,"Olimpiyskiy stadion Luzhniki, Moskva",Group stage,2018-06-17,Russia,2018,,Hirving Lozano@35,0,0,2018-0183,1,0-1,1,False,Group,2010s,Olimpiyskiy stadion Luzhniki,Moskva,Mexico,Away win
Brazil,Switzerland,1,0,1,0,43109,"Rostov Arena, Rostov-na-Donu",Group stage,2018-06-17,Russia,2018,Philippe Coutinho@20,Steven Zuber@50,0,0,2018-0184,2,1-1,0,False,Group,2010s,Rostov Arena,Rostov-na-Donu,Draw,Draw
France,Australia,2,0,1,0,41279,"Kazan Arena, Kazan",Group stage,2018-06-16,Russia,2018,Antoine Griezmann@58,Mile Jedinak@62,1,0,2018-0185,3,2-1,1,False,Group,2010s,Kazan Arena,Kazan,France,Home win
Argentina,Iceland,1,0,1,0,44190,"Otkrytie Arena, Moskva",Group stage,2018-06-16,Russia,2018,Sergio Agüero@19,Alfreð Finnbogason@23,0,0,2018-0186,2,1-1,0,False,Group,2010s,Otkrytie Arena,Moskva,Draw,Draw
Peru,Denmark,0,0,1,0,40502,"Mordovia Arena, Saransk",Group stage,2018-06-16,Russia,2018,,Yussuf Poulsen@59,0,0,2018-0187,1,0-1,1,False,Group,2010s,Mordovia Arena,Saransk,Denmark,Away win
Spain,Paraguay,3,0,1,0,24000,"Jeonju World Cup Stadium, Jeonju",Group stage,2002-06-07,"Korea Republic, Japan",2002,"Fernando Morientes@53,Fernando Morientes@69,Fernando Hierro@83",,0,1,2002-0188,4,3-1,2,False,Group,2000s,Jeonju World Cup Stadium,Jeonju,Spain,Home win
Croatia,Nigeria,2,0,0,0,31136,"Kaliningrad Stadium, Kaliningrad",Group stage,2018-06-16,Russia,2018,Luka Modric@71,,1,0,2018-0189,2,2-0,2,False,Group,2010s,Kaliningrad Stadium,Kaliningrad,Croatia,Home win
Argentina,England,0,0,1,0,35927,"Sapporo Dome, Sapporo",Group stage,2002-06-07,"Korea Republic, Japan",2002,,David Beckham@44,0,0,2002-0190,1,0-1,1,False,Group,2000s,Sapporo Dome,Sapporo,England,Away win
Denmark,Senegal,1,0,1,0,43500,"Daegu Main Stadium, Daegu",Group stage,2002-06-06,"Korea Republic, Japan",2002,Jon Dahl Tomasson@16,Salif Diao@52,0,0,2002-0191,2,1-1,0,False,Group,2000s,Daegu Main Stadium,Daegu,Draw,Draw
Egypt,Uruguay,0,0,1,0,27015,"Stadion Central'nyj, Yekaterinburg",Group stage,2018-06-15,Russia,2018,,José María Giménez@89,0,0,2018-0192,1,0-1,1,False,Group,2010s,Stadion Central'nyj,Yekaterinburg,Uruguay,Away win
Cameroon,Saudi Arabia,1,0,0,0,52328,"Saitama Stadium 2002, Saitama",Group stage,2002-06-06,"Korea Republic, Japan",2002,Samuel Eto'o@66,,0,0,2002-0193,1,1-0,1,False,Group,2000s,Saitama Stadium 2002,Saitama,Cameroon,Home win
Morocco,IR Iran,0,0,1,0,62548,"Gazprom Arena, Sankt-Petersburg",Group stage,2018-06-15,Russia,2018,,,0,1,2018-0194,1,0-1,1,False,Group,2010s,Gazprom Arena,Sankt-Petersburg,IR Iran,Away win
France,Uruguay,0,0,0,0,38070,"Busan Sport Complex Asiad Stadium, Busan",Group stage,2002-06-06,"Korea Republic, Japan",2002,,,0,0,2002-0195,0,0-0,0,False,Group,2000s,Busan Sport Complex Asiad Stadium,Busan,Draw,Draw
Portugal,Spain,3,0,3,0,43866,"Olimpiyskiy Stadion Fisht, Sochi",Group stage,2018-06-15,Russia,2018,"Cristiano Ronaldo@44,Cristiano Ronaldo@88,Cristiano Ronaldo@4","Diego Costa@24,Diego Costa@55,Nacho@58",0,0,2018-0196,6,3-3,0,False,Group,2010s,Olimpiyskiy Stadion Fisht,Sochi,Draw,Draw
Russia,Tunisia,2,0,0,0,30957,"NOEVIR Stadium Kobe, Kobe",Group stage,2002-06-05,"Korea Republic, Japan",2002,"Yegor Titov@59,Valeri Karpin@64",,0,0,2002-0197,2,2-0,2,False,Group,2000s,NOEVIR Stadium Kobe,Kobe,Russia,Home win
Russia,Saudi Arabia,5,0,0,0,78011,"Olimpiyskiy stadion Luzhniki, Moskva",Group stage,2018-06-14,Russia,2018,"Yuri Gazinskiy@12,Denis Cheryshev@43,Artem Dzyuba@71,Denis Cheryshev@90+1,Aleksandr Golovin@90+5",,0,0,2018-0198,5,5-0,5,False,Group,2010s,Olimpiyskiy stadion Luzhniki,Moskva,Russia,Home win
United States,Portugal,3,0,2,0,37306,"Suwon World Cup Stadium, Suwon",Group stage,2002-06-05,"Korea Republic, Japan",2002,"John O'Brien@4,Brian McBride@36",Beto@39,1,1,2002-0199,5,3-2,1,False,Group,2000s,Suwon World Cup Stadium,Suwon,United States,Home win
Germany,Argentina,1,0,0,0,74738,"Estadio Jornalista Mário Filho, Rio de Janeiro",Final,2014-07-13,Brazil,2014,Mario Götze@113,,0,0,2014-0200,1,1-0,1,False,Final,2010s,Estadio Jornalista Mário Filho,Rio de Janeiro,Germany,Home win
Germany,Republic of Ireland,1,0,1,0,35854,"Kashima Soccer Stadium, Kashima",Group stage,2002-06-05,"Korea Republic, Japan",2002,Miroslav Klose@19,Robbie Keane@90+2,0,0,2002-0201,2,1-1,0,False,Group,2000s,Kashima Soccer Stadium,Kashima,Draw,Draw
China PR,Costa Rica,0,0,2,0,27217,"Guus Hiddink Stadium, Gwangju",Group stage,2002-06-04,"Korea Republic, Japan",2002,,"Rónald Gómez@61,Mauricio Wright@65",0,0,2002-0202,2,0-2,2,False,Group,2000s,Guus Hiddink Stadium,Gwangju,Costa Rica,Away win
Japan,Belgium,2,0,2,0,55256,"Saitama Stadium 2002, Saitama",Group stage,2002-06-04,"Korea Republic, Japan",2002,"Takayuki Suzuki@59,Junichi Inamoto@67","Marc Wilmots@57,Peter Van der Heyden@75",0,0,2002-0203,4,2-2,0,False,Group,2000s,Saitama Stadium 2002,Saitama,Draw,Draw
Korea Republic,Poland,2,0,0,0,48760,"Busan Sport Complex Asiad Stadium, Busan",Group stage,2002-06-04,"Korea Republic, Japan",2002,"Hwang Sun-hong@26,Yoo Sang-chul@53",,0,0,2002-0204,2,2-0,2,False,Group,2000s,Busan Sport Complex Asiad Stadium,Busan,Korea Republic,Home win
Croatia,Mexico,0,0,1,0,32239,"Denka Big Swan Stadium, Niigata",Group stage,2002-06-03,"Korea Republic, Japan",2002,,Cuauhtémoc Blanco@60,0,0,2002-0205,1,0-1,1,False,Group,2000s,Denka Big Swan Stadium,Niigata,Mexico,Away win
Brazil,Türkiye,2,0,1,0,33842,"Munsu Cup Stadium, Ulsan",Group stage,2002-06-03,"Korea Republic, Japan",2002,"Ronaldo@50,Rivaldo@87",Hasan Sas@45+2,0,0,2002-0206,3,2-1,1,False,Group,2000s,Munsu Cup Stadium,Ulsan,Brazil,Home win
Italy,Ecuador,2,0,0,0,31081,"Sapporo Dome, Sapporo",Group stage,2002-06-03,"Korea Republic, Japan",2002,"Christian Vieri@7,Christian Vieri@27",,0,0,2002-0207,2,2-0,2,False,Group,2000s,Sapporo Dome,Sapporo,Italy,Home win
Argentina,Nigeria,1,0,0,0,34050,"Kashima Soccer Stadium, Kashima",Group stage,2002-06-02,"Korea Republic, Japan",2002,Gabriel Batistuta@63,,0,0,2002-0208,1,1-0,1,False,Group,2000s,Kashima Soccer Stadium,Kashima,Argentina,Home win
Paraguay,South Africa,2,0,2,0,25186,"Busan Sport Complex Asiad Stadium, Busan",Group stage,2002-06-02,"Korea Republic, Japan",2002,"Roque Santa Cruz@39,Francisco Arce@55","Teboho Mokoena@63,Quinton Fortune@90+1",0,0,2002-0209,4,2-2,0,False,Group,2000s,Busan Sport Complex Asiad Stadium,Busan,Draw,Draw
England,Sweden,1,0,1,0,52721,"Saitama Stadium 2002, Saitama",Group stage,2002-06-02,"Korea Republic, Japan",2002,Sol Campbell@24,Niclas Alexandersson@59,0,0,2002-0210,2,1-1,0,False,Group,2000s,Saitama Stadium 2002,Saitama,Draw,Draw
Spain,Slovenia,3,0,1,0,28588,"Guus Hiddink Stadium, Gwangju",Group stage,2002-06-02,"Korea Republic, Japan",2002,"Raúl@44,Juan Carlos Valerón@74,Fernando Hierro@87",Sebastjan Cimirotic@82,0,0,2002-0211,4,3-1,2,False,Group,2000s,Guus Hiddink Stadium,Gwangju,Spain,Home win
Republic of Ireland,Cameroon,1,0,1,0,33679,"Denka Big Swan Stadium, Niigata",Group stage,2002-06-01,"Korea Republic, Japan",2002,Matt Holland@52,Patrick M'Boma@39,0,0,2002-0212,2,1-1,0,False,Group,2000s,Denka Big Swan Stadium,Niigata,Draw,Draw
Netherlands,Japan,1,0,0,0,62010,"Moses Mabhida Stadium, Durban",Group stage,2010-06-19,South Africa,2010,Wesley Sneijder@53,,0,0,2010-0213,1,1-0,1,False,Group,2010s,Moses Mabhida Stadium,Durban,Netherlands,Home win
Ghana,Australia,1,0,1,0,34812,"Royal Bafokeng Stadium, Phokeng",Group stage,2010-06-19,South Africa,2010,Asamoah Gyan@25,Brett Holman@11,0,0,2010-0214,2,1-1,0,False,Group,2010s,Royal Bafokeng Stadium,Phokeng,Draw,Draw
Cameroon,Denmark,1,0,2,0,38074,"Loftus Versfeld Stadium, Pretoria",Group stage,2010-06-19,South Africa,2010,Samuel Eto'o@10,"Nicklas Bendtner@33,Dennis Rommedahl@61",0,0,2010-0215,3,1-2,1,False,Group,2010s,Loftus Versfeld Stadium,Pretoria,Denmark,Away win
Germany,Serbia,0,0,1,0,38294,"Nelson Mandela Bay Stadium, Port Elizabeth",Group stage,2010-06-18,South Africa,2010,,Milan Jovanovic@38,0,0,2010-0216,1,0-1,1,False,Group,2010s,Nelson Mandela Bay Stadium,Port Elizabeth,Serbia,Away win
Slovenia,United States,2,0,2,0,45573,"Emirates Airline Park, Johannesburg",Group stage,2010-06-18,South Africa,2010,"Valter Birsa@13,Zlatan Ljubijankic@42","Landon Donovan@48,Michael Bradley@82",0,0,2010-0217,4,2-2,0,False,Group,2010s,Emirates Airline Park,Johannesburg,Draw,Draw
England,Algeria,0,0,0,0,64100,"Cape Town Stadium, Cape Town",Group stage,2010-06-18,South Africa,2010,,,0,0,2010-0218,0,0-0,0,False,Group,2010s,Cape Town Stadium,Cape Town,Draw,Draw
Argentina,Korea Republic,4,0,1,0,82174,"Soccer City, Johannesburg",Group stage,2010-06-17,South Africa,2010,"Gonzalo Higuaín@33,Gonzalo Higuaín@76,Gonzalo Higuaín@80",Lee Chung-yong@45+1,1,0,2010-0219,5,4-1,3,False,Group,2010s,Soccer City,Johannesburg,Argentina,Home win
Greece,Nigeria,2,0,1,0,31593,"Toyota Stadium, Bloemfontein",Group stage,2010-06-17,South Africa,2010,"Dimitris Salpingidis@44,Vasilis Torosidis@71",Kalu Uche@16,0,0,2010-0220,3,2-1,1,False,Group,2010s,Toyota Stadium,Bloemfontein,Greece,Home win
France,Mexico,0,0,2,0,35370,"Peter Mokaba Stadium, Polokwane",Group stage,2010-06-17,South Africa,2010,,"Javier Hernández@64,Cuauhtémoc Blanco@79",0,0,2010-0221,2,0-2,2,False,Group,2010s,Peter Mokaba Stadium,Polokwane,Mexico,Away win
Honduras,Chile,0,0,1,0,32664,"Mbombela Stadium, Nelspruit",Group stage,2010-06-16,South Africa,2010,,Jean Beausejour@34,0,0,2010-0222,1,0-1,1,False,Group,2010s,Mbombela Stadium,Nelspruit,Chile,Away win
Uruguay,Denmark,1,0,2,0,30157,"Munsu Cup Stadium, Ulsan",Group stage,2002-06-01,"Korea Republic, Japan",2002,Darío Rodríguez@47,"Jon Dahl Tomasson@45,Jon Dahl Tomasson@83",0,0,2002-0223,3,1-2,1,False,Group,2000s,Munsu Cup Stadium,Ulsan,Denmark,Away win
Spain,Switzerland,0,0,1,0,62453,"Moses Mabhida Stadium, Durban",Group stage,2010-06-16,South Africa,2010,,Gelson Fernandes@52,0,0,2010-0224,1,0-1,1,False,Group,2010s,Moses Mabhida Stadium,Durban,Switzerland,Away win
Germany,Saudi Arabia,8,0,0,0,32218,"Sapporo Dome, Sapporo",Group stage,2002-06-01,"Korea Republic, Japan",2002,"Miroslav Klose@20,Miroslav Klose@25,Michael Ballack@40,Carsten Jancker@45+1,Miroslav Klose@70,Thomas Linke@72,Oliver Bierhoff@84,Bernd Schneider@90+2",,0,0,2002-0225,8,8-0,8,False,Group,2000s,Sapporo Dome,Sapporo,Germany,Home win
South Africa,Uruguay,0,0,3,0,42658,"Loftus Versfeld Stadium, Pretoria",Group stage,2010-06-16,South Africa,2010,,"Diego Forlán@24,Álvaro Pereira@90+5,Diego Forlán@80",0,0,2010-0226,3,0-3,3,False,Group,2010s,Loftus Versfeld Stadium,Pretoria,Uruguay,Away win
France,Senegal,0,0,1,0,62561,"Seoul World Cup Stadium, Seoul",Group stage,2002-05-31,"Korea Republic, Japan",2002,,Pape Malick Diop@30,0,0,2002-0227,1,0-1,1,False,Group,2000s,Seoul World Cup Stadium,Seoul,Senegal,Away win
Brazil,France,0,0,3,0,80000,"Stade de France, Paris",Final,1998-07-12,France,1998,,"Zinédine Zidane@27,Zinédine Zidane@45,Emmanuel Petit@90",0,0,1998-0228,3,0-3,3,False,Final,1990s,Stade de France,Paris,France,Away win
New Zealand,Slovakia,1,0,1,0,23871,"Royal Bafokeng Stadium, Phokeng",Group stage,2010-06-15,South Africa,2010,Winston Reid@90+3,Róbert Vittek@50,0,0,2010-0229,2,1-1,0,False,Group,2010s,Royal Bafokeng Stadium,Phokeng,Draw,Draw
Netherlands,Croatia,1,0,2,0,44000,"Parc des Princes, Paris",Third-place match,1998-07-11,France,1998,Boudewijn Zenden@21,"Robert Prosinecki@13,Davor Šuker@35",0,0,1998-0230,3,1-2,1,False,Placement,1990s,Parc des Princes,Paris,Croatia,Away win
France,Croatia,2,0,1,0,80000,"Stade de France, Paris",Semi-finals,1998-07-08,France,1998,"Lilian Thuram@47,Lilian Thuram@70",Davor Šuker@46,0,0,1998-0231,3,2-1,1,False,Knockout,1990s,Stade de France,Paris,France,Home win
Brazil,Netherlands,1,4,1,2,60000,"Orange Vélodrome, Marseille",Semi-finals,1998-07-07,France,1998,Ronaldo@46,Patrick Kluivert@87,0,0,1998-0232,2,1-1,0,True,Knockout,1990s,Orange Vélodrome,Marseille,Brazil,Home win on penalties
Netherlands,Argentina,2,0,1,0,60000,"Orange Vélodrome, Marseille",Quarter-finals,1998-07-04,France,1998,"Patrick Kluivert@12,Dennis Bergkamp@89",Claudio López@17,0,0,1998-0233,3,2-1,1,False,Knockout,1990s,Orange Vélodrome,Marseille,Netherlands,Home win
Germany,Croatia,0,0,3,0,43300,"Matmut Stadium de Gerland, Lyon",Quarter-finals,1998-07-04,France,1998,,"Robert Jarni@45,Goran Vlaovic@80,Davor Šuker@85",0,0,1998-0234,3,0-3,3,False,Knockout,1990s,Matmut Stadium de Gerland,Lyon,Croatia,Away win
Italy,France,0,3,0,4,80000,"Stade de France, Paris",Quarter-finals,1998-07-03,France,1998,,,0,0,1998-0235,0,0-0,0,True,Knockout,1990s,Stade de France,Paris,France,Away win on penalties
Brazil,Denmark,3,0,2,0,49500,"Stade de la Beaujoire - Louis Fonteneau, Nantes",Quarter-finals,1998-07-03,France,1998,"Bebeto@10,Rivaldo@27,Rivaldo@60","Martin Jørgensen@2,Brian Laudrup@50",0,0,1998-0236,5,3-2,1,False,Knockout,1990s,Stade de la Beaujoire - Louis Fonteneau,Nantes,Brazil,Home win
Romania,Croatia,0,0,1,0,31800,"Stade Jacques Chaban-Delmas, Bordeaux",Round of 16,1998-06-30,France,1998,,Davor Šuker@45,0,0,1998-0237,1,0-1,1,False,Knockout,1990s,Stade Jacques Chaban-Delmas,Bordeaux,Croatia,Away win
Brazil,Netherlands,0,0,3,0,68034,"Estádio Nacional de Brasília, Brasília",Third-place match,2014-07-12,Brazil,2014,,"Daley Blind@17,Georginio Wijnaldum@90+1,Robin van Persie@3",0,0,2014-0238,3,0-3,3,False,Placement,2010s,Estádio Nacional de Brasília,Brasília,Netherlands,Away win
Argentina,England,2,4,2,3,30600,"Stade Geoffroy-Guichard, Saint-Étienne",Round of 16,1998-06-30,France,1998,"Javier Zanetti@45,Gabriel Batistuta@5","Michael Owen@16,Alan Shearer@9",0,0,1998-0239,4,2-2,0,True,Knockout,1990s,Stade Geoffroy-Guichard,Saint-Étienne,Argentina,Home win on penalties
Netherlands,Argentina,0,2,0,4,63267,"Arena Corinthians, São Paulo",Semi-finals,2014-07-09,Brazil,2014,,,0,0,2014-0240,0,0-0,0,True,Knockout,2010s,Arena Corinthians,São Paulo,Argentina,Away win on penalties
Germany,Mexico,2,0,1,0,29800,"Stade de la Mosson, Montpellier",Round of 16,1998-06-29,France,1998,"Jürgen Klinsmann@75,Oliver Bierhoff@86",Luis Hernández@47,0,0,1998-0241,3,2-1,1,False,Knockout,1990s,Stade de la Mosson,Montpellier,Germany,Home win
Brazil,Germany,1,0,7,0,58141,"Estádio Governador Magalhães Pinto, Belo Horizonte",Semi-finals,2014-07-08,Brazil,2014,Oscar@90,"Thomas Müller@11,Miroslav Klose@23,Toni Kroos@24,Toni Kroos@26,Sami Khedira@29,André Schürrle@69,André Schürrle@79",0,0,2014-0242,8,1-7,6,False,Knockout,2010s,Estádio Governador Magalhães Pinto,Belo Horizonte,Germany,Away win
Netherlands,FR Yugoslavia,2,0,1,0,33000,"Stadium Municipal, Toulouse",Round of 16,1998-06-29,France,1998,"Dennis Bergkamp@38,Edgar Davids@90",Slobodan Komljenovi@48,0,0,1998-0243,3,2-1,1,False,Knockout,1990s,Stadium Municipal,Toulouse,Netherlands,Home win
Argentina,Belgium,1,0,0,0,68551,"Estádio Nacional de Brasília, Brasília",Quarter-finals,2014-07-05,Brazil,2014,Gonzalo Higuaín@8,,0,0,2014-0244,1,1-0,1,False,Knockout,2010s,Estádio Nacional de Brasília,Brasília,Argentina,Home win
France,Paraguay,1,0,0,0,31800,"Stade Bollaert-Delelis, Lens",Round of 16,1998-06-28,France,1998,Laurent Blanc@114,,0,0,1998-0245,1,1-0,1,False,Knockout,1990s,Stade Bollaert-Delelis,Lens,France,Home win
Netherlands,Costa Rica,0,4,0,3,51179,"Itaipava Arena Fonte Nova, Salvador",Quarter-finals,2014-07-05,Brazil,2014,,,0,0,2014-0246,0,0-0,0,True,Knockout,2010s,Itaipava Arena Fonte Nova,Salvador,Netherlands,Home win on penalties
Nigeria,Denmark,1,0,4,0,77000,"Stade de France, Paris",Round of 16,1998-06-28,France,1998,Tijani Babangida@77,"Peter Møller@3,Brian Laudrup@12,Ebbe Sand@60,Thomas Helveg@76",0,0,1998-0247,5,1-4,3,False,Knockout,1990s,Stade de France,Paris,Denmark,Away win
France,Germany,0,0,1,0,74240,"Estadio Jornalista Mário Filho, Rio de Janeiro",Quarter-finals,2014-07-04,Brazil,2014,,Mats Hummels@13,0,0,2014-0248,1,0-1,1,False,Knockout,2010s,Estadio Jornalista Mário Filho,Rio de Janeiro,Germany,Away win
Italy,Norway,1,0,0,0,55000,"Orange Vélodrome, Marseille",Round of 16,1998-06-27,France,1998,Christian Vieri@18,,0,0,1998-0249,1,1-0,1,False,Knockout,1990s,Orange Vélodrome,Marseille,Italy,Home win
Brazil,Colombia,2,0,1,0,60342,"Estádio Castelão, Fortaleza",Quarter-finals,2014-07-04,Brazil,2014,"Thiago Silva@7,David Luiz@69",James Rodríguez@80,0,0,2014-0250,3,2-1,1,False,Knockout,2010s,Estádio Castelão,Fortaleza,Brazil,Home win
Brazil,Chile,4,0,1,0,45500,"Parc des Princes, Paris",Round of 16,1998-06-27,France,1998,"César Sampaio@11,César Sampaio@26,Ronaldo@70,Ronaldo@45",Marcelo Salas@68,0,0,1998-0251,5,4-1,3,False,Knockout,1990s,Parc des Princes,Paris,Brazil,Home win
Argentina,Switzerland,1,0,0,0,63255,"Arena Corinthians, São Paulo",Round of 16,2014-07-01,Brazil,2014,Ángel Di María@118,,0,0,2014-0252,1,1-0,1,False,Knockout,2010s,Arena Corinthians,São Paulo,Argentina,Home win
Argentina,Croatia,1,0,0,0,31800,"Stade Jacques Chaban-Delmas, Bordeaux",Group stage,1998-06-26,France,1998,Mauricio Pineda@36,,0,0,1998-0253,1,1-0,1,False,Group,1990s,Stade Jacques Chaban-Delmas,Bordeaux,Argentina,Home win
Belgium,United States,2,0,1,0,51227,"Itaipava Arena Fonte Nova, Salvador",Round of 16,2014-07-01,Brazil,2014,"Kevin De Bruyne@93,Romelu Lukaku@105",Julian Green@107,0,0,2014-0254,3,2-1,1,False,Knockout,2010s,Itaipava Arena Fonte Nova,Salvador,Belgium,Home win
Japan,Jamaica,1,0,2,0,39100,"Matmut Stadium de Gerland, Lyon",Group stage,1998-06-26,France,1998,Masashi Nakayama@74,"Theodore Whitmore@39,Theodore Whitmore@54",0,0,1998-0255,3,1-2,1,False,Group,1990s,Matmut Stadium de Gerland,Lyon,Jamaica,Away win
France,Nigeria,2,0,0,0,67882,"Estádio Nacional de Brasília, Brasília",Round of 16,2014-06-30,Brazil,2014,Paul Pogba@79,,1,0,2014-0256,2,2-0,2,False,Knockout,2010s,Estádio Nacional de Brasília,Brasília,France,Home win
Romania,Tunisia,1,0,1,0,80000,"Stade de France, Paris",Group stage,1998-06-26,France,1998,Viorel Moldovan@72,Skander Souayah@10,0,0,1998-0257,2,1-1,0,False,Group,1990s,Stade de France,Paris,Draw,Draw
Germany,Algeria,2,0,1,0,43063,"Estádio José Pinheiro Borba, Porto Alegre",Round of 16,2014-06-30,Brazil,2014,"André Schürrle@92,Mesut Özil@119",Abdelmoumene Djabou@120+1,0,0,2014-0258,3,2-1,1,False,Knockout,2010s,Estádio José Pinheiro Borba,Porto Alegre,Germany,Home win
Colombia,England,0,0,2,0,42000,"Stade Bollaert-Delelis, Lens",Group stage,1998-06-26,France,1998,,"Darren Anderton@20,David Beckham@29",0,0,1998-0259,2,0-2,2,False,Group,1990s,Stade Bollaert-Delelis,Lens,England,Away win
Netherlands,Mexico,2,0,2,0,30600,"Stade Geoffroy-Guichard, Saint-Étienne",Group stage,1998-06-25,France,1998,"Phillip Cocu@4,Ronald de Boer@18","Ricardo Peláez@75,Claudio Suárez@90",0,0,1998-0260,4,2-2,0,False,Group,1990s,Stade Geoffroy-Guichard,Saint-Étienne,Draw,Draw
Netherlands,Mexico,2,0,1,0,58817,"Estádio Castelão, Fortaleza",Round of 16,2014-06-29,Brazil,2014,"Wesley Sneijder@88,Klaas-Jan Huntelaar@90+4",Giovani dos Santos@48,0,0,2014-0261,3,2-1,1,False,Knockout,2010s,Estádio Castelão,Fortaleza,Netherlands,Home win
Belgium,Korea Republic,1,0,1,0,45500,"Parc des Princes, Paris",Group stage,1998-06-25,France,1998,Luc Nilis@7,Yoo Sang-chul@71,0,0,1998-0262,2,1-1,0,False,Group,1990s,Parc des Princes,Paris,Draw,Draw
Costa Rica,Greece,1,5,1,3,41242,"Itaipava Arena Pernambuco, Recife",Round of 16,2014-06-29,Brazil,2014,Bryan Ruiz@52,Sokratis Papastathopoulos@90+1,0,0,2014-0263,2,1-1,0,True,Knockout,2010s,Itaipava Arena Pernambuco,Recife,Costa Rica,Home win on penalties
United States,FR Yugoslavia,0,0,1,0,38500,"Stade de la Beaujoire - Louis Fonteneau, Nantes",Group stage,1998-06-25,France,1998,,Slobodan Komljenovi@4,0,0,1998-0264,1,0-1,1,False,Group,1990s,Stade de la Beaujoire - Louis Fonteneau,Nantes,FR Yugoslavia,Away win
Brazil,Chile,1,3,1,2,57714,"Estádio Governador Magalhães Pinto, Belo Horizonte",Round of 16,2014-06-28,Brazil,2014,David Luiz@18,Alexis Sánchez@32,0,0,2014-0265,2,1-1,0,True,Knockout,2010s,Estádio Governador Magalhães Pinto,Belo Horizonte,Brazil,Home win on penalties
Germany,IR Iran,2,0,0,0,35500,"Stade de la Mosson, Montpellier",Group stage,1998-06-25,France,1998,"Oliver Bierhoff@50,Jürgen Klinsmann@58",,0,0,1998-0266,2,2-0,2,False,Group,1990s,Stade de la Mosson,Montpellier,Germany,Home win
Colombia,Uruguay,2,0,0,0,73804,"Estadio Jornalista Mário Filho, Rio de Janeiro",Round of 16,2014-06-28,Brazil,2014,"James Rodríguez@29,James Rodríguez@50",,0,0,2014-0267,2,2-0,2,False,Knockout,2010s,Estadio Jornalista Mário Filho,Rio de Janeiro,Colombia,Home win
South Africa,Saudi Arabia,2,0,2,0,31800,"Stade Jacques Chaban-Delmas, Bordeaux",Group stage,1998-06-24,France,1998,"Shaun Bartlett@18,Shaun Bartlett@90","Sami Al-Jaber@45,Yousuf Al-Thunayan@74",0,0,1998-0268,4,2-2,0,False,Group,1990s,Stade Jacques Chaban-Delmas,Bordeaux,Draw,Draw
United States,Germany,0,0,1,0,41876,"Itaipava Arena Pernambuco, Recife",Group stage,2014-06-26,Brazil,2014,,Thomas Müller@55,0,0,2014-0269,1,0-1,1,False,Group,2010s,Itaipava Arena Pernambuco,Recife,Germany,Away win
France,Denmark,2,0,1,0,39100,"Matmut Stadium de Gerland, Lyon",Group stage,1998-06-24,France,1998,"Emmanuel Petit@57,Youri Djorkaeff@12",Michael Laudrup@42,0,0,1998-0270,3,2-1,1,False,Group,1990s,Matmut Stadium de Gerland,Lyon,France,Home win
Portugal,Ghana,2,0,1,0,67540,"Estádio Nacional de Brasília, Brasília",Group stage,2014-06-26,Brazil,2014,Cristiano Ronaldo@80,Asamoah Gyan@57,1,0,2014-0271,3,2-1,1,False,Group,2010s,Estádio Nacional de Brasília,Brasília,Portugal,Home win
Spain,Bulgaria,6,0,1,0,41275,"Stade Bollaert-Delelis, Lens",Group stage,1998-06-24,France,1998,"Luis Enrique@18,Fernando Morientes@55,Fernando Morientes@81,Kiko@90,Fernando Hierro@6",Emil Kostadinov@58,1,0,1998-0272,7,6-1,5,False,Group,1990s,Stade Bollaert-Delelis,Lens,Spain,Home win
Korea Republic,Belgium,0,0,1,0,61397,"Arena Corinthians, São Paulo",Group stage,2014-06-26,Brazil,2014,,Jan Vertonghen@77,0,0,2014-0273,1,0-1,1,False,Group,2010s,Arena Corinthians,São Paulo,Belgium,Away win
Nigeria,Paraguay,1,0,3,0,33400,"Stadium Municipal, Toulouse",Group stage,1998-06-24,France,1998,Wilson Oruma@11,"Celso Ayala@1,Miguel Ángel Benítez@59,José Cardozo@86",0,0,1998-0274,4,1-3,2,False,Group,1990s,Stadium Municipal,Toulouse,Paraguay,Away win
Algeria,Russia,1,0,1,0,39311,"Estádio Joaquim Américo Guimarães, Curitiba",Group stage,2014-06-26,Brazil,2014,Islam Slimani@60,Aleksandr Kokorin@6,0,0,2014-0275,2,1-1,0,False,Group,2010s,Estádio Joaquim Américo Guimarães,Curitiba,Draw,Draw
Italy,Austria,2,0,1,0,80000,"Stade de France, Paris",Group stage,1998-06-23,France,1998,"Christian Vieri@49,Roberto Baggio@90",Andreas Herzog@90,0,0,1998-0276,3,2-1,1,False,Group,1990s,Stade de France,Paris,Italy,Home win
Chile,Cameroon,1,0,1,0,39500,"Stade de la Beaujoire - Louis Fonteneau, Nantes",Group stage,1998-06-23,France,1998,José Luis Sierra@20,Patrick M'Boma@56,0,0,1998-0277,2,1-1,0,False,Group,1990s,Stade de la Beaujoire - Louis Fonteneau,Nantes,Draw,Draw
Brazil,Norway,1,0,2,0,57000,"Orange Vélodrome, Marseille",Group stage,1998-06-23,France,1998,Bebeto@78,"Tore André Flo@83,Kjetil Rekdal@89",0,0,1998-0278,3,1-2,1,False,Group,1990s,Orange Vélodrome,Marseille,Norway,Away win
Scotland,Morocco,0,0,3,0,36000,"Stade Geoffroy-Guichard, Saint-Étienne",Group stage,1998-06-23,France,1998,,"Salaheddine Bassir@23,Abdeljalil Hadda@47,Salaheddine Bassir@85",0,0,1998-0279,3,0-3,3,False,Group,1990s,Stade Geoffroy-Guichard,Saint-Étienne,Morocco,Away win
Colombia,Tunisia,1,0,0,0,35500,"Stade de la Mosson, Montpellier",Group stage,1998-06-22,France,1998,Léider Preciado@83,,0,0,1998-0280,1,1-0,1,False,Group,1990s,Stade de la Mosson,Montpellier,Colombia,Home win
Romania,England,2,0,1,0,33140,"Stadium Municipal, Toulouse",Group stage,1998-06-22,France,1998,"Viorel Moldovan@47,Dan Petrescu@90",Michael Owen@83,0,0,1998-0281,3,2-1,1,False,Group,1990s,Stadium Municipal,Toulouse,Romania,Home win
Germany,FR Yugoslavia,2,0,2,0,41275,"Stade Bollaert-Delelis, Lens",Group stage,1998-06-21,France,1998,Oliver Bierhoff@80,"Predrag Mijatovi@13,Dragan Stojkovi@54",1,0,1998-0282,4,2-2,0,False,Group,1990s,Stade Bollaert-Delelis,Lens,Draw,Draw
Argentina,Jamaica,5,0,0,0,45500,"Parc des Princes, Paris",Group stage,1998-06-21,France,1998,"Ariel Ortega@32,Ariel Ortega@55,Gabriel Batistuta@72,Gabriel Batistuta@79,Gabriel Batistuta@83",,0,0,1998-0283,5,5-0,5,False,Group,1990s,Parc des Princes,Paris,Argentina,Home win
United States,IR Iran,1,0,2,0,43300,"Matmut Stadium de Gerland, Lyon",Group stage,1998-06-21,France,1998,Brian McBride@87,"Hamid Estili@40,Mehdi Mahdavikia@84",0,0,1998-0284,3,1-2,1,False,Group,1990s,Matmut Stadium de Gerland,Lyon,IR Iran,Away win
Japan,Croatia,0,0,1,0,35500,"Stade de la Beaujoire - Louis Fonteneau, Nantes",Group stage,1998-06-20,France,1998,,Davor Šuker@77,0,0,1998-0285,1,0-1,1,False,Group,1990s,Stade de la Beaujoire - Louis Fonteneau,Nantes,Croatia,Away win
Côte d'Ivoire,Portugal,0,0,0,0,37034,"Nelson Mandela Bay Stadium, Port Elizabeth",Group stage,2010-06-15,South Africa,2010,,,0,0,2010-0286,0,0-0,0,False,Group,2010s,Nelson Mandela Bay Stadium,Port Elizabeth,Draw,Draw
Belgium,Mexico,2,0,2,0,31800,"Stade Jacques Chaban-Delmas, Bordeaux",Group stage,1998-06-20,France,1998,"Marc Wilmots@43,Marc Wilmots@47","Carlos Blanco@62,Alberto García Aspe@55",0,0,1998-0287,4,2-2,0,False,Group,1990s,Stade Jacques Chaban-Delmas,Bordeaux,Draw,Draw
Netherlands,Korea Republic,5,0,0,0,55000,"Orange Vélodrome, Marseille",Group stage,1998-06-20,France,1998,"Phillip Cocu@38,Marc Overmars@42,Dennis Bergkamp@71,Pierre van Hooijdonk@80,Ronald de Boer@83",,0,0,1998-0288,5,5-0,5,False,Group,1990s,Orange Vélodrome,Marseille,Netherlands,Home win
Brazil,Korea DPR,2,0,1,0,54331,"Emirates Airline Park, Johannesburg",Group stage,2010-06-15,South Africa,2010,"Maicon Sisenando@55,Elano@72",Ji Yun-nam@89,0,0,2010-0289,3,2-1,1,False,Group,2010s,Emirates Airline Park,Johannesburg,Brazil,Home win
Netherlands,Denmark,2,0,0,0,83465,"Soccer City, Johannesburg",Group stage,2010-06-14,South Africa,2010,Dirk Kuyt@85,,1,0,2010-0290,2,2-0,2,False,Group,2010s,Soccer City,Johannesburg,Netherlands,Home win
Japan,Cameroon,1,0,0,0,30620,"Toyota Stadium, Bloemfontein",Group stage,2010-06-14,South Africa,2010,Keisuke Honda@39,,0,0,2010-0291,1,1-0,1,False,Group,2010s,Toyota Stadium,Bloemfontein,Japan,Home win
Nigeria,Bulgaria,1,0,0,0,48000,"Parc des Princes, Paris",Group stage,1998-06-19,France,1998,Victor Ikpeba@26,,0,0,1998-0292,1,1-0,1,False,Group,1990s,Parc des Princes,Paris,Nigeria,Home win
Italy,Paraguay,1,0,1,0,62869,"Cape Town Stadium, Cape Town",Group stage,2010-06-14,South Africa,2010,Daniele De Rossi@63,Antolín Alcaraz@39,0,0,2010-0293,2,1-1,0,False,Group,2010s,Cape Town Stadium,Cape Town,Draw,Draw
Spain,Paraguay,0,0,0,0,36000,"Stade Geoffroy-Guichard, Saint-Étienne",Group stage,1998-06-19,France,1998,,,0,0,1998-0294,0,0-0,0,False,Group,1990s,Stade Geoffroy-Guichard,Saint-Étienne,Draw,Draw
Algeria,Slovenia,0,0,1,0,30325,"Peter Mokaba Stadium, Polokwane",Group stage,2010-06-13,South Africa,2010,,Robert Koren@79,0,0,2010-0295,1,0-1,1,False,Group,2010s,Peter Mokaba Stadium,Polokwane,Slovenia,Away win
South Africa,Denmark,1,0,1,0,33500,"Stadium Municipal, Toulouse",Group stage,1998-06-18,France,1998,Benni McCarthy@52,Allan Nielsen@13,0,0,1998-0296,2,1-1,0,False,Group,1990s,Stadium Municipal,Toulouse,Draw,Draw
Serbia,Ghana,0,0,1,0,38833,"Loftus Versfeld Stadium, Pretoria",Group stage,2010-06-13,South Africa,2010,,Asamoah Gyan@85,0,0,2010-0297,1,0-1,1,False,Group,2010s,Loftus Versfeld Stadium,Pretoria,Ghana,Away win
France,Saudi Arabia,4,0,0,0,80000,"Stade de France, Paris",Group stage,1998-06-18,France,1998,"Thierry Henry@36,David Trezeguet@68,Thierry Henry@77,Bixente Lizarazu@85",,0,0,1998-0298,4,4-0,4,False,Group,1990s,Stade de France,Paris,France,Home win
Germany,Australia,4,0,0,0,62660,"Moses Mabhida Stadium, Durban",Group stage,2010-06-13,South Africa,2010,"Lukas Podolski@8,Miroslav Klose@26,Thomas Müller@68,Cacau@70",,0,0,2010-0299,4,4-0,4,False,Group,2010s,Moses Mabhida Stadium,Durban,Germany,Home win
Chile,Austria,1,0,1,0,36000,"Stade Geoffroy-Guichard, Saint-Étienne",Group stage,1998-06-17,France,1998,Marcelo Salas@70,Ivica Vasti@90,0,0,1998-0300,2,1-1,0,False,Group,1990s,Stade Geoffroy-Guichard,Saint-Étienne,Draw,Draw
Korea Republic,Greece,2,0,0,0,31513,"Nelson Mandela Bay Stadium, Port Elizabeth",Group stage,2010-06-12,South Africa,2010,"Lee Jung-soo@7,Park Ji-sung@52",,0,0,2010-0301,2,2-0,2,False,Group,2010s,Nelson Mandela Bay Stadium,Port Elizabeth,Korea Republic,Home win
Italy,Cameroon,3,0,0,0,35500,"Stade de la Mosson, Montpellier",Group stage,1998-06-17,France,1998,"Luigi Di Biagio@7,Christian Vieri@75,Christian Vieri@89",,0,0,1998-0302,3,3-0,3,False,Group,1990s,Stade de la Mosson,Montpellier,Italy,Home win
Argentina,Nigeria,1,0,0,0,55686,"Emirates Airline Park, Johannesburg",Group stage,2010-06-12,South Africa,2010,Gabriel Heinze@6,,0,0,2010-0303,1,1-0,1,False,Group,2010s,Emirates Airline Park,Johannesburg,Argentina,Home win
Scotland,Norway,1,0,1,0,31800,"Stade Jacques Chaban-Delmas, Bordeaux",Group stage,1998-06-16,France,1998,Craig Burley@66,Håvard Flo@46,0,0,1998-0304,2,1-1,0,False,Group,1990s,Stade Jacques Chaban-Delmas,Bordeaux,Draw,Draw
England,United States,1,0,1,0,38646,"Royal Bafokeng Stadium, Phokeng",Group stage,2010-06-12,South Africa,2010,Steven Gerrard@4,Clint Dempsey@40,0,0,2010-0305,2,1-1,0,False,Group,2010s,Royal Bafokeng Stadium,Phokeng,Draw,Draw
Brazil,Morocco,3,0,0,0,38500,"Stade de la Beaujoire - Louis Fonteneau, Nantes",Group stage,1998-06-16,France,1998,"Ronaldo@9,Rivaldo@45,Bebeto@50",,0,0,1998-0306,3,3-0,3,False,Group,1990s,Stade de la Beaujoire - Louis Fonteneau,Nantes,Brazil,Home win
South Africa,Mexico,1,0,1,0,84490,"Soccer City, Johannesburg",Group stage,2010-06-11,South Africa,2010,Siphiwe Tshabalala@55,Rafael Márquez@79,0,0,2010-0307,2,1-1,0,False,Group,2010s,Soccer City,Johannesburg,Draw,Draw
England,Tunisia,2,0,0,0,54587,"Orange Vélodrome, Marseille",Group stage,1998-06-15,France,1998,"Alan Shearer@43,Paul Scholes@89",,0,0,1998-0308,2,2-0,2,False,Group,1990s,Orange Vélodrome,Marseille,England,Home win
Uruguay,France,0,0,0,0,64100,"Cape Town Stadium, Cape Town",Group stage,2010-06-11,South Africa,2010,,,0,0,2010-0309,0,0-0,0,False,Group,2010s,Cape Town Stadium,Cape Town,Draw,Draw
Romania,Colombia,1,0,0,0,43300,"Matmut Stadium de Gerland, Lyon",Group stage,1998-06-15,France,1998,Adrian Ilie@45,,0,0,1998-0310,1,1-0,1,False,Group,1990s,Matmut Stadium de Gerland,Lyon,Romania,Home win
Italy,France,1,5,1,3,69000,"Olympiastadion Berlin, Berlin",Final,2006-07-09,Germany,2006,Marco Materazzi@19,Zinédine Zidane@7,0,0,2006-0311,2,1-1,0,True,Final,2000s,Olympiastadion Berlin,Berlin,Italy,Home win on penalties
Germany,Portugal,3,0,1,0,52000,"Mercedes-Benz Arena, Stuttgart",Third-place match,2006-07-08,Germany,2006,"Bastian Schweinsteiger@56,Bastian Schweinsteiger@78",Nuno Gomes@88,1,0,2006-0312,4,3-1,2,False,Placement,2000s,Mercedes-Benz Arena,Stuttgart,Germany,Home win
Germany,United States,2,0,0,0,49000,"Parc des Princes, Paris",Group stage,1998-06-15,France,1998,"Andreas Möller@9,Jürgen Klinsmann@65",,0,0,1998-0313,2,2-0,2,False,Group,1990s,Parc des Princes,Paris,Germany,Home win
Argentina,Japan,1,0,0,0,33500,"Stadium Municipal, Toulouse",Group stage,1998-06-14,France,1998,Gabriel Batistuta@28,,0,0,1998-0314,1,1-0,1,False,Group,1990s,Stadium Municipal,Toulouse,Argentina,Home win
Portugal,France,0,0,1,0,66000,"Allianz Arena, München",Semi-finals,2006-07-05,Germany,2006,,Zinédine Zidane@33,0,0,2006-0315,1,0-1,1,False,Knockout,2000s,Allianz Arena,München,France,Away win
Germany,Italy,0,0,2,0,65000,"Signal Iduna Park, Dortmund",Semi-finals,2006-07-04,Germany,2006,,"Fabio Grosso@119,Alessandro Del Piero@120+1",0,0,2006-0316,2,0-2,2,False,Knockout,2000s,Signal Iduna Park,Dortmund,Italy,Away win
FR Yugoslavia,IR Iran,1,0,0,0,36000,"Stade Geoffroy-Guichard, Saint-Étienne",Group stage,1998-06-14,France,1998,Siniša Mihajlovi@73,,0,0,1998-0317,1,1-0,1,False,Group,1990s,Stade Geoffroy-Guichard,Saint-Étienne,FR Yugoslavia,Home win
England,Portugal,0,1,0,3,52000,"Veltins-Arena, Gelsenkirchen",Quarter-finals,2006-07-01,Germany,2006,,,0,0,2006-0318,0,0-0,0,True,Knockout,2000s,Veltins-Arena,Gelsenkirchen,Portugal,Away win on penalties
Jamaica,Croatia,1,0,3,0,38100,"Stade Bollaert-Delelis, Lens",Group stage,1998-06-14,France,1998,Robbie Earle@45,"Mario Stani@27,Robert Prosinecki@53,Davor Šuker@69",0,0,1998-0319,4,1-3,2,False,Group,1990s,Stade Bollaert-Delelis,Lens,Croatia,Away win
Brazil,France,0,0,1,0,48000,"Commerzbank-Arena, Frankfurt am Main",Quarter-finals,2006-07-01,Germany,2006,,Thierry Henry@57,0,0,2006-0320,1,0-1,1,False,Knockout,2000s,Commerzbank-Arena,Frankfurt am Main,France,Away win
Spain,Nigeria,2,0,3,0,38000,"Stade de la Beaujoire - Louis Fonteneau, Nantes",Group stage,1998-06-13,France,1998,"Fernando Hierro@21,Raúl@47","Mutiu Adepoju@24,Sunday Oliseh@78",0,1,1998-0321,5,2-3,1,False,Group,1990s,Stade de la Beaujoire - Louis Fonteneau,Nantes,Nigeria,Away win
Germany,Argentina,1,4,1,2,72000,"Olympiastadion Berlin, Berlin",Quarter-finals,2006-06-30,Germany,2006,Miroslav Klose@80,Roberto Ayala@49,0,0,2006-0322,2,1-1,0,True,Knockout,2000s,Olympiastadion Berlin,Berlin,Germany,Home win on penalties
Korea Republic,Mexico,1,0,3,0,39100,"Matmut Stadium de Gerland, Lyon",Group stage,1998-06-13,France,1998,Ha Seok-ju@28,"Ricardo Peláez@51,Luis Hernández@74,Luis Hernández@84",0,0,1998-0323,4,1-3,2,False,Group,1990s,Matmut Stadium de Gerland,Lyon,Mexico,Away win
Italy,Ukraine,3,0,0,0,50000,"Volksparkstadion, Hamburg",Quarter-finals,2006-06-30,Germany,2006,"Gianluca Zambrotta@6,Luca Toni@59,Luca Toni@69",,0,0,2006-0324,3,3-0,3,False,Knockout,2000s,Volksparkstadion,Hamburg,Italy,Home win
Netherlands,Belgium,0,0,0,0,77000,"Stade de France, Paris",Group stage,1998-06-13,France,1998,,,0,0,1998-0325,0,0-0,0,False,Group,1990s,Stade de France,Paris,Draw,Draw
Paraguay,Bulgaria,0,0,0,0,27650,"Stade de la Mosson, Montpellier",Group stage,1998-06-12,France,1998,,,0,0,1998-0326,0,0-0,0,False,Group,1990s,Stade de la Mosson,Montpellier,Draw,Draw
Saudi Arabia,Denmark,0,0,1,0,38100,"Stade Bollaert-Delelis, Lens",Group stage,1998-06-12,France,1998,,Marc Rieper@69,0,0,1998-0327,1,0-1,1,False,Group,1990s,Stade Bollaert-Delelis,Lens,Denmark,Away win
France,South Africa,3,0,0,0,55000,"Orange Vélodrome, Marseille",Group stage,1998-06-12,France,1998,"Christophe Dugarry@34,Thierry Henry@90",,1,0,1998-0328,3,3-0,3,False,Group,1990s,Orange Vélodrome,Marseille,France,Home win
Italy,Chile,2,0,2,0,35200,"Stade Jacques Chaban-Delmas, Bordeaux",Group stage,1998-06-11,France,1998,"Christian Vieri@10,Roberto Baggio@85","Marcelo Salas@45,Marcelo Salas@49",0,0,1998-0329,4,2-2,0,False,Group,1990s,Stade Jacques Chaban-Delmas,Bordeaux,Draw,Draw
Cameroon,Austria,1,0,1,0,36500,"Stadium Municipal, Toulouse",Group stage,1998-06-11,France,1998,Pierre Njanka@77,Toni Polster@90,0,0,1998-0330,2,1-1,0,False,Group,1990s,Stadium Municipal,Toulouse,Draw,Draw
Bosnia and Herzegovina,IR Iran,3,0,1,0,48011,"Itaipava Arena Fonte Nova, Salvador",Group stage,2014-06-25,Brazil,2014,"Edin Džeko@23,Miralem Pjani@59,Avdija Vršajevi@83",Reza Ghoochannejad@82,0,0,2014-0331,4,3-1,2,False,Group,2010s,Itaipava Arena Fonte Nova,Salvador,Bosnia and Herzegovina,Home win
Brazil,Scotland,2,0,1,0,80000,"Stade de France, Paris",Group stage,1998-06-10,France,1998,César Sampaio@5,John Collins@38,1,0,1998-0332,3,2-1,1,False,Group,1990s,Stade de France,Paris,Brazil,Home win
Morocco,Norway,2,0,2,0,29750,"Stade de la Mosson, Montpellier",Group stage,1998-06-10,France,1998,"Mustapha Hadji@38,Abdeljalil Hadda@59",Dan Eggen@60,0,1,1998-0333,4,2-2,0,False,Group,1990s,Stade de la Mosson,Montpellier,Draw,Draw
Nigeria,Argentina,2,0,3,0,43285,"Estádio José Pinheiro Borba, Porto Alegre",Group stage,2014-06-25,Brazil,2014,"Ahmed Musa@4,Ahmed Musa@47","Lionel Messi@3,Lionel Messi@45+1,Marcos Rojo@50",0,0,2014-0334,5,2-3,1,False,Group,2010s,Estádio José Pinheiro Borba,Porto Alegre,Argentina,Away win
Brazil,Italy,0,3,0,2,94194,"Rose Bowl, Los Angeles",Final,1994-07-17,United States,1994,,,0,0,1994-0335,0,0-0,0,True,Final,1990s,Rose Bowl,Los Angeles,Brazil,Home win on penalties
Honduras,Switzerland,0,0,3,0,40322,"Arena da Amazônia, Manaus",Group stage,2014-06-25,Brazil,2014,,"Xherdan Shaqiri@6,Xherdan Shaqiri@31,Xherdan Shaqiri@71",0,0,2014-0336,3,0-3,3,False,Group,2010s,Arena da Amazônia,Manaus,Switzerland,Away win
Ecuador,France,0,0,0,0,73749,"Estadio Jornalista Mário Filho, Rio de Janeiro",Group stage,2014-06-25,Brazil,2014,,,0,0,2014-0337,0,0-0,0,False,Group,2010s,Estadio Jornalista Mário Filho,Rio de Janeiro,Draw,Draw
Sweden,Bulgaria,4,0,0,0,91500,"Rose Bowl, Los Angeles",Third-place match,1994-07-16,United States,1994,"Tomas Brolin@8,Håkan Mild@30,Henrik Larsson@37,Kennet Andersson@40",,0,0,1994-0338,4,4-0,4,False,Placement,1990s,Rose Bowl,Los Angeles,Sweden,Home win
Bulgaria,Italy,1,0,2,0,74110,"Giants Stadium, New York/New Jersey",Semi-finals,1994-07-13,United States,1994,Hristo Stoichkov@44,"Roberto Baggio@21,Roberto Baggio@25",0,0,1994-0339,3,1-2,1,False,Knockout,1990s,Giants Stadium,New York/New Jersey,Italy,Away win
Sweden,Brazil,0,0,1,0,91856,"Rose Bowl, Los Angeles",Semi-finals,1994-07-13,United States,1994,,Romário@80,0,0,1994-0340,1,0-1,1,False,Knockout,1990s,Rose Bowl,Los Angeles,Brazil,Away win
Bulgaria,Germany,2,0,1,0,72000,"Giants Stadium, New York/New Jersey",Quarter-finals,1994-07-10,United States,1994,"Hristo Stoichkov@75,Yordan Letchkov@78",Lothar Matthäus@47,0,0,1994-0341,3,2-1,1,False,Knockout,1990s,Giants Stadium,New York/New Jersey,Bulgaria,Home win
Romania,Sweden,2,4,2,5,83500,"Stanford Stadium, San Francisco",Quarter-finals,1994-07-10,United States,1994,"Florin Rducioiu@88,Florin Rducioiu@101","Tomas Brolin@78,Kennet Andersson@115",0,0,1994-0342,4,2-2,0,True,Knockout,1990s,Stanford Stadium,San Francisco,Sweden,Away win on penalties
Italy,Spain,2,0,1,0,53400,"Foxboro Stadium, Boston",Quarter-finals,1994-07-09,United States,1994,"Dino Baggio@25,Roberto Baggio@88",José Luis Caminero@58,0,0,1994-0343,3,2-1,1,False,Knockout,1990s,Foxboro Stadium,Boston,Italy,Home win
Netherlands,Brazil,2,0,3,0,63500,"Cotton Bowl, Dallas",Quarter-finals,1994-07-09,United States,1994,"Dennis Bergkamp@64,Aron Winter@76","Romário@53,Bebeto@63,Branco@81",0,0,1994-0344,5,2-3,1,False,Knockout,1990s,Cotton Bowl,Dallas,Brazil,Away win
Nigeria,Italy,1,0,2,0,54367,"Foxboro Stadium, Boston",Round of 16,1994-07-05,United States,1994,Emmanuel Amunike@25,"Roberto Baggio@88,Roberto Baggio@102",0,0,1994-0345,3,1-2,1,False,Knockout,1990s,Foxboro Stadium,Boston,Italy,Away win
Mexico,Bulgaria,1,1,1,3,71030,"Giants Stadium, New York/New Jersey",Round of 16,1994-07-05,United States,1994,Alberto García Aspe@18,Hristo Stoichkov@6,0,0,1994-0346,2,1-1,0,True,Knockout,1990s,Giants Stadium,New York/New Jersey,Bulgaria,Away win on penalties
Netherlands,Republic of Ireland,2,0,0,0,61355,"Citrus Bowl, Orlando",Round of 16,1994-07-04,United States,1994,"Dennis Bergkamp@11,Wim Jonk@41",,0,0,1994-0347,2,2-0,2,False,Knockout,1990s,Citrus Bowl,Orlando,Netherlands,Home win
Brazil,United States,1,0,0,0,84147,"Stanford Stadium, San Francisco",Round of 16,1994-07-04,United States,1994,Bebeto@72,,0,0,1994-0348,1,1-0,1,False,Knockout,1990s,Stanford Stadium,San Francisco,Brazil,Home win
Saudi Arabia,Sweden,1,0,3,0,60277,"Cotton Bowl, Dallas",Round of 16,1994-07-03,United States,1994,Fahad Al-Ghesheyan@85,"Martin Dahlin@6,Kennet Andersson@51,Kennet Andersson@88",0,0,1994-0349,4,1-3,2,False,Knockout,1990s,Cotton Bowl,Dallas,Sweden,Away win
Italy,Czechoslovakia,2,0,0,0,73303,"Stadio Olimpico, Rome",Group stage,1990-06-19,Italy,1990,"Salvatore Schillaci@9,Roberto Baggio@78",,0,0,1990-0350,2,2-0,2,False,Group,1990s,Stadio Olimpico,Rome,Italy,Home win
Romania,Argentina,3,0,2,0,90469,"Rose Bowl, Los Angeles",Round of 16,1994-07-03,United States,1994,"Ilie Dumitrescu@11,Ilie Dumitrescu@18,Gheorghe Hagi@58","Abel Balbo@75,Gabriel Batistuta@16",0,0,1994-0351,5,3-2,1,False,Knockout,1990s,Rose Bowl,Los Angeles,Romania,Home win
Argentina,Romania,1,0,1,0,52733,"San Paolo, Naples",Group stage,1990-06-18,Italy,1990,Pedro Monzón@62,Gabi Balint@68,0,0,1990-0352,2,1-1,0,False,Group,1990s,San Paolo,Naples,Draw,Draw
Germany,Belgium,3,0,2,0,60246,"Soldier Field, Chicago",Round of 16,1994-07-02,United States,1994,"Rudi Völler@6,Jürgen Klinsmann@11,Rudi Völler@40","Georges Grün@8,Philippe Albert@90",0,0,1994-0353,5,3-2,1,False,Knockout,1990s,Soldier Field,Chicago,Germany,Home win
Cameroon,Soviet Union,0,0,4,0,37307,"Stadio San Nicola, Bari",Group stage,1990-06-18,Italy,1990,,"Oleh Protasov@20,Andrei Zygmantovich@29,Oleksandr Zavarov@52,Igor Dobrovolski@63",0,0,1990-0354,4,0-4,4,False,Group,1990s,Stadio San Nicola,Bari,Soviet Union,Away win
Spain,Switzerland,3,0,0,0,53121,"RFK Stadium, Washington Dc",Round of 16,1994-07-02,United States,1994,"Fernando Hierro@15,Luis Enrique@74,Txiki Begiristain@86",,0,0,1994-0355,3,3-0,3,False,Knockout,1990s,RFK Stadium,Washington Dc,Spain,Home win
Republic of Ireland,Egypt,0,0,0,0,33288,"Della Favorita, Palermo",Group stage,1990-06-17,Italy,1990,,,0,0,1990-0356,0,0-0,0,False,Group,1990s,Della Favorita,Palermo,Draw,Draw
Greece,Nigeria,0,0,2,0,53001,"Foxboro Stadium, Boston",Group stage,1994-06-30,United States,1994,,"Finidi George@45,Daniel Amokachi@90",0,0,1994-0357,2,0-2,2,False,Group,1990s,Foxboro Stadium,Boston,Nigeria,Away win
Belgium,Uruguay,3,0,1,0,33759,"Marc Antonio Bentegodi, Verona",Group stage,1990-06-17,Italy,1990,"Lei Clijsters@15,Enzo Scifo@24,Jan Ceulemans@47",Pablo Bengoechea@73,0,0,1990-0358,4,3-1,2,False,Group,1990s,Marc Antonio Bentegodi,Verona,Belgium,Home win
Argentina,Bulgaria,0,0,2,0,63998,"Cotton Bowl, Dallas",Group stage,1994-06-30,United States,1994,,"Hristo Stoichkov@61,Nasko Sirakov@90",0,0,1994-0359,2,0-2,2,False,Group,1990s,Cotton Bowl,Dallas,Bulgaria,Away win
Korea Republic,Spain,1,0,3,0,32733,"Dacia Arena, Udine",Group stage,1990-06-17,Italy,1990,Hwangbo Kwan@43,"Míchel@23,Míchel@61,Míchel@81",0,0,1990-0360,4,1-3,2,False,Group,1990s,Dacia Arena,Udine,Spain,Away win
Morocco,Netherlands,1,0,2,0,60578,"Citrus Bowl, Orlando",Group stage,1994-06-29,United States,1994,Hassan Nader@47,"Dennis Bergkamp@43,Bryan Roy@77",0,0,1994-0361,3,1-2,1,False,Group,1990s,Citrus Bowl,Orlando,Netherlands,Away win
Brazil,Costa Rica,1,0,0,0,58007,"Stadio delle Alpi, Turin",Group stage,1990-06-16,Italy,1990,Müller@33,,0,0,1990-0362,1,1-0,1,False,Group,1990s,Stadio delle Alpi,Turin,Brazil,Home win
Belgium,Saudi Arabia,0,0,1,0,52959,"RFK Stadium, Washington Dc",Group stage,1994-06-29,United States,1994,,Saeed Al-Owairan@5,0,0,1994-0363,1,0-1,1,False,Group,1990s,RFK Stadium,Washington Dc,Saudi Arabia,Away win
Italy,Mexico,1,0,1,0,52535,"RFK Stadium, Washington Dc",Group stage,1994-06-28,United States,1994,Daniele Massaro@48,Marcelino Bernal@57,0,0,1994-0364,2,1-1,0,False,Group,1990s,RFK Stadium,Washington Dc,Draw,Draw
Republic of Ireland,Norway,0,0,0,0,72404,"Giants Stadium, New York/New Jersey",Group stage,1994-06-28,United States,1994,,,0,0,1994-0365,0,0-0,0,False,Group,1990s,Giants Stadium,New York/New Jersey,Draw,Draw
Russia,Cameroon,6,0,1,0,74914,"Stanford Stadium, San Francisco",Group stage,1994-06-28,United States,1994,"Oleg Salenko@15,Oleg Salenko@41,Oleg Salenko@72,Oleg Salenko@75,Dmitri Radchenko@81,Oleg Salenko@44",Roger Milla@46,0,0,1994-0366,7,6-1,5,False,Group,1990s,Stanford Stadium,San Francisco,Russia,Home win
Brazil,Sweden,1,0,1,0,77217,"Pontiac Silverdome, Detroit",Group stage,1994-06-28,United States,1994,Romário@46,Kennet Andersson@23,0,0,1994-0367,2,1-1,0,False,Group,1990s,Pontiac Silverdome,Detroit,Draw,Draw
Germany,Korea Republic,3,0,2,0,63998,"Cotton Bowl, Dallas",Group stage,1994-06-27,United States,1994,"Jürgen Klinsmann@12,Karl-Heinz Riedle@20,Jürgen Klinsmann@37","Hwang Sun-hong@52,Hong Myung-bo@63",0,0,1994-0368,5,3-2,1,False,Group,1990s,Cotton Bowl,Dallas,Germany,Home win
Bolivia,Spain,1,0,3,0,63089,"Soldier Field, Chicago",Group stage,1994-06-27,United States,1994,Erwin Sánchez@67,"José Luis Caminero@66,José Luis Caminero@70,Pep Guardiola@19",0,0,1994-0369,4,1-3,2,False,Group,1990s,Soldier Field,Chicago,Spain,Away win
Bulgaria,Greece,4,0,0,0,63160,"Soldier Field, Chicago",Group stage,1994-06-26,United States,1994,"Yordan Letchkov@65,Daniel Borimirov@90,Hristo Stoichkov@5,Hristo Stoichkov@55",,0,0,1994-0370,4,4-0,4,False,Group,1990s,Soldier Field,Chicago,Bulgaria,Home win
United States,Romania,0,0,1,0,93869,"Rose Bowl, Los Angeles",Group stage,1994-06-26,United States,1994,,Dan Petrescu@18,0,0,1994-0371,1,0-1,1,False,Group,1990s,Rose Bowl,Los Angeles,Romania,Away win
Italy,Uruguay,0,0,1,0,39706,"Arena das Dunas, Natal",Group stage,2014-06-24,Brazil,2014,,Diego Godín@81,0,0,2014-0372,1,0-1,1,False,Group,2010s,Arena das Dunas,Natal,Uruguay,Away win
Brazil,Ghana,3,0,0,0,65000,"Signal Iduna Park, Dortmund",Round of 16,2006-06-27,Germany,2006,"Ronaldo@5,Adriano@45+1,Zé Roberto@84",,0,0,2006-0373,3,3-0,3,False,Knockout,2000s,Signal Iduna Park,Dortmund,Brazil,Home win
Spain,France,1,0,3,0,43000,"HDI-Arena, Hannover",Round of 16,2006-06-27,Germany,2006,David Villa@28,"Franck Ribéry@41,Patrick Vieira@83,Zinédine Zidane@90+2",0,0,2006-0374,4,1-3,2,False,Knockout,2000s,HDI-Arena,Hannover,France,Away win
Italy,Australia,1,0,0,0,46000,"Fritz-Walter-Stadion, Kaiserslautern",Round of 16,2006-06-26,Germany,2006,Francesco Totti@90+5,,0,0,2006-0375,1,1-0,1,False,Knockout,2000s,Fritz-Walter-Stadion,Kaiserslautern,Italy,Home win
Switzerland,Ukraine,0,0,0,3,45000,"RheinEnergieSTADION, Köln",Round of 16,2006-06-26,Germany,2006,,,0,0,2006-0376,0,0-0,0,True,Knockout,2000s,RheinEnergieSTADION,Köln,Ukraine,Away win on penalties
England,Ecuador,1,0,0,0,52000,"Mercedes-Benz Arena, Stuttgart",Round of 16,2006-06-25,Germany,2006,David Beckham@60,,0,0,2006-0377,1,1-0,1,False,Knockout,2000s,Mercedes-Benz Arena,Stuttgart,England,Home win
Japan,Colombia,1,0,4,0,40340,"Arena Pantanal, Cuiabá",Group stage,2014-06-24,Brazil,2014,Shinji Okazaki@45+1,"Jackson Martínez@55,Jackson Martínez@82,James Rodríguez@90,Juan Cuadrado@17",0,0,2014-0378,5,1-4,3,False,Group,2010s,Arena Pantanal,Cuiabá,Colombia,Away win
Portugal,Netherlands,1,0,0,0,41000,"Max-Morlock-Stadion, Nürnberg",Round of 16,2006-06-25,Germany,2006,Maniche@23,,0,0,2006-0379,1,1-0,1,False,Knockout,2000s,Max-Morlock-Stadion,Nürnberg,Portugal,Home win
Greece,Côte d'Ivoire,2,0,1,0,59095,"Estádio Castelão, Fortaleza",Group stage,2014-06-24,Brazil,2014,"Andreas Samaris@42,Georgios Samaras@90+3",Wilfried Bony@74,0,0,2014-0380,3,2-1,1,False,Group,2010s,Estádio Castelão,Fortaleza,Greece,Home win
Germany,Sweden,2,0,0,0,66000,"Allianz Arena, München",Round of 16,2006-06-24,Germany,2006,"Lukas Podolski@4,Lukas Podolski@12",,0,0,2006-0381,2,2-0,2,False,Knockout,2000s,Allianz Arena,München,Germany,Home win
Argentina,Mexico,2,0,1,0,43000,"Red Bull Arena, Leipzig",Round of 16,2006-06-24,Germany,2006,Hernán Crespo@10,Rafael Márquez@6,0,0,2006-0382,3,2-1,1,False,Knockout,2000s,Red Bull Arena,Leipzig,Argentina,Home win
Saudi Arabia,Spain,0,0,1,0,46000,"Fritz-Walter-Stadion, Kaiserslautern",Group stage,2006-06-23,Germany,2006,,Juanito@36,0,0,2006-0383,1,0-1,1,False,Group,2000s,Fritz-Walter-Stadion,Kaiserslautern,Spain,Away win
Ukraine,Tunisia,1,0,0,0,72000,"Olympiastadion Berlin, Berlin",Group stage,2006-06-23,Germany,2006,Andriy Shevchenko@70,,0,0,2006-0384,1,1-0,1,False,Group,2000s,Olympiastadion Berlin,Berlin,Ukraine,Home win
Togo,France,0,0,2,0,45000,"RheinEnergieSTADION, Köln",Group stage,2006-06-23,Germany,2006,,"Patrick Vieira@55,Thierry Henry@61",0,0,2006-0385,2,0-2,2,False,Group,2000s,RheinEnergieSTADION,Köln,France,Away win
Switzerland,Korea Republic,2,0,0,0,43000,"HDI-Arena, Hannover",Group stage,2006-06-23,Germany,2006,"Philippe Senderos@23,Alexander Frei@77",,0,0,2006-0386,2,2-0,2,False,Group,2000s,HDI-Arena,Hannover,Switzerland,Home win
Ghana,United States,2,0,1,0,41000,"Max-Morlock-Stadion, Nürnberg",Group stage,2006-06-22,Germany,2006,"Haminu Draman@22,Stephen Appiah@45+2",Clint Dempsey@43,0,0,2006-0387,3,2-1,1,False,Group,2000s,Max-Morlock-Stadion,Nürnberg,Ghana,Home win
Czech Republic,Italy,0,0,2,0,50000,"Volksparkstadion, Hamburg",Group stage,2006-06-22,Germany,2006,,"Marco Materazzi@26,Filippo Inzaghi@87",0,0,2006-0388,2,0-2,2,False,Group,2000s,Volksparkstadion,Hamburg,Italy,Away win
Japan,Brazil,1,0,4,0,65000,"Signal Iduna Park, Dortmund",Group stage,2006-06-22,Germany,2006,Keiji Tamada@34,"Ronaldo@45+1,Juninho Pernambucano@53,Gilberto@59,Ronaldo@81",0,0,2006-0389,5,1-4,3,False,Group,2000s,Signal Iduna Park,Dortmund,Brazil,Away win
Croatia,Australia,2,0,2,0,52000,"Mercedes-Benz Arena, Stuttgart",Group stage,2006-06-22,Germany,2006,"Darijo Srna@2,Niko Kova@56","Harry Kewell@79,Craig Moore@38",0,0,2006-0390,4,2-2,0,False,Group,2000s,Mercedes-Benz Arena,Stuttgart,Draw,Draw
Portugal,Mexico,2,0,1,0,52000,"Veltins-Arena, Gelsenkirchen",Group stage,2006-06-21,Germany,2006,"Maniche@6,Simão Sabrosa@24",Francisco Fonseca@29,0,0,2006-0391,3,2-1,1,False,Group,2000s,Veltins-Arena,Gelsenkirchen,Portugal,Home win
IR Iran,Angola,1,0,1,0,38000,"Red Bull Arena, Leipzig",Group stage,2006-06-21,Germany,2006,Sohrab Bakhtiarizadeh@75,Flávio Amado@60,0,0,2006-0392,2,1-1,0,False,Group,2000s,Red Bull Arena,Leipzig,Draw,Draw
Côte d'Ivoire,Serbia and Montenegro,3,0,2,0,66000,"Allianz Arena, München",Group stage,2006-06-21,Germany,2006,"Aruna Dindane@67,Aruna Dindane@37,Bonaventure Kalou@86","Nikola Žigi@10,Nikola Žigi@20,Saša Ili@20",0,0,2006-0393,5,3-2,1,False,Group,2000s,Allianz Arena,München,Côte d'Ivoire,Home win
Netherlands,Argentina,0,0,0,0,48000,"Commerzbank-Arena, Frankfurt am Main",Group stage,2006-06-21,Germany,2006,,,0,0,2006-0394,0,0-0,0,False,Group,2000s,Commerzbank-Arena,Frankfurt am Main,Draw,Draw
Costa Rica,Poland,1,0,2,0,43000,"HDI-Arena, Hannover",Group stage,2006-06-20,Germany,2006,Rónald Gómez@25,"Bartosz Bosacki@33,Bartosz Bosacki@66",0,0,2006-0395,3,1-2,1,False,Group,2000s,HDI-Arena,Hannover,Poland,Away win
England,Netherlands,0,0,0,0,35267,"Sant Elia, Cagliari",Group stage,1990-06-16,Italy,1990,,,0,0,1990-0396,0,0-0,0,False,Group,1990s,Sant Elia,Cagliari,Draw,Draw
Sweden,Scotland,1,0,2,0,31823,"Luigi Ferraris, Genoa",Group stage,1990-06-16,Italy,1990,Glenn Strömberg@86,"Stuart McCall@11,Mo Johnston@81",0,0,1990-0397,3,1-2,1,False,Group,1990s,Luigi Ferraris,Genoa,Scotland,Away win
Austria,Czechoslovakia,0,0,1,0,38962,"Comunale, Florence",Group stage,1990-06-15,Italy,1990,,Michal Bílek@31,0,0,1990-0398,1,0-1,1,False,Group,1990s,Comunale,Florence,Czechoslovakia,Away win
West Germany,United Arab Emirates,5,0,1,0,71169,"Giuseppe Meazza, Milan",Group stage,1990-06-15,Italy,1990,"Rudi Völler@35,Jürgen Klinsmann@37,Lothar Matthäus@47,Uwe Bein@58,Rudi Völler@75",Khalid Ismaïl@46,0,0,1990-0399,6,5-1,4,False,Group,1990s,Giuseppe Meazza,Milan,West Germany,Home win
Yugoslavia,Colombia,1,0,0,0,32257,"Renato Dall Ara, Bologna",Group stage,1990-06-14,Italy,1990,Davor Jozi@75,,0,0,1990-0400,1,1-0,1,False,Group,1990s,Renato Dall Ara,Bologna,Yugoslavia,Home win
Cameroon,Romania,2,0,1,0,38687,"Stadio San Nicola, Bari",Group stage,1990-06-14,Italy,1990,"Roger Milla@76,Roger Milla@86",Gabi Balint@88,0,0,1990-0401,3,2-1,1,False,Group,1990s,Stadio San Nicola,Bari,Cameroon,Home win
Italy,United States,1,0,0,0,73423,"Stadio Olimpico, Rome",Group stage,1990-06-14,Italy,1990,Giuseppe Giannini@11,,0,0,1990-0402,1,1-0,1,False,Group,1990s,Stadio Olimpico,Rome,Italy,Home win
Uruguay,Spain,0,0,0,0,35713,"Dacia Arena, Udine",Group stage,1990-06-13,Italy,1990,,,0,0,1990-0403,0,0-0,0,False,Group,1990s,Dacia Arena,Udine,Draw,Draw
Argentina,Soviet Union,2,0,0,0,55759,"San Paolo, Naples",Group stage,1990-06-13,Italy,1990,"Pedro Troglio@27,Jorge Burruchaga@79",,0,0,1990-0404,2,2-0,2,False,Group,1990s,San Paolo,Naples,Argentina,Home win
Belgium,Korea Republic,2,0,0,0,32790,"Marc Antonio Bentegodi, Verona",Group stage,1990-06-12,Italy,1990,"Marc Degryse@53,Michel De Wolf@64",,0,0,1990-0405,2,2-0,2,False,Group,1990s,Marc Antonio Bentegodi,Verona,Belgium,Home win
Netherlands,Egypt,1,0,1,0,33288,"Della Favorita, Palermo",Group stage,1990-06-12,Italy,1990,Wim Kieft@58,Magdi Abdelghani@83,0,0,1990-0406,2,1-1,0,False,Group,1990s,Della Favorita,Palermo,Draw,Draw
Costa Rica,Scotland,1,0,0,0,30867,"Luigi Ferraris, Genoa",Group stage,1990-06-11,Italy,1990,Juan Cayasso@49,,0,0,1990-0407,1,1-0,1,False,Group,1990s,Luigi Ferraris,Genoa,Costa Rica,Home win
England,Republic of Ireland,1,0,1,0,35238,"Sant Elia, Cagliari",Group stage,1990-06-11,Italy,1990,Gary Lineker@9,Kevin Sheedy@73,0,0,1990-0408,2,1-1,0,False,Group,1990s,Sant Elia,Cagliari,Draw,Draw
United States,Czechoslovakia,1,0,5,0,33266,"Comunale, Florence",Group stage,1990-06-10,Italy,1990,Paul Caligiuri@60,"Tomáš Skuhravý@26,Ivan Hašek@50,Tomáš Skuhravý@78,Milan Luhový@90,Michal Bílek@40",0,0,1990-0409,6,1-5,4,False,Group,1990s,Comunale,Florence,Czechoslovakia,Away win
West Germany,Yugoslavia,4,0,1,0,74765,"Giuseppe Meazza, Milan",Group stage,1990-06-10,Italy,1990,"Lothar Matthäus@28,Jürgen Klinsmann@39,Lothar Matthäus@64,Rudi Völler@70",Davor Jozi@55,0,0,1990-0410,5,4-1,3,False,Group,1990s,Giuseppe Meazza,Milan,West Germany,Home win
Brazil,Sweden,2,0,1,0,62628,"Stadio delle Alpi, Turin",Group stage,1990-06-10,Italy,1990,"Careca@40,Careca@63",Tomas Brolin@79,0,0,1990-0411,3,2-1,1,False,Group,1990s,Stadio delle Alpi,Turin,Brazil,Home win
United Arab Emirates,Colombia,0,0,2,0,30791,"Renato Dall Ara, Bologna",Group stage,1990-06-09,Italy,1990,,"Bernardo Redín@50,Carlos Valderrama@85",0,0,1990-0412,2,0-2,2,False,Group,1990s,Renato Dall Ara,Bologna,Colombia,Away win
Soviet Union,Romania,0,0,2,0,42907,"Stadio San Nicola, Bari",Group stage,1990-06-09,Italy,1990,,"Marius Lctu@41,Marius Lctu@55",0,0,1990-0413,2,0-2,2,False,Group,1990s,Stadio San Nicola,Bari,Romania,Away win
Italy,Austria,1,0,0,0,73303,"Stadio Olimpico, Rome",Group stage,1990-06-09,Italy,1990,Salvatore Schillaci@78,,0,0,1990-0414,1,1-0,1,False,Group,1990s,Stadio Olimpico,Rome,Italy,Home win
Argentina,Cameroon,0,0,1,0,73780,"Giuseppe Meazza, Milan",Group stage,1990-06-08,Italy,1990,,François Omam-Biyik@67,0,0,1990-0415,1,0-1,1,False,Group,1990s,Giuseppe Meazza,Milan,Cameroon,Away win
Argentina,West Germany,3,0,2,0,114600,"Estadio Azteca, Mexico City",Final,1986-06-29,Mexico,1986,"José Luis Brown@23,Jorge Valdano@56,Jorge Burruchaga@84","Karl-Heinz Rummenigge@74,Rudi Völler@81",0,0,1986-0416,5,3-2,1,False,Final,1980s,Estadio Azteca,Mexico City,Argentina,Home win
France,Belgium,4,0,2,0,21000,"Cuauhtemoc, Puebla",Third-place match,1986-06-28,Mexico,1986,"Jean-Marc Ferreri@27,Jean-Pierre Papin@43,Bernard Genghini@104,Manuel Amoros@111","Jan Ceulemans@11,Nico Claesen@73",0,0,1986-0417,6,4-2,2,False,Placement,1980s,Cuauhtemoc,Puebla,France,Home win
France,West Germany,0,0,2,0,45000,"Jalisco, Guadalajara",Semi-finals,1986-06-25,Mexico,1986,,"Andreas Brehme@9,Rudi Völler@90",0,0,1986-0418,2,0-2,2,False,Knockout,1980s,Jalisco,Guadalajara,West Germany,Away win
Argentina,Belgium,2,0,0,0,114500,"Estadio Azteca, Mexico City",Semi-finals,1986-06-25,Mexico,1986,"Diego Maradona@51,Diego Maradona@63",,0,0,1986-0419,2,2-0,2,False,Knockout,1980s,Estadio Azteca,Mexico City,Argentina,Home win
Argentina,England,2,0,1,0,114580,"Estadio Azteca, Mexico City",Quarter-finals,1986-06-22,Mexico,1986,"Diego Maradona@51,Diego Maradona@55",Gary Lineker@81,0,0,1986-0420,3,2-1,1,False,Knockout,1980s,Estadio Azteca,Mexico City,Argentina,Home win
Spain,Belgium,1,4,1,5,45000,"Cuauhtemoc, Puebla",Quarter-finals,1986-06-22,Mexico,1986,Juan Antonio Señor@85,Jan Ceulemans@35,0,0,1986-0421,2,1-1,0,True,Knockout,1980s,Cuauhtemoc,Puebla,Belgium,Away win on penalties
Brazil,France,1,3,1,4,65000,"Jalisco, Guadalajara",Quarter-finals,1986-06-21,Mexico,1986,Careca@17,Michel Platini@41,0,0,1986-0422,2,1-1,0,True,Knockout,1980s,Jalisco,Guadalajara,France,Away win on penalties
Australia,Spain,0,0,3,0,39375,"Estádio Joaquim Américo Guimarães, Curitiba",Group stage,2014-06-23,Brazil,2014,,"David Villa@36,Fernando Torres@69,Juan Mata@82",0,0,2014-0423,3,0-3,3,False,Group,2010s,Estádio Joaquim Américo Guimarães,Curitiba,Spain,Away win
Netherlands,Chile,2,0,0,0,62996,"Arena Corinthians, São Paulo",Group stage,2014-06-23,Brazil,2014,"Leroy Fer@77,Memphis@90+2",,0,0,2014-0424,2,2-0,2,False,Group,2010s,Arena Corinthians,São Paulo,Netherlands,Home win
Croatia,Mexico,1,0,3,0,41212,"Itaipava Arena Pernambuco, Recife",Group stage,2014-06-23,Brazil,2014,Ivan Periši@87,"Rafael Márquez@72,Andrés Guardado@75,Javier Hernández@82",0,0,2014-0425,4,1-3,2,False,Group,2010s,Itaipava Arena Pernambuco,Recife,Mexico,Away win
Cameroon,Brazil,1,0,4,0,69112,"Estádio Nacional de Brasília, Brasília",Group stage,2014-06-23,Brazil,2014,Joël Matip@26,"Neymar@17,Neymar@35,Fred@49,Fernandinho@84",0,0,2014-0426,5,1-4,3,False,Group,2010s,Estádio Nacional de Brasília,Brasília,Brazil,Away win
Belgium,Russia,1,0,0,0,73819,"Estadio Jornalista Mário Filho, Rio de Janeiro",Group stage,2014-06-22,Brazil,2014,Divock Origi@88,,0,0,2014-0427,1,1-0,1,False,Group,2010s,Estadio Jornalista Mário Filho,Rio de Janeiro,Belgium,Home win
Korea Republic,Algeria,2,0,4,0,42732,"Estádio José Pinheiro Borba, Porto Alegre",Group stage,2014-06-22,Brazil,2014,"Son Heung-min@50,Koo Ja-cheol@72","Islam Slimani@26,Rafik Halliche@28,Abdelmoumene Djabou@38,Yacine Brahimi@62",0,0,2014-0428,6,2-4,2,False,Group,2010s,Estádio José Pinheiro Borba,Porto Alegre,Algeria,Away win
United States,Portugal,2,0,2,0,40123,"Arena da Amazônia, Manaus",Group stage,2014-06-22,Brazil,2014,"Jermaine Jones@64,Clint Dempsey@81","Nani@5,Silvestre Varela@90+5",0,0,2014-0429,4,2-2,0,False,Group,2010s,Arena da Amazônia,Manaus,Draw,Draw
Argentina,IR Iran,1,0,0,0,57698,"Estádio Governador Magalhães Pinto, Belo Horizonte",Group stage,2014-06-21,Brazil,2014,Lionel Messi@90+1,,0,0,2014-0430,1,1-0,1,False,Group,2010s,Estádio Governador Magalhães Pinto,Belo Horizonte,Argentina,Home win
Germany,Ghana,2,0,2,0,59621,"Estádio Castelão, Fortaleza",Group stage,2014-06-21,Brazil,2014,"Mario Götze@51,Miroslav Klose@71","André Ayew@54,Asamoah Gyan@63",0,0,2014-0431,4,2-2,0,False,Group,2010s,Estádio Castelão,Fortaleza,Draw,Draw
Nigeria,Bosnia and Herzegovina,1,0,0,0,40499,"Arena Pantanal, Cuiabá",Group stage,2014-06-21,Brazil,2014,Peter Odemwingie@29,,0,0,2014-0432,1,1-0,1,False,Group,2010s,Arena Pantanal,Cuiabá,Nigeria,Home win
Italy,Costa Rica,0,0,1,0,40285,"Itaipava Arena Pernambuco, Recife",Group stage,2014-06-20,Brazil,2014,,Bryan Ruiz@44,0,0,2014-0433,1,0-1,1,False,Group,2010s,Itaipava Arena Pernambuco,Recife,Costa Rica,Away win
Switzerland,France,2,0,5,0,51003,"Itaipava Arena Fonte Nova, Salvador",Group stage,2014-06-20,Brazil,2014,"Blerim Džemaili@81,Granit Xhaka@87","Olivier Giroud@17,Blaise Matuidi@18,Mathieu Valbuena@40,Karim Benzema@67,Moussa Sissoko@73",0,0,2014-0434,7,2-5,3,False,Group,2010s,Itaipava Arena Fonte Nova,Salvador,France,Away win
Honduras,Ecuador,1,0,2,0,39224,"Estádio Joaquim Américo Guimarães, Curitiba",Group stage,2014-06-20,Brazil,2014,Carlo Costly@31,"Enner Valencia@34,Enner Valencia@65",0,0,2014-0435,3,1-2,1,False,Group,2010s,Estádio Joaquim Américo Guimarães,Curitiba,Ecuador,Away win
Colombia,Côte d'Ivoire,2,0,1,0,68748,"Estádio Nacional de Brasília, Brasília",Group stage,2014-06-19,Brazil,2014,"James Rodríguez@64,Juan Quintero@70",Gervinho@73,0,0,2014-0436,3,2-1,1,False,Group,2010s,Estádio Nacional de Brasília,Brasília,Colombia,Home win
Uruguay,England,2,0,1,0,62575,"Arena Corinthians, São Paulo",Group stage,2014-06-19,Brazil,2014,"Luis Suárez@39,Luis Suárez@85",Wayne Rooney@75,0,0,2014-0437,3,2-1,1,False,Group,2010s,Arena Corinthians,São Paulo,Uruguay,Home win
Japan,Greece,0,0,0,0,39485,"Arena das Dunas, Natal",Group stage,2014-06-19,Brazil,2014,,,0,0,2014-0438,0,0-0,0,False,Group,2010s,Arena das Dunas,Natal,Draw,Draw
Australia,Netherlands,2,0,3,0,42877,"Estádio José Pinheiro Borba, Porto Alegre",Group stage,2014-06-18,Brazil,2014,"Tim Cahill@21,Mile Jedinak@54","Arjen Robben@20,Robin van Persie@58,Memphis@68",0,0,2014-0439,5,2-3,1,False,Group,2010s,Estádio José Pinheiro Borba,Porto Alegre,Netherlands,Away win
Spain,Chile,0,0,2,0,74101,"Estadio Jornalista Mário Filho, Rio de Janeiro",Group stage,2014-06-18,Brazil,2014,,"Eduardo Vargas@20,Charles Aránguiz@43",0,0,2014-0440,2,0-2,2,False,Group,2010s,Estadio Jornalista Mário Filho,Rio de Janeiro,Chile,Away win
Cameroon,Croatia,0,0,4,0,39982,"Arena da Amazônia, Manaus",Group stage,2014-06-18,Brazil,2014,,"Ivica Olic@11,Ivan Periši@48,Mario Mandžuki@61,Mario Mandžuki@73",0,0,2014-0441,4,0-4,4,False,Group,2010s,Arena da Amazônia,Manaus,Croatia,Away win
Belgium,Algeria,2,0,1,0,56800,"Estádio Governador Magalhães Pinto, Belo Horizonte",Group stage,2014-06-17,Brazil,2014,"Marouane Fellaini@70,Dries Mertens@80",Sofiane Feghouli@25,0,0,2014-0442,3,2-1,1,False,Group,2010s,Estádio Governador Magalhães Pinto,Belo Horizonte,Belgium,Home win
Brazil,Mexico,0,0,0,0,60342,"Estádio Castelão, Fortaleza",Group stage,2014-06-17,Brazil,2014,,,0,0,2014-0443,0,0-0,0,False,Group,2010s,Estádio Castelão,Fortaleza,Draw,Draw
Russia,Korea Republic,1,0,1,0,37603,"Arena Pantanal, Cuiabá",Group stage,2014-06-17,Brazil,2014,Aleksandr Kerzhakov@74,Lee Keun-ho@68,0,0,2014-0444,2,1-1,0,False,Group,2010s,Arena Pantanal,Cuiabá,Draw,Draw
Germany,Portugal,4,0,0,0,51081,"Itaipava Arena Fonte Nova, Salvador",Group stage,2014-06-16,Brazil,2014,"Mats Hummels@32,Thomas Müller@45+1,Thomas Müller@78,Thomas Müller@12",,0,0,2014-0445,4,4-0,4,False,Group,2010s,Itaipava Arena Fonte Nova,Salvador,Germany,Home win
IR Iran,Nigeria,0,0,0,0,39081,"Estádio Joaquim Américo Guimarães, Curitiba",Group stage,2014-06-16,Brazil,2014,,,0,0,2014-0446,0,0-0,0,False,Group,2010s,Estádio Joaquim Américo Guimarães,Curitiba,Draw,Draw
Ghana,United States,1,0,2,0,39760,"Arena das Dunas, Natal",Group stage,2014-06-16,Brazil,2014,André Ayew@82,"Clint Dempsey@1,John Brooks@86",0,0,2014-0447,3,1-2,1,False,Group,2010s,Arena das Dunas,Natal,United States,Away win
Switzerland,Ecuador,2,0,1,0,68351,"Estádio Nacional de Brasília, Brasília",Group stage,2014-06-15,Brazil,2014,"Admir Mehmedi@48,Haris Seferovi@90+3",Enner Valencia@22,0,0,2014-0448,3,2-1,1,False,Group,2010s,Estádio Nacional de Brasília,Brasília,Switzerland,Home win
France,Honduras,3,0,0,0,43012,"Estádio José Pinheiro Borba, Porto Alegre",Group stage,2014-06-15,Brazil,2014,"Karim Benzema@72,Karim Benzema@45",,1,0,2014-0449,3,3-0,3,False,Group,2010s,Estádio José Pinheiro Borba,Porto Alegre,France,Home win
Argentina,Bosnia and Herzegovina,2,0,1,0,74738,"Estadio Jornalista Mário Filho, Rio de Janeiro",Group stage,2014-06-15,Brazil,2014,Lionel Messi@65,Vedad Ibiševi@85,1,0,2014-0450,3,2-1,1,False,Group,2010s,Estadio Jornalista Mário Filho,Rio de Janeiro,Argentina,Home win
Colombia,Greece,3,0,0,0,57174,"Estádio Governador Magalhães Pinto, Belo Horizonte",Group stage,2014-06-14,Brazil,2014,"Pablo Armero@6,Teófilo Gutiérrez@58,James Rodríguez@90+3",,0,0,2014-0451,3,3-0,3,False,Group,2010s,Estádio Governador Magalhães Pinto,Belo Horizonte,Colombia,Home win
Uruguay,Costa Rica,1,0,3,0,58679,"Estádio Castelão, Fortaleza",Group stage,2014-06-14,Brazil,2014,Edinson Cavani@24,"Joel Campbell@54,Óscar Duarte@57,Marco Ureña@84",0,0,2014-0452,4,1-3,2,False,Group,2010s,Estádio Castelão,Fortaleza,Costa Rica,Away win
England,Italy,1,0,2,0,39800,"Arena da Amazônia, Manaus",Group stage,2014-06-14,Brazil,2014,Daniel Sturridge@37,"Claudio Marchisio@35,Mario Balotelli@50",0,0,2014-0453,3,1-2,1,False,Group,2010s,Arena da Amazônia,Manaus,Italy,Away win
Côte d'Ivoire,Japan,2,0,1,0,40267,"Itaipava Arena Pernambuco, Recife",Group stage,2014-06-14,Brazil,2014,"Wilfried Bony@64,Gervinho@66",Keisuke Honda@16,0,0,2014-0454,3,2-1,1,False,Group,2010s,Itaipava Arena Pernambuco,Recife,Côte d'Ivoire,Home win
Mexico,Cameroon,1,0,0,0,39216,"Arena das Dunas, Natal",Group stage,2014-06-13,Brazil,2014,Oribe Peralta@61,,0,0,2014-0455,1,1-0,1,False,Group,2010s,Arena das Dunas,Natal,Mexico,Home win
Spain,Netherlands,1,0,5,0,48173,"Itaipava Arena Fonte Nova, Salvador",Group stage,2014-06-13,Brazil,2014,Xabi Alonso@27,"Robin van Persie@44,Arjen Robben@53,Stefan de Vrij@65,Robin van Persie@72,Arjen Robben@80",0,0,2014-0456,6,1-5,4,False,Group,2010s,Itaipava Arena Fonte Nova,Salvador,Netherlands,Away win
Chile,Australia,3,0,1,0,40275,"Arena Pantanal, Cuiabá",Group stage,2014-06-13,Brazil,2014,"Alexis Sánchez@12,Jorge Valdivia@14,Jean Beausejour@90+2",Tim Cahill@35,0,0,2014-0457,4,3-1,2,False,Group,2010s,Arena Pantanal,Cuiabá,Chile,Home win
Brazil,Croatia,3,0,1,0,62103,"Arena Corinthians, São Paulo",Group stage,2014-06-12,Brazil,2014,"Neymar@29,Oscar@90+1,Neymar@71",,0,1,2014-0458,4,3-1,2,False,Group,2010s,Arena Corinthians,São Paulo,Brazil,Home win
Netherlands,Spain,0,0,1,0,84490,"Soccer City, Johannesburg",Final,2010-07-11,South Africa,2010,,Andrés Iniesta@116,0,0,2010-0459,1,0-1,1,False,Final,2010s,Soccer City,Johannesburg,Spain,Away win
Uruguay,Germany,2,0,3,0,36254,"Nelson Mandela Bay Stadium, Port Elizabeth",Third-place match,2010-07-10,South Africa,2010,"Edinson Cavani@28,Diego Forlán@51","Thomas Müller@19,Marcell Jansen@56,Sami Khedira@82",0,0,2010-0460,5,2-3,1,False,Placement,2010s,Nelson Mandela Bay Stadium,Port Elizabeth,Germany,Away win
Germany,Spain,0,0,1,0,60960,"Moses Mabhida Stadium, Durban",Semi-finals,2010-07-07,South Africa,2010,,Carles Puyol@73,0,0,2010-0461,1,0-1,1,False,Knockout,2010s,Moses Mabhida Stadium,Durban,Spain,Away win
Uruguay,Netherlands,2,0,3,0,62479,"Cape Town Stadium, Cape Town",Semi-finals,2010-07-06,South Africa,2010,"Diego Forlán@41,Maxi Pereira@90+2","Giovanni van Bronckhorst@18,Wesley Sneijder@70,Arjen Robben@73",0,0,2010-0462,5,2-3,1,False,Knockout,2010s,Cape Town Stadium,Cape Town,Netherlands,Away win
Argentina,Germany,0,0,4,0,64100,"Cape Town Stadium, Cape Town",Quarter-finals,2010-07-03,South Africa,2010,,"Thomas Müller@3,Miroslav Klose@68,Arne Friedrich@74,Miroslav Klose@89",0,0,2010-0463,4,0-4,4,False,Knockout,2010s,Cape Town Stadium,Cape Town,Germany,Away win
Paraguay,Spain,0,0,1,0,55359,"Emirates Airline Park, Johannesburg",Quarter-finals,2010-07-03,South Africa,2010,,David Villa@83,0,0,2010-0464,1,0-1,1,False,Knockout,2010s,Emirates Airline Park,Johannesburg,Spain,Away win
Netherlands,Brazil,2,0,1,0,40186,"Nelson Mandela Bay Stadium, Port Elizabeth",Quarter-finals,2010-07-02,South Africa,2010,"Wesley Sneijder@53,Wesley Sneijder@68",Robinho@10,0,0,2010-0465,3,2-1,1,False,Knockout,2010s,Nelson Mandela Bay Stadium,Port Elizabeth,Netherlands,Home win
Uruguay,Ghana,1,4,1,2,84017,"Soccer City, Johannesburg",Quarter-finals,2010-07-02,South Africa,2010,Diego Forlán@55,Sulley Muntari@45+2,0,0,2010-0466,2,1-1,0,True,Knockout,2010s,Soccer City,Johannesburg,Uruguay,Home win on penalties
Paraguay,Japan,0,5,0,3,36742,"Loftus Versfeld Stadium, Pretoria",Round of 16,2010-06-29,South Africa,2010,,,0,0,2010-0467,0,0-0,0,True,Knockout,2010s,Loftus Versfeld Stadium,Pretoria,Paraguay,Home win on penalties
Spain,Portugal,1,0,0,0,62955,"Cape Town Stadium, Cape Town",Round of 16,2010-06-29,South Africa,2010,David Villa@63,,0,0,2010-0468,1,1-0,1,False,Knockout,2010s,Cape Town Stadium,Cape Town,Spain,Home win
Netherlands,Slovakia,2,0,1,0,61962,"Moses Mabhida Stadium, Durban",Round of 16,2010-06-28,South Africa,2010,"Arjen Robben@18,Wesley Sneijder@84",Róbert Vittek@90+4,0,0,2010-0469,3,2-1,1,False,Knockout,2010s,Moses Mabhida Stadium,Durban,Netherlands,Home win
Brazil,Chile,3,0,0,0,54096,"Emirates Airline Park, Johannesburg",Round of 16,2010-06-28,South Africa,2010,"Juan@35,Luís Fabiano@38,Robinho@59",,0,0,2010-0470,3,3-0,3,False,Knockout,2010s,Emirates Airline Park,Johannesburg,Brazil,Home win
Germany,England,4,0,1,0,40510,"Toyota Stadium, Bloemfontein",Round of 16,2010-06-27,South Africa,2010,"Miroslav Klose@20,Lukas Podolski@32,Thomas Müller@67,Thomas Müller@70",Matthew Upson@37,0,0,2010-0471,5,4-1,3,False,Knockout,2010s,Toyota Stadium,Bloemfontein,Germany,Home win
Argentina,Mexico,3,0,1,0,84377,"Soccer City, Johannesburg",Round of 16,2010-06-27,South Africa,2010,"Carlos Tevez@26,Gonzalo Higuaín@33,Carlos Tevez@52",Javier Hernández@71,0,0,2010-0472,4,3-1,2,False,Knockout,2010s,Soccer City,Johannesburg,Argentina,Home win
Uruguay,Korea Republic,2,0,1,0,30597,"Nelson Mandela Bay Stadium, Port Elizabeth",Round of 16,2010-06-26,South Africa,2010,"Luis Suárez@8,Luis Suárez@80",Lee Chung-yong@68,0,0,2010-0473,3,2-1,1,False,Knockout,2010s,Nelson Mandela Bay Stadium,Port Elizabeth,Uruguay,Home win
United States,Ghana,1,0,2,0,34976,"Royal Bafokeng Stadium, Phokeng",Round of 16,2010-06-26,South Africa,2010,Landon Donovan@62,"Kevin-Prince Boateng@5,Asamoah Gyan@93",0,0,2010-0474,3,1-2,1,False,Knockout,2010s,Royal Bafokeng Stadium,Phokeng,Ghana,Away win
Portugal,Brazil,0,0,0,0,62712,"Moses Mabhida Stadium, Durban",Group stage,2010-06-25,South Africa,2010,,,0,0,2010-0475,0,0-0,0,False,Group,2010s,Moses Mabhida Stadium,Durban,Draw,Draw
Korea DPR,Côte d'Ivoire,0,0,3,0,34763,"Mbombela Stadium, Nelspruit",Group stage,2010-06-25,South Africa,2010,,"Yaya Touré@14,Romaric@20,Salomon Kalou@82",0,0,2010-0476,3,0-3,3,False,Group,2010s,Mbombela Stadium,Nelspruit,Côte d'Ivoire,Away win
Chile,Spain,1,0,2,0,41958,"Loftus Versfeld Stadium, Pretoria",Group stage,2010-06-25,South Africa,2010,Rodrigo Millar@47,"David Villa@24,Andrés Iniesta@37",0,0,2010-0477,3,1-2,1,False,Group,2010s,Loftus Versfeld Stadium,Pretoria,Spain,Away win
Switzerland,Honduras,0,0,0,0,28042,"Toyota Stadium, Bloemfontein",Group stage,2010-06-25,South Africa,2010,,,0,0,2010-0478,0,0-0,0,False,Group,2010s,Toyota Stadium,Bloemfontein,Draw,Draw
Paraguay,New Zealand,0,0,0,0,34850,"Peter Mokaba Stadium, Polokwane",Group stage,2010-06-24,South Africa,2010,,,0,0,2010-0479,0,0-0,0,False,Group,2010s,Peter Mokaba Stadium,Polokwane,Draw,Draw
Slovakia,Italy,3,0,2,0,53412,"Emirates Airline Park, Johannesburg",Group stage,2010-06-24,South Africa,2010,"Róbert Vittek@25,Róbert Vittek@73,Kamil Kopúnek@89","Antonio Di Natale@81,Fabio Quagliarella@90+2",0,0,2010-0480,5,3-2,1,False,Group,2010s,Emirates Airline Park,Johannesburg,Slovakia,Home win
Denmark,Japan,1,0,3,0,27967,"Royal Bafokeng Stadium, Phokeng",Group stage,2010-06-24,South Africa,2010,Jon Dahl Tomasson@81,"Keisuke Honda@17,Yasuhito End@30,Shinji Okazaki@87",0,0,2010-0481,4,1-3,2,False,Group,2010s,Royal Bafokeng Stadium,Phokeng,Japan,Away win
Cameroon,Netherlands,1,0,2,0,63093,"Cape Town Stadium, Cape Town",Group stage,2010-06-24,South Africa,2010,Samuel Eto'o@65,"Robin van Persie@36,Klaas-Jan Huntelaar@83",0,0,2010-0482,3,1-2,1,False,Group,2010s,Cape Town Stadium,Cape Town,Netherlands,Away win
Slovenia,England,0,0,1,0,36893,"Nelson Mandela Bay Stadium, Port Elizabeth",Group stage,2010-06-23,South Africa,2010,,Jermain Defoe@23,0,0,2010-0483,1,0-1,1,False,Group,2010s,Nelson Mandela Bay Stadium,Port Elizabeth,England,Away win
United States,Algeria,1,0,0,0,35827,"Loftus Versfeld Stadium, Pretoria",Group stage,2010-06-23,South Africa,2010,Landon Donovan@90+1,,0,0,2010-0484,1,1-0,1,False,Group,2010s,Loftus Versfeld Stadium,Pretoria,United States,Home win
Ghana,Germany,0,0,1,0,83391,"Soccer City, Johannesburg",Group stage,2010-06-23,South Africa,2010,,Mesut Özil@60,0,0,2010-0485,1,0-1,1,False,Group,2010s,Soccer City,Johannesburg,Germany,Away win
Australia,Serbia,2,0,1,0,37836,"Mbombela Stadium, Nelspruit",Group stage,2010-06-23,South Africa,2010,"Tim Cahill@69,Brett Holman@73",Marko Panteli@84,0,0,2010-0486,3,2-1,1,False,Group,2010s,Mbombela Stadium,Nelspruit,Australia,Home win
Mexico,Uruguay,0,0,1,0,33425,"Royal Bafokeng Stadium, Phokeng",Group stage,2010-06-22,South Africa,2010,,Luis Suárez@43,0,0,2010-0487,1,0-1,1,False,Group,2010s,Royal Bafokeng Stadium,Phokeng,Uruguay,Away win
France,South Africa,1,0,2,0,39415,"Toyota Stadium, Bloemfontein",Group stage,2010-06-22,South Africa,2010,Florent Malouda@70,"Bongani Khumalo@20,Katlego Mphela@37",0,0,2010-0488,3,1-2,1,False,Group,2010s,Toyota Stadium,Bloemfontein,South Africa,Away win
Nigeria,Korea Republic,2,0,2,0,61874,"Moses Mabhida Stadium, Durban",Group stage,2010-06-22,South Africa,2010,"Kalu Uche@12,Yakubu Aiyegbeni@69","Lee Jung-soo@38,Park Chu-young@49",0,0,2010-0489,4,2-2,0,False,Group,2010s,Moses Mabhida Stadium,Durban,Draw,Draw
Greece,Argentina,0,0,2,0,38891,"Peter Mokaba Stadium, Polokwane",Group stage,2010-06-22,South Africa,2010,,"Martín Demichelis@77,Martín Palermo@89",0,0,2010-0490,2,0-2,2,False,Group,2010s,Peter Mokaba Stadium,Polokwane,Argentina,Away win
Portugal,Korea DPR,7,0,0,0,63644,"Cape Town Stadium, Cape Town",Group stage,2010-06-21,South Africa,2010,"Raul Meireles@29,Simão Sabrosa@53,Hugo Almeida@56,Tiago Mendes@60,Liédson@81,Cristiano Ronaldo@87,Tiago Mendes@89",,0,0,2010-0491,7,7-0,7,False,Group,2010s,Cape Town Stadium,Cape Town,Portugal,Home win
Chile,Switzerland,1,0,0,0,34872,"Nelson Mandela Bay Stadium, Port Elizabeth",Group stage,2010-06-21,South Africa,2010,Mark González@75,,0,0,2010-0492,1,1-0,1,False,Group,2010s,Nelson Mandela Bay Stadium,Port Elizabeth,Chile,Home win
Italy,West Germany,3,0,1,0,90000,"Santiago Bernabeu, Madrid",Final,1982-07-11,Spain,1982,"Paolo Rossi@57,Marco Tardelli@69,Alessandro Altobelli@81",Paul Breitner@83,0,0,1982-0493,4,3-1,2,False,Final,1980s,Santiago Bernabeu,Madrid,Italy,Home win
Poland,France,3,0,2,0,28000,"Jose Rico Perez, Alicante",Third-place match,1982-07-10,Spain,1982,"Andrzej Szarmach@40,Stefan Majewski@44,Janusz Kupcewicz@46","René Girard@13,Alain Couriol@72",0,0,1982-0494,5,3-2,1,False,Placement,1980s,Jose Rico Perez,Alicante,Poland,Home win
Poland,Italy,0,0,2,0,50000,"Camp Nou, Barcelona",Semi-finals,1982-07-08,Spain,1982,,"Paolo Rossi@22,Paolo Rossi@73",0,0,1982-0495,2,0-2,2,False,Knockout,1980s,Camp Nou,Barcelona,Italy,Away win
West Germany,France,3,5,3,4,70000,"Ramon Sanchez Pizjuan, Seville",Semi-finals,1982-07-08,Spain,1982,"Pierre Littbarski@17,Karl-Heinz Rummenigge@102,Klaus Fischer@108","Marius Trésor@92,Alain Giresse@98,Michel Platini@26",0,0,1982-0496,6,3-3,0,True,Knockout,1980s,Ramon Sanchez Pizjuan,Seville,West Germany,Home win on penalties
Italy,Brazil,3,0,2,0,44000,"Sarria, Barcelona",Second group stage,1982-07-05,Spain,1982,"Paolo Rossi@5,Paolo Rossi@25,Paolo Rossi@74","Sócrates@12,Paulo Roberto Falcão@68",0,0,1982-0497,5,3-2,1,False,Group,1980s,Sarria,Barcelona,Italy,Home win
Spain,England,0,0,0,0,75000,"Santiago Bernabeu, Madrid",Second group stage,1982-07-05,Spain,1982,,,0,0,1982-0498,0,0-0,0,False,Group,1980s,Santiago Bernabeu,Madrid,Draw,Draw
France,Northern Ireland,4,0,1,0,37000,"Vicente Calderon, Madrid",Second group stage,1982-07-04,Spain,1982,"Alain Giresse@33,Dominique Rocheteau@46,Dominique Rocheteau@68,Alain Giresse@80",Gerry Armstrong@75,0,0,1982-0499,5,4-1,3,False,Group,1980s,Vicente Calderon,Madrid,France,Home win
Poland,Soviet Union,0,0,0,0,65000,"Camp Nou, Barcelona",Second group stage,1982-07-04,Spain,1982,,,0,0,1982-0500,0,0-0,0,False,Group,1980s,Camp Nou,Barcelona,Draw,Draw
Argentina,Brazil,1,0,3,0,44000,"Sarria, Barcelona",Second group stage,1982-07-02,Spain,1982,Ramón Díaz@89,"Zico@11,Serginho Chulapa@66,Leovegildo Lins da Gama Júnior@75",0,0,1982-0501,4,1-3,2,False,Group,1980s,Sarria,Barcelona,Brazil,Away win
West Germany,Spain,2,0,1,0,90089,"Santiago Bernabeu, Madrid",Second group stage,1982-07-02,Spain,1982,"Pierre Littbarski@50,Klaus Fischer@75",Jesús María Zamora@82,0,0,1982-0502,3,2-1,1,False,Group,1980s,Santiago Bernabeu,Madrid,West Germany,Home win
Austria,Northern Ireland,2,0,2,0,20000,"Vicente Calderon, Madrid",Second group stage,1982-07-01,Spain,1982,"Bruno Pezzey@50,Reinhold Hintermaier@68","Billy Hamilton@27,Billy Hamilton@75",0,0,1982-0503,4,2-2,0,False,Group,1980s,Vicente Calderon,Madrid,Draw,Draw
Belgium,Soviet Union,0,0,1,0,45000,"Camp Nou, Barcelona",Second group stage,1982-07-01,Spain,1982,,Khoren Oganesian@48,0,0,1982-0504,1,0-1,1,False,Group,1980s,Camp Nou,Barcelona,Soviet Union,Away win
Italy,Argentina,2,0,1,0,43000,"Sarria, Barcelona",Second group stage,1982-06-29,Spain,1982,"Marco Tardelli@57,Antonio Cabrini@67",Daniel Passarella@83,0,0,1982-0505,3,2-1,1,False,Group,1980s,Sarria,Barcelona,Italy,Home win
West Germany,England,0,0,0,0,75000,"Santiago Bernabeu, Madrid",Second group stage,1982-06-29,Spain,1982,,,0,0,1982-0506,0,0-0,0,False,Group,1980s,Santiago Bernabeu,Madrid,Draw,Draw
Austria,France,0,0,1,0,37000,"Vicente Calderon, Madrid",Second group stage,1982-06-28,Spain,1982,,Bernard Genghini@39,0,0,1982-0507,1,0-1,1,False,Group,1980s,Vicente Calderon,Madrid,France,Away win
Poland,Belgium,3,0,0,0,65000,"Camp Nou, Barcelona",Second group stage,1982-06-28,Spain,1982,"Zbigniew Boniek@4,Zbigniew Boniek@26,Zbigniew Boniek@53",,0,0,1982-0508,3,3-0,3,False,Group,1980s,Camp Nou,Barcelona,Poland,Home win
England,Kuwait,1,0,0,0,39700,"San Mames, Bilbao",First group stage,1982-06-25,Spain,1982,Trevor Francis@27,,0,0,1982-0509,1,1-0,1,False,Group,1980s,San Mames,Bilbao,England,Home win
West Germany,Austria,1,0,0,0,41000,"El Molinon, Gijon",First group stage,1982-06-25,Spain,1982,Horst Hrubesch@10,,0,0,1982-0510,1,1-0,1,False,Group,1980s,El Molinon,Gijon,West Germany,Home win
Northern Ireland,Spain,1,0,0,0,49562,"Luis Casanova, Valencia",First group stage,1982-06-25,Spain,1982,Gerry Armstrong@47,,0,0,1982-0511,1,1-0,1,False,Group,1980s,Luis Casanova,Valencia,Northern Ireland,Home win
France,Czechoslovakia,1,0,1,0,28000,"Jose Zorrilla, Valladolid",First group stage,1982-06-24,Spain,1982,Didier Six@66,Antonín Panenka@84,0,0,1982-0512,2,1-1,0,False,Group,1980s,Jose Zorrilla,Valladolid,Draw,Draw
Algeria,Chile,3,0,2,0,16000,"Carlos Tartiere, Oviedo",First group stage,1982-06-24,Spain,1982,"Salah Assad@7,Salah Assad@31,Tedj Bensaoula@35","Juan Carlos Letelier@73,Miguel Ángel Neira@59",0,0,1982-0513,5,3-2,1,False,Group,1980s,Carlos Tartiere,Oviedo,Algeria,Home win
Honduras,Yugoslavia,0,0,1,0,25000,"La Romareda, Zaragoza",First group stage,1982-06-24,Spain,1982,,Vladimir Petrovi@88,0,0,1982-0514,1,0-1,1,False,Group,1980s,La Romareda,Zaragoza,Yugoslavia,Away win
Italy,Cameroon,1,0,1,0,20000,"Estadio Municipal de Balaï¿½dos, Vigo",First group stage,1982-06-23,Spain,1982,Francesco Graziani@60,Grégoire M'Bida@61,0,0,1982-0515,2,1-1,0,False,Group,1980s,Estadio Municipal de Balaï¿½dos,Vigo,Draw,Draw
Argentina,El Salvador,2,0,0,0,32500,"Jose Rico Perez, Alicante",First group stage,1982-06-23,Spain,1982,"Daniel Bertoni@54,Daniel Passarella@22",,0,0,1982-0516,2,2-0,2,False,Group,1980s,Jose Rico Perez,Alicante,Argentina,Home win
Brazil,New Zealand,4,0,0,0,43000,"Benito Villamarin, Seville",First group stage,1982-06-23,Spain,1982,"Zico@28,Zico@31,Paulo Roberto Falcão@64,Serginho Chulapa@70",,0,0,1982-0517,4,4-0,4,False,Group,1980s,Benito Villamarin,Seville,Brazil,Home win
Poland,Peru,5,0,1,0,25000,"Riazor, La Coruï¿½A",First group stage,1982-06-22,Spain,1982,"Wodzimierz Smolarek@55,Grzegorz Lato@58,Zbigniew Boniek@61,Andrzej Buncol@68,Wodzimierz Cioek@76",Guillermo La Rosa@83,0,0,1982-0518,6,5-1,4,False,Group,1980s,Riazor,La Coruï¿½A,Poland,Home win
Belgium,Hungary,1,0,1,0,37000,"Nuevo Estadio, Elche",First group stage,1982-06-22,Spain,1982,Alexandre Czerniatynski@76,József Varga@27,0,0,1982-0519,2,1-1,0,False,Group,1980s,Nuevo Estadio,Elche,Draw,Draw
Soviet Union,Scotland,2,0,2,0,45000,"La Rosaleda, Malaga",First group stage,1982-06-22,Spain,1982,"Aleksandre Chivadze@59,Ramaz Shengelia@84","Joe Jordan@15,Graeme Souness@86",0,0,1982-0520,4,2-2,0,False,Group,1980s,La Rosaleda,Malaga,Draw,Draw
Algeria,Austria,0,0,2,0,22000,"Carlos Tartiere, Oviedo",First group stage,1982-06-21,Spain,1982,,"Walter Schachner@55,Hans Krankl@67",0,0,1982-0521,2,0-2,2,False,Group,1980s,Carlos Tartiere,Oviedo,Austria,Away win
France,Kuwait,4,0,1,0,30043,"Jose Zorrilla, Valladolid",First group stage,1982-06-21,Spain,1982,"Bernard Genghini@31,Michel Platini@43,Didier Six@48,Maxime Bossis@89",Abdullah Al-Buloushi@75,0,0,1982-0522,5,4-1,3,False,Group,1980s,Jose Zorrilla,Valladolid,France,Home win
Honduras,Northern Ireland,1,0,1,0,15000,"La Romareda, Zaragoza",First group stage,1982-06-21,Spain,1982,Eduardo Laing@60,Gerry Armstrong@9,0,0,1982-0523,2,1-1,0,False,Group,1980s,La Romareda,Zaragoza,Draw,Draw
West Germany,Chile,4,0,1,0,42000,"El Molinon, Gijon",First group stage,1982-06-20,Spain,1982,"Karl-Heinz Rummenigge@9,Karl-Heinz Rummenigge@57,Karl-Heinz Rummenigge@66,Uwe Reinders@83",Gustavo Moscoso@90,0,0,1982-0524,5,4-1,3,False,Group,1980s,El Molinon,Gijon,West Germany,Home win
England,Czechoslovakia,2,0,0,0,41123,"San Mames, Bilbao",First group stage,1982-06-20,Spain,1982,Trevor Francis@62,,1,0,1982-0525,2,2-0,2,False,Group,1980s,San Mames,Bilbao,England,Home win
Spain,Yugoslavia,2,0,1,0,48000,"Luis Casanova, Valencia",First group stage,1982-06-20,Spain,1982,"Enrique Saura@66,Juanito@14",Ivan Gudelj@10,0,0,1982-0526,3,2-1,1,False,Group,1980s,Luis Casanova,Valencia,Spain,Home win
Poland,Cameroon,0,0,0,0,19000,"Riazor, La Coruï¿½A",First group stage,1982-06-19,Spain,1982,,,0,0,1982-0527,0,0-0,0,False,Group,1980s,Riazor,La Coruï¿½A,Draw,Draw
Soviet Union,New Zealand,3,0,0,0,19000,"La Rosaleda, Malaga",First group stage,1982-06-19,Spain,1982,"Yuri Gavrilov@24,Oleh Blokhin@48,Sergei Pavlovich Baltacha@68",,0,0,1982-0528,3,3-0,3,False,Group,1980s,La Rosaleda,Malaga,Soviet Union,Home win
Belgium,El Salvador,1,0,0,0,15000,"Nuevo Estadio, Elche",First group stage,1982-06-19,Spain,1982,Ludo Coeck@19,,0,0,1982-0529,1,1-0,1,False,Group,1980s,Nuevo Estadio,Elche,Belgium,Home win
Italy,Peru,1,0,1,0,25000,"Estadio Municipal de Balaï¿½dos, Vigo",First group stage,1982-06-18,Spain,1982,Bruno Conti@18,Rubén Toribio Díaz@83,0,0,1982-0530,2,1-1,0,False,Group,1980s,Estadio Municipal de Balaï¿½dos,Vigo,Draw,Draw
Brazil,Scotland,4,0,1,0,47379,"Benito Villamarin, Seville",First group stage,1982-06-18,Spain,1982,"Zico@33,Oscar@48,Éder Aleixo de Assis@63,Paulo Roberto Falcão@87",David Narey@18,0,0,1982-0531,5,4-1,3,False,Group,1980s,Benito Villamarin,Seville,Brazil,Home win
Argentina,Hungary,4,0,1,0,32093,"Jose Rico Perez, Alicante",First group stage,1982-06-18,Spain,1982,"Daniel Bertoni@26,Diego Maradona@28,Diego Maradona@57,Osvaldo Ardiles@60",Gábor Pölöskei@76,0,0,1982-0532,5,4-1,3,False,Group,1980s,Jose Rico Perez,Alicante,Argentina,Home win
Chile,Austria,0,0,1,0,22500,"Carlos Tartiere, Oviedo",First group stage,1982-06-17,Spain,1982,,Walter Schachner@22,0,0,1982-0533,1,0-1,1,False,Group,1980s,Carlos Tartiere,Oviedo,Austria,Away win
Czechoslovakia,Kuwait,1,0,1,0,25000,"Jose Zorrilla, Valladolid",First group stage,1982-06-17,Spain,1982,Antonín Panenka@21,Faisal Al-Dakhil@57,0,0,1982-0534,2,1-1,0,False,Group,1980s,Jose Zorrilla,Valladolid,Draw,Draw
Yugoslavia,Northern Ireland,0,0,0,0,25000,"La Romareda, Zaragoza",First group stage,1982-06-17,Spain,1982,,,0,0,1982-0535,0,0-0,0,False,Group,1980s,La Romareda,Zaragoza,Draw,Draw
Ecuador,Germany,0,0,3,0,72000,"Olympiastadion Berlin, Berlin",Group stage,2006-06-20,Germany,2006,,"Miroslav Klose@4,Miroslav Klose@44,Lukas Podolski@57",0,0,2006-0536,3,0-3,3,False,Group,2000s,Olympiastadion Berlin,Berlin,Germany,Away win
Paraguay,Trinidad and Tobago,2,0,0,0,46000,"Fritz-Walter-Stadion, Kaiserslautern",Group stage,2006-06-20,Germany,2006,Nelson Cuevas@86,,1,0,2006-0537,2,2-0,2,False,Group,2000s,Fritz-Walter-Stadion,Kaiserslautern,Paraguay,Home win
Sweden,England,2,0,2,0,45000,"RheinEnergieSTADION, Köln",Group stage,2006-06-20,Germany,2006,"Marcus Allbäck@51,Henrik Larsson@90","Joe Cole@34,Steven Gerrard@85",0,0,2006-0538,4,2-2,0,False,Group,2000s,RheinEnergieSTADION,Köln,Draw,Draw
Togo,Switzerland,0,0,2,0,65000,"Signal Iduna Park, Dortmund",Group stage,2006-06-19,Germany,2006,,"Alexander Frei@16,Tranquillo Barnetta@88",0,0,2006-0539,2,0-2,2,False,Group,2000s,Signal Iduna Park,Dortmund,Switzerland,Away win
Saudi Arabia,Ukraine,0,0,4,0,50000,"Volksparkstadion, Hamburg",Group stage,2006-06-19,Germany,2006,,"Andriy Rusol@4,Serhiy Rebrov@36,Andriy Shevchenko@46,Maksym Kalynychenko@84",0,0,2006-0540,4,0-4,4,False,Group,2000s,Volksparkstadion,Hamburg,Ukraine,Away win
Spain,Tunisia,3,0,1,0,52000,"Mercedes-Benz Arena, Stuttgart",Group stage,2006-06-19,Germany,2006,"Raúl@71,Fernando Torres@76,Fernando Torres@90+1",Jawhar Mnari@8,0,0,2006-0541,4,3-1,2,False,Group,2000s,Mercedes-Benz Arena,Stuttgart,Spain,Home win
Japan,Croatia,0,0,0,0,41000,"Max-Morlock-Stadion, Nürnberg",Group stage,2006-06-18,Germany,2006,,,0,0,2006-0542,0,0-0,0,False,Group,2000s,Max-Morlock-Stadion,Nürnberg,Draw,Draw
Brazil,Australia,2,0,0,0,66000,"Allianz Arena, München",Group stage,2006-06-18,Germany,2006,"Adriano@49,Fred@90",,0,0,2006-0543,2,2-0,2,False,Group,2000s,Allianz Arena,München,Brazil,Home win
France,Korea Republic,1,0,1,0,43000,"Red Bull Arena, Leipzig",Group stage,2006-06-18,Germany,2006,Thierry Henry@9,Park Ji-sung@81,0,0,2006-0544,2,1-1,0,False,Group,2000s,Red Bull Arena,Leipzig,Draw,Draw
Portugal,IR Iran,2,0,0,0,48000,"Commerzbank-Arena, Frankfurt am Main",Group stage,2006-06-17,Germany,2006,"Deco@63,Cristiano Ronaldo@80",,0,0,2006-0545,2,2-0,2,False,Group,2000s,Commerzbank-Arena,Frankfurt am Main,Portugal,Home win
Czech Republic,Ghana,0,0,2,0,45000,"RheinEnergieSTADION, Köln",Group stage,2006-06-17,Germany,2006,,"Asamoah Gyan@2,Sulley Muntari@82",0,0,2006-0546,2,0-2,2,False,Group,2000s,RheinEnergieSTADION,Köln,Ghana,Away win
Italy,United States,1,0,1,0,46000,"Fritz-Walter-Stadion, Kaiserslautern",Group stage,2006-06-17,Germany,2006,Alberto Gilardino@22,,0,1,2006-0547,2,1-1,0,False,Group,2000s,Fritz-Walter-Stadion,Kaiserslautern,Draw,Draw
Argentina,Serbia and Montenegro,6,0,0,0,52000,"Veltins-Arena, Gelsenkirchen",Group stage,2006-06-16,Germany,2006,"Maxi Rodríguez@6,Esteban Cambiasso@31,Maxi Rodríguez@41,Hernán Crespo@78,Carlos Tevez@84,Lionel Messi@88",,0,0,2006-0548,6,6-0,6,False,Group,2000s,Veltins-Arena,Gelsenkirchen,Argentina,Home win
Switzerland,Colombia,0,0,2,0,83401,"Stanford Stadium, San Francisco",Group stage,1994-06-26,United States,1994,,"Hernán Gaviria@44,John Harold Lozano@90",0,0,1994-0549,2,0-2,2,False,Group,1990s,Stanford Stadium,San Francisco,Colombia,Away win
Belgium,Netherlands,1,0,0,0,62387,"Citrus Bowl, Orlando",Group stage,1994-06-25,United States,1994,Philippe Albert@65,,0,0,1994-0550,1,1-0,1,False,Group,1990s,Citrus Bowl,Orlando,Belgium,Home win
Saudi Arabia,Morocco,2,0,1,0,76322,"Giants Stadium, New York/New Jersey",Group stage,1994-06-25,United States,1994,"Fuad Anwar@45,Sami Al-Jaber@7",Mohammed Chaouch@26,0,0,1994-0551,3,2-1,1,False,Group,1990s,Giants Stadium,New York/New Jersey,Saudi Arabia,Home win
Argentina,Nigeria,2,0,1,0,54453,"Foxboro Stadium, Boston",Group stage,1994-06-25,United States,1994,"Claudio Caniggia@21,Claudio Caniggia@28",Samson Siasia@8,0,0,1994-0552,3,2-1,1,False,Group,1990s,Foxboro Stadium,Boston,Argentina,Home win
Mexico,Republic of Ireland,2,0,1,0,60790,"Citrus Bowl, Orlando",Group stage,1994-06-24,United States,1994,"Luis García Postigo@42,Luis García Postigo@65",John Aldridge@84,0,0,1994-0553,3,2-1,1,False,Group,1990s,Citrus Bowl,Orlando,Mexico,Home win
Brazil,Cameroon,3,0,0,0,83401,"Stanford Stadium, San Francisco",Group stage,1994-06-24,United States,1994,"Romário@39,Márcio Santos@66,Bebeto@73",,0,0,1994-0554,3,3-0,3,False,Group,1990s,Stanford Stadium,San Francisco,Brazil,Home win
Sweden,Russia,3,0,1,0,71528,"Pontiac Silverdome, Detroit",Group stage,1994-06-24,United States,1994,"Martin Dahlin@59,Martin Dahlin@81,Tomas Brolin@37",Oleg Salenko@4,0,0,1994-0555,4,3-1,2,False,Group,1990s,Pontiac Silverdome,Detroit,Sweden,Home win
Italy,Norway,1,0,0,0,74624,"Giants Stadium, New York/New Jersey",Group stage,1994-06-23,United States,1994,Dino Baggio@69,,0,0,1994-0556,1,1-0,1,False,Group,1990s,Giants Stadium,New York/New Jersey,Italy,Home win
Korea Republic,Bolivia,0,0,0,0,54453,"Foxboro Stadium, Boston",Group stage,1994-06-23,United States,1994,,,0,0,1994-0557,0,0-0,0,False,Group,1990s,Foxboro Stadium,Boston,Draw,Draw
Romania,Switzerland,1,0,4,0,61428,"Pontiac Silverdome, Detroit",Group stage,1994-06-22,United States,1994,Gheorghe Hagi@35,"Alain Sutter@16,Stéphane Chapuisat@52,Adrian Knup@65,Adrian Knup@72",0,0,1994-0558,5,1-4,3,False,Group,1990s,Pontiac Silverdome,Detroit,Switzerland,Away win
United States,Colombia,2,0,1,0,93869,"Rose Bowl, Los Angeles",Group stage,1994-06-22,United States,1994,Earnie Stewart@52,Adolfo Valencia@90,1,0,1994-0559,3,2-1,1,False,Group,1990s,Rose Bowl,Los Angeles,United States,Home win
Argentina,Greece,4,0,0,0,54456,"Foxboro Stadium, Boston",Group stage,1994-06-21,United States,1994,"Gabriel Batistuta@2,Gabriel Batistuta@44,Diego Maradona@60,Gabriel Batistuta@90",,0,0,1994-0560,4,4-0,4,False,Group,1990s,Foxboro Stadium,Boston,Argentina,Home win
Germany,Spain,1,0,1,0,63113,"Soldier Field, Chicago",Group stage,1994-06-21,United States,1994,Jürgen Klinsmann@48,Ion Andoni Goikoetxea@14,0,0,1994-0561,2,1-1,0,False,Group,1990s,Soldier Field,Chicago,Draw,Draw
Nigeria,Bulgaria,3,0,0,0,44132,"Cotton Bowl, Dallas",Group stage,1994-06-21,United States,1994,"Rashidi Yekini@21,Daniel Amokachi@43,Emmanuel Amunike@55",,0,0,1994-0562,3,3-0,3,False,Group,1990s,Cotton Bowl,Dallas,Nigeria,Home win
Brazil,Russia,2,0,0,0,81061,"Stanford Stadium, San Francisco",Group stage,1994-06-20,United States,1994,"Romário@26,Raí@52",,0,0,1994-0563,2,2-0,2,False,Group,1990s,Stanford Stadium,San Francisco,Brazil,Home win
Netherlands,Saudi Arabia,2,0,1,0,50535,"RFK Stadium, Washington Dc",Group stage,1994-06-20,United States,1994,"Wim Jonk@50,Gaston Taument@86",Fuad Anwar@18,0,0,1994-0564,3,2-1,1,False,Group,1990s,RFK Stadium,Washington Dc,Netherlands,Home win
Belgium,Morocco,1,0,0,0,61219,"Citrus Bowl, Orlando",Group stage,1994-06-19,United States,1994,Marc Degryse@11,,0,0,1994-0565,1,1-0,1,False,Group,1990s,Citrus Bowl,Orlando,Belgium,Home win
Norway,Mexico,1,0,0,0,52395,"RFK Stadium, Washington Dc",Group stage,1994-06-19,United States,1994,Kjetil Rekdal@84,,0,0,1994-0566,1,1-0,1,False,Group,1990s,RFK Stadium,Washington Dc,Norway,Home win
Cameroon,Sweden,2,0,2,0,93194,"Rose Bowl, Los Angeles",Group stage,1994-06-19,United States,1994,"David Embé@31,François Omam-Biyik@47","Roger Ljung@8,Martin Dahlin@75",0,0,1994-0567,4,2-2,0,False,Group,1990s,Rose Bowl,Los Angeles,Draw,Draw
United States,Switzerland,1,0,1,0,73425,"Pontiac Silverdome, Detroit",Group stage,1994-06-18,United States,1994,Eric Wynalda@44,Georges Bregy@39,0,0,1994-0568,2,1-1,0,False,Group,1990s,Pontiac Silverdome,Detroit,Draw,Draw
Italy,Republic of Ireland,0,0,1,0,75338,"Giants Stadium, New York/New Jersey",Group stage,1994-06-18,United States,1994,,Ray Houghton@11,0,0,1994-0569,1,0-1,1,False,Group,1990s,Giants Stadium,New York/New Jersey,Republic of Ireland,Away win
Colombia,Romania,1,0,3,0,91856,"Rose Bowl, Los Angeles",Group stage,1994-06-18,United States,1994,Adolfo Valencia@43,"Florin Rducioiu@15,Gheorghe Hagi@34,Florin Rducioiu@89",0,0,1994-0570,4,1-3,2,False,Group,1990s,Rose Bowl,Los Angeles,Romania,Away win
Germany,Bolivia,1,0,0,0,63117,"Soldier Field, Chicago",Group stage,1994-06-17,United States,1994,Jürgen Klinsmann@61,,0,0,1994-0571,1,1-0,1,False,Group,1990s,Soldier Field,Chicago,Germany,Home win
West Germany,Mexico,0,4,0,1,41700,"Estadio Universitario, Monterrey",Quarter-finals,1986-06-21,Mexico,1986,,,0,0,1986-0572,0,0-0,0,True,Knockout,1980s,Estadio Universitario,Monterrey,West Germany,Home win on penalties
Spain,Korea Republic,2,0,2,0,56247,"Cotton Bowl, Dallas",Group stage,1994-06-17,United States,1994,"Julio Salinas@51,Ion Andoni Goikoetxea@55","Hong Myung-bo@85,Seo Jung-won@90",0,0,1994-0573,4,2-2,0,False,Group,1990s,Cotton Bowl,Dallas,Draw,Draw
England,Paraguay,3,0,0,0,98728,"Estadio Azteca, Mexico City",Round of 16,1986-06-18,Mexico,1986,"Gary Lineker@31,Peter Beardsley@56,Gary Lineker@72",,0,0,1986-0574,3,3-0,3,False,Knockout,1980s,Estadio Azteca,Mexico City,England,Home win
West Germany,Argentina,1,0,0,0,73603,"Stadio Olimpico, Rome",Final,1990-07-08,Italy,1990,Andreas Brehme@85,,0,0,1990-0575,1,1-0,1,False,Final,1990s,Stadio Olimpico,Rome,West Germany,Home win
Denmark,Spain,1,0,5,0,38500,"Estadio Corregidora, Queretaro",Round of 16,1986-06-18,Mexico,1986,Jesper Olsen@33,"Emilio Butragueño@43,Emilio Butragueño@57,Emilio Butragueño@80,Andoni Goikoetxea@68,Emilio Butragueño@89",0,0,1986-0576,6,1-5,4,False,Knockout,1980s,Estadio Corregidora,Queretaro,Spain,Away win
Italy,England,2,0,1,0,51426,"Stadio San Nicola, Bari",Third-place match,1990-07-07,Italy,1990,"Roberto Baggio@71,Salvatore Schillaci@86",David Platt@81,0,0,1990-0577,3,2-1,1,False,Placement,1990s,Stadio San Nicola,Bari,Italy,Home win
Italy,France,0,0,2,0,70000,"Estadio Olï¿½mpico Universitario, Mexico City",Round of 16,1986-06-17,Mexico,1986,,"Michel Platini@15,Yannick Stopyra@57",0,0,1986-0578,2,0-2,2,False,Knockout,1980s,Estadio Olï¿½mpico Universitario,Mexico City,France,Away win
West Germany,England,1,4,1,3,62628,"Stadio delle Alpi, Turin",Semi-finals,1990-07-04,Italy,1990,Andreas Brehme@60,Gary Lineker@80,0,0,1990-0579,2,1-1,0,True,Knockout,1990s,Stadio delle Alpi,Turin,West Germany,Home win on penalties
Morocco,West Germany,0,0,1,0,19800,"Estadio Universitario, Monterrey",Round of 16,1986-06-17,Mexico,1986,,Lothar Matthäus@88,0,0,1986-0580,1,0-1,1,False,Knockout,1980s,Estadio Universitario,Monterrey,West Germany,Away win
Italy,Argentina,1,3,1,4,59978,"San Paolo, Naples",Semi-finals,1990-07-03,Italy,1990,Salvatore Schillaci@17,Claudio Caniggia@67,0,0,1990-0581,2,1-1,0,True,Knockout,1990s,San Paolo,Naples,Argentina,Away win on penalties
Brazil,Poland,4,0,0,0,45000,"Jalisco, Guadalajara",Round of 16,1986-06-16,Mexico,1986,"Josimar@55,Edinho@79,Sócrates@30,Careca@83",,0,0,1986-0582,4,4-0,4,False,Knockout,1980s,Jalisco,Guadalajara,Brazil,Home win
West Germany,Czechoslovakia,1,0,0,0,73347,"Giuseppe Meazza, Milan",Quarter-finals,1990-07-01,Italy,1990,Lothar Matthäus@25,,0,0,1990-0583,1,1-0,1,False,Knockout,1990s,Giuseppe Meazza,Milan,West Germany,Home win
Argentina,Uruguay,1,0,0,0,26000,"Cuauhtemoc, Puebla",Round of 16,1986-06-16,Mexico,1986,Pedro Pasculli@42,,0,0,1986-0584,1,1-0,1,False,Knockout,1980s,Cuauhtemoc,Puebla,Argentina,Home win
England,Cameroon,3,0,2,0,55205,"San Paolo, Naples",Quarter-finals,1990-07-01,Italy,1990,"David Platt@25,Gary Lineker@83,Gary Lineker@105","Eugène Ekéké@65,Emmanuel Kundé@61",0,0,1990-0585,5,3-2,1,False,Knockout,1990s,San Paolo,Naples,England,Home win
Mexico,Bulgaria,2,0,0,0,114580,"Estadio Azteca, Mexico City",Round of 16,1986-06-15,Mexico,1986,"Manuel Negrete Arias@34,Raúl Servín@61",,0,0,1986-0586,2,2-0,2,False,Knockout,1980s,Estadio Azteca,Mexico City,Mexico,Home win
Yugoslavia,Argentina,0,2,0,3,38971,"Comunale, Florence",Quarter-finals,1990-06-30,Italy,1990,,,0,0,1990-0587,0,0-0,0,True,Knockout,1990s,Comunale,Florence,Argentina,Away win on penalties
Soviet Union,Belgium,3,0,4,0,32277,"Nou Camp - Estadio Leï¿½n, Leon",Round of 16,1986-06-15,Mexico,1986,"Igor Belanov@27,Igor Belanov@70,Igor Belanov@111","Enzo Scifo@56,Jan Ceulemans@77,Stéphane Demol@102,Nico Claesen@110",0,0,1986-0588,7,3-4,1,False,Knockout,1980s,Nou Camp - Estadio Leï¿½n,Leon,Belgium,Away win
Scotland,Uruguay,0,0,0,0,20000,"Neza, Nezahualcoyotl",Group stage,1986-06-13,Mexico,1986,,,0,0,1986-0589,0,0-0,0,False,Group,1980s,Neza,Nezahualcoyotl,Draw,Draw
Denmark,West Germany,2,0,0,0,36000,"Estadio Corregidora, Queretaro",Group stage,1986-06-13,Mexico,1986,"John Eriksen@62,Jesper Olsen@43",,0,0,1986-0590,2,2-0,2,False,Group,1980s,Estadio Corregidora,Queretaro,Denmark,Home win
Algeria,Spain,0,0,3,0,23980,"Tecnologico, Monterrey",Group stage,1986-06-12,Mexico,1986,,"Ramón Calderé@15,Ramón Calderé@68,Eloy Olaya@70",0,0,1986-0591,3,0-3,3,False,Group,1980s,Tecnologico,Monterrey,Spain,Away win
Northern Ireland,Brazil,0,0,3,0,51000,"Jalisco, Guadalajara",Group stage,1986-06-12,Mexico,1986,,"Careca@15,Josimar@42,Careca@87",0,0,1986-0592,3,0-3,3,False,Group,1980s,Jalisco,Guadalajara,Brazil,Away win
Paraguay,Belgium,2,0,2,0,16000,"Bombonera - Estadio Nemesio Diez, Toluca",Group stage,1986-06-11,Mexico,1986,"Roberto Cabañas@50,Roberto Cabañas@76","Franky Vercauteren@30,Daniel Veyt@59",0,0,1986-0593,4,2-2,0,False,Group,1980s,Bombonera - Estadio Nemesio Diez,Toluca,Draw,Draw
Iraq,Mexico,0,0,1,0,103763,"Estadio Azteca, Mexico City",Group stage,1986-06-11,Mexico,1986,,Fernando Quirarte@54,0,0,1986-0594,1,0-1,1,False,Group,1980s,Estadio Azteca,Mexico City,Mexico,Away win
England,Poland,3,0,0,0,22700,"Tecnologico, Monterrey",Group stage,1986-06-11,Mexico,1986,"Gary Lineker@9,Gary Lineker@14,Gary Lineker@34",,0,0,1986-0595,3,3-0,3,False,Group,1980s,Tecnologico,Monterrey,England,Home win
Portugal,Morocco,1,0,3,0,28000,"Tres de Marzo, Guadalajara",Group stage,1986-06-11,Mexico,1986,Diamantino Miranda@79,"Abderrazak Khairi@19,Abderrazak Khairi@27,Abdelkrim Merry@62",0,0,1986-0596,4,1-3,2,False,Group,1980s,Tres de Marzo,Guadalajara,Morocco,Away win
Argentina,Bulgaria,2,0,0,0,65000,"Estadio Olï¿½mpico Universitario, Mexico City",Group stage,1986-06-10,Mexico,1986,"Jorge Valdano@3,Jorge Burruchaga@76",,0,0,1986-0597,2,2-0,2,False,Group,1980s,Estadio Olï¿½mpico Universitario,Mexico City,Argentina,Home win
Korea Republic,Italy,2,0,3,0,20000,"Cuauhtemoc, Puebla",Group stage,1986-06-10,Mexico,1986,"Choi Soon-ho@62,Huh Jung-moo@83","Alessandro Altobelli@17,Alessandro Altobelli@73",0,1,1986-0598,5,2-3,1,False,Group,1980s,Cuauhtemoc,Puebla,Italy,Away win
Soviet Union,Canada,2,0,0,0,14200,"Estadio Irapuato, Irapuato",Group stage,1986-06-09,Mexico,1986,"Oleh Blokhin@58,Oleksandr Zavarov@74",,0,0,1986-0599,2,2-0,2,False,Group,1980s,Estadio Irapuato,Irapuato,Soviet Union,Home win
Hungary,France,0,0,3,0,31420,"Nou Camp - Estadio Leï¿½n, Leon",Group stage,1986-06-09,Mexico,1986,,"Yannick Stopyra@29,Jean Tigana@62,Dominique Rocheteau@84",0,0,1986-0600,3,0-3,3,False,Group,1980s,Nou Camp - Estadio Leï¿½n,Leon,France,Away win
West Germany,Scotland,2,0,1,0,30000,"Estadio Corregidora, Queretaro",Group stage,1986-06-08,Mexico,1986,"Rudi Völler@22,Klaus Allofs@50",Gordon Strachan@18,0,0,1986-0601,3,2-1,1,False,Group,1980s,Estadio Corregidora,Queretaro,West Germany,Home win
Iraq,Belgium,1,0,2,0,20000,"Bombonera - Estadio Nemesio Diez, Toluca",Group stage,1986-06-08,Mexico,1986,Ahmed Radhi@59,"Enzo Scifo@16,Nico Claesen@21",0,0,1986-0602,3,1-2,1,False,Group,1980s,Bombonera - Estadio Nemesio Diez,Toluca,Belgium,Away win
Denmark,Uruguay,6,0,1,0,26500,"Neza, Nezahualcoyotl",Group stage,1986-06-08,Mexico,1986,"Preben Elkjær@11,Søren Lerby@41,Michael Laudrup@52,Preben Elkjær@67,Preben Elkjær@80,Jesper Olsen@88",Enzo Francescoli@45,0,0,1986-0603,7,6-1,5,False,Group,1980s,Neza,Nezahualcoyotl,Denmark,Home win
Mexico,Paraguay,1,0,1,0,114600,"Estadio Azteca, Mexico City",Group stage,1986-06-07,Mexico,1986,Luis Flores@3,Julio César Romero@85,0,0,1986-0604,2,1-1,0,False,Group,1980s,Estadio Azteca,Mexico City,Draw,Draw
Northern Ireland,Spain,1,0,2,0,28000,"Tres de Marzo, Guadalajara",Group stage,1986-06-07,Mexico,1986,Colin Clarke@47,"Emilio Butragueño@2,Julio Salinas@18",0,0,1986-0605,3,1-2,1,False,Group,1980s,Tres de Marzo,Guadalajara,Spain,Away win
Poland,Portugal,1,0,0,0,19915,"Estadio Universitario, Monterrey",Group stage,1986-06-07,Mexico,1986,Wodzimierz Smolarek@68,,0,0,1986-0606,1,1-0,1,False,Group,1980s,Estadio Universitario,Monterrey,Poland,Home win
Brazil,Algeria,1,0,0,0,48000,"Jalisco, Guadalajara",Group stage,1986-06-06,Mexico,1986,Careca@66,,0,0,1986-0607,1,1-0,1,False,Group,1980s,Jalisco,Guadalajara,Brazil,Home win
Hungary,Canada,2,0,0,0,13800,"Estadio Irapuato, Irapuato",Group stage,1986-06-06,Mexico,1986,"Márton Esterházy@2,Lajos Détári@75",,0,0,1986-0608,2,2-0,2,False,Group,1980s,Estadio Irapuato,Irapuato,Hungary,Home win
England,Morocco,0,0,0,0,20200,"Tecnologico, Monterrey",Group stage,1986-06-06,Mexico,1986,,,0,0,1986-0609,0,0-0,0,False,Group,1980s,Tecnologico,Monterrey,Draw,Draw
Italy,Argentina,1,0,1,0,32000,"Cuauhtemoc, Puebla",Group stage,1986-06-05,Mexico,1986,Alessandro Altobelli@6,Diego Maradona@34,0,0,1986-0610,2,1-1,0,False,Group,1980s,Cuauhtemoc,Puebla,Draw,Draw
France,Soviet Union,1,0,1,0,36540,"Nou Camp - Estadio Leï¿½n, Leon",Group stage,1986-06-05,Mexico,1986,Luis Fernández@62,Vasyl Rats@53,0,0,1986-0611,2,1-1,0,False,Group,1980s,Nou Camp - Estadio Leï¿½n,Leon,Draw,Draw
Korea Republic,Bulgaria,1,0,1,0,45000,"Estadio Olï¿½mpico Universitario, Mexico City",Group stage,1986-06-05,Mexico,1986,Kim Jong-boo@70,Plamen Getov@11,0,0,1986-0612,2,1-1,0,False,Group,1980s,Estadio Olï¿½mpico Universitario,Mexico City,Draw,Draw
Paraguay,Iraq,1,0,0,0,24000,"Bombonera - Estadio Nemesio Diez, Toluca",Group stage,1986-06-04,Mexico,1986,Julio César Romero@35,,0,0,1986-0613,1,1-0,1,False,Group,1980s,Bombonera - Estadio Nemesio Diez,Toluca,Paraguay,Home win
Uruguay,West Germany,1,0,1,0,30500,"Estadio Corregidora, Queretaro",Group stage,1986-06-04,Mexico,1986,Antonio Alzamendi@4,Klaus Allofs@84,0,0,1986-0614,2,1-1,0,False,Group,1980s,Estadio Corregidora,Queretaro,Draw,Draw
Scotland,Denmark,0,0,1,0,18000,"Neza, Nezahualcoyotl",Group stage,1986-06-04,Mexico,1986,,Preben Elkjær@57,0,0,1986-0615,1,0-1,1,False,Group,1980s,Neza,Nezahualcoyotl,Denmark,Away win
Belgium,Mexico,1,0,2,0,110000,"Estadio Azteca, Mexico City",Group stage,1986-06-03,Mexico,1986,Erwin Vandenbergh@45,"Fernando Quirarte@23,Hugo Sánchez@39",0,0,1986-0616,3,1-2,1,False,Group,1980s,Estadio Azteca,Mexico City,Mexico,Away win
Algeria,Northern Ireland,1,0,1,0,22000,"Tres de Marzo, Guadalajara",Group stage,1986-06-03,Mexico,1986,Djamel Zidane@59,Norman Whiteside@6,0,0,1986-0617,2,1-1,0,False,Group,1980s,Tres de Marzo,Guadalajara,Draw,Draw
Portugal,England,1,0,0,0,23000,"Tecnologico, Monterrey",Group stage,1986-06-03,Mexico,1986,Carlos Manuel@75,,0,0,1986-0618,1,1-0,1,False,Group,1980s,Tecnologico,Monterrey,Portugal,Home win
Soviet Union,Hungary,6,0,0,0,16500,"Estadio Irapuato, Irapuato",Group stage,1986-06-02,Mexico,1986,"Pavlo Yakovenko@2,Sergei Aleinikov@4,Ivan Yaremchuk@66,Sergey Rodionov@80,Igor Belanov@24",,1,0,1986-0619,6,6-0,6,False,Group,1980s,Estadio Irapuato,Irapuato,Soviet Union,Home win
Argentina,Korea Republic,3,0,1,0,60000,"Estadio Olï¿½mpico Universitario, Mexico City",Group stage,1986-06-02,Mexico,1986,"Jorge Valdano@6,Oscar Ruggeri@18,Jorge Valdano@46",Park Chang-sun@73,0,0,1986-0620,4,3-1,2,False,Group,1980s,Estadio Olï¿½mpico Universitario,Mexico City,Argentina,Home win
Morocco,Poland,0,0,0,0,19900,"Estadio Universitario, Monterrey",Group stage,1986-06-02,Mexico,1986,,,0,0,1986-0621,0,0-0,0,False,Group,1980s,Estadio Universitario,Monterrey,Draw,Draw
Spain,Brazil,0,0,1,0,35748,"Jalisco, Guadalajara",Group stage,1986-06-01,Mexico,1986,,Sócrates@62,0,0,1986-0622,1,0-1,1,False,Group,1980s,Jalisco,Guadalajara,Brazil,Away win
Canada,France,0,0,1,0,65500,"Nou Camp - Estadio Leï¿½n, Leon",Group stage,1986-06-01,Mexico,1986,,Jean-Pierre Papin@79,0,0,1986-0623,1,0-1,1,False,Group,1980s,Nou Camp - Estadio Leï¿½n,Leon,France,Away win
Bulgaria,Italy,1,0,1,0,96000,"Estadio Azteca, Mexico City",Group stage,1986-05-31,Mexico,1986,Nasko Sirakov@85,Alessandro Altobelli@43,0,0,1986-0624,2,1-1,0,False,Group,1980s,Estadio Azteca,Mexico City,Draw,Draw
Austria,Sweden,1,0,0,0,41424,"Jose Amalfitani, Buenos Aires",First round,1978-06-07,Argentina,1978,Hans Krankl@42,,0,0,1978-0625,1,1-0,1,False,Group,1970s,Jose Amalfitani,Buenos Aires,Austria,Home win
Brazil,Spain,0,0,0,0,34771,"Estadio Josï¿½ Marï¿½a Minella, Mar Del Plata",First round,1978-06-07,Argentina,1978,,,0,0,1978-0626,0,0-0,0,False,Group,1970s,Estadio Josï¿½ Marï¿½a Minella,Mar Del Plata,Draw,Draw
Netherlands,Peru,0,0,0,0,28125,"San Martin, Mendoza",First round,1978-06-07,Argentina,1978,,,0,0,1978-0627,0,0-0,0,False,Group,1970s,San Martin,Mendoza,Draw,Draw
Scotland,IR Iran,1,0,1,0,7938,"Estadio Olï¿½mpico Chateau Carreras, Cordoba",First round,1978-06-07,Argentina,1978,,Iraj Danaeifard@60,1,0,1978-0628,2,1-1,0,False,Group,1970s,Estadio Olï¿½mpico Chateau Carreras,Cordoba,Draw,Draw
Italy,Hungary,3,0,1,0,26533,"Estadio Josï¿½ Marï¿½a Minella, Mar Del Plata",First round,1978-06-06,Argentina,1978,"Paolo Rossi@34,Roberto Bettega@36,Romeo Benetti@60",András Tóth@81,0,0,1978-0629,4,3-1,2,False,Group,1970s,Estadio Josï¿½ Marï¿½a Minella,Mar Del Plata,Italy,Home win
West Germany,Mexico,6,0,0,0,35258,"Estadio Olï¿½mpico Chateau Carreras, Cordoba",First round,1978-06-06,Argentina,1978,"Dieter Müller@15,Hansi Müller@30,Karl-Heinz Rummenigge@38,Heinz Flohe@44,Karl-Heinz Rummenigge@73,Heinz Flohe@89",,0,0,1978-0630,6,6-0,6,False,Group,1970s,Estadio Olï¿½mpico Chateau Carreras,Cordoba,West Germany,Home win
Poland,Tunisia,1,0,0,0,9624,"Arroyito - Estadio Dr. Lisandro de la Torre, Rosario",First round,1978-06-06,Argentina,1978,Grzegorz Lato@43,,0,0,1978-0631,1,1-0,1,False,Group,1970s,Arroyito - Estadio Dr. Lisandro de la Torre,Rosario,Poland,Home win
Argentina,France,2,0,1,0,71666,"El Monumental - Estadio Monumental Antonio Vespuci, Buenos Aires",First round,1978-06-06,Argentina,1978,"Leopoldo Luque@73,Daniel Passarella@45",Michel Platini@60,0,0,1978-0632,3,2-1,1,False,Group,1970s,El Monumental - Estadio Monumental Antonio Vespuci,Buenos Aires,Argentina,Home win
Sweden,Brazil,1,0,1,0,32569,"Estadio Josï¿½ Marï¿½a Minella, Mar Del Plata",First round,1978-06-03,Argentina,1978,Thomas Sjöberg@37,José Reinaldo de Lima@45,0,0,1978-0633,2,1-1,0,False,Group,1970s,Estadio Josï¿½ Marï¿½a Minella,Mar Del Plata,Draw,Draw
Austria,Spain,2,0,1,0,40841,"Jose Amalfitani, Buenos Aires",First round,1978-06-03,Argentina,1978,"Walter Schachner@9,Hans Krankl@76",Daniel Ruiz@21,0,0,1978-0634,3,2-1,1,False,Group,1970s,Jose Amalfitani,Buenos Aires,Austria,Home win
Peru,Scotland,3,0,1,0,37927,"Estadio Olï¿½mpico Chateau Carreras, Cordoba",First round,1978-06-03,Argentina,1978,"César Cueto@43,Teófilo Cubillas@71,Teófilo Cubillas@77",Joe Jordan@14,0,0,1978-0635,4,3-1,2,False,Group,1970s,Estadio Olï¿½mpico Chateau Carreras,Cordoba,Peru,Home win
Netherlands,IR Iran,3,0,0,0,33431,"San Martin, Mendoza",First round,1978-06-03,Argentina,1978,"Rob Rensenbrink@62,Rob Rensenbrink@40,Rob Rensenbrink@79",,0,0,1978-0636,3,3-0,3,False,Group,1970s,San Martin,Mendoza,Netherlands,Home win
Italy,France,2,0,1,0,42373,"Estadio Josï¿½ Marï¿½a Minella, Mar Del Plata",First round,1978-06-02,Argentina,1978,"Paolo Rossi@29,Renato Zaccarelli@54",Bernard Lacombe@1,0,0,1978-0637,3,2-1,1,False,Group,1970s,Estadio Josï¿½ Marï¿½a Minella,Mar Del Plata,Italy,Home win
Tunisia,Mexico,3,0,1,0,17396,"Arroyito - Estadio Dr. Lisandro de la Torre, Rosario",First round,1978-06-02,Argentina,1978,"Ali Kaabi@55,Néjib Ghommidh@79,Mokhtar Dhouieb@87",Arturo Vázquez Ayala@45,0,0,1978-0638,4,3-1,2,False,Group,1970s,Arroyito - Estadio Dr. Lisandro de la Torre,Rosario,Tunisia,Home win
Argentina,Hungary,2,0,1,0,71615,"El Monumental - Estadio Monumental Antonio Vespuci, Buenos Aires",First round,1978-06-02,Argentina,1978,"Leopoldo Luque@15,Daniel Bertoni@83",Károly Csapó@10,0,0,1978-0639,3,2-1,1,False,Group,1970s,El Monumental - Estadio Monumental Antonio Vespuci,Buenos Aires,Argentina,Home win
West Germany,Poland,0,0,0,0,67579,"El Monumental - Estadio Monumental Antonio Vespuci, Buenos Aires",First round,1978-06-01,Argentina,1978,,,0,0,1978-0640,0,0-0,0,False,Group,1970s,El Monumental - Estadio Monumental Antonio Vespuci,Buenos Aires,Draw,Draw
Netherlands,West Germany,1,0,2,0,78200,"Olympiastadion, Munich",Final,1974-07-07,Germany,1974,Johan Neeskens@2,"Gerd Müller@43,Paul Breitner@25",0,0,1974-0641,3,1-2,1,False,Final,1970s,Olympiastadion,Munich,West Germany,Away win
Brazil,Poland,0,0,1,0,77100,"Olympiastadion, Munich",Third-place match,1974-07-06,Germany,1974,,Grzegorz Lato@76,0,0,1974-0642,1,0-1,1,False,Placement,1970s,Olympiastadion,Munich,Poland,Away win
Poland,West Germany,0,0,1,0,62000,"Waldstadion, Frankfurt/Main",Second round,1974-07-03,Germany,1974,,Gerd Müller@76,0,0,1974-0643,1,0-1,1,False,Knockout,1970s,Waldstadion,Frankfurt/Main,West Germany,Away win
Netherlands,Brazil,2,0,0,0,53700,"Westfalenstadion, Dortmund",Second round,1974-07-03,Germany,1974,"Johan Neeskens@50,Johan Cruyff@65",,0,0,1974-0644,2,2-0,2,False,Knockout,1970s,Westfalenstadion,Dortmund,Netherlands,Home win
Argentina,Germany DR,1,0,1,0,54254,"Parkstadion, Gelsenkirchen",Second round,1974-07-03,Germany,1974,René Houseman@20,Joachim Streich@14,0,0,1974-0645,2,1-1,0,False,Knockout,1970s,Parkstadion,Gelsenkirchen,Draw,Draw
Sweden,Yugoslavia,2,0,1,0,41300,"Rheinstadion, Dï¿½Sseldorf",Second round,1974-07-03,Germany,1974,"Ralf Edström@29,Conny Torstensson@85",Ivica Šurjak@27,0,0,1974-0646,3,2-1,1,False,Knockout,1970s,Rheinstadion,Dï¿½Sseldorf,Sweden,Home win
Poland,Yugoslavia,2,0,1,0,58000,"Waldstadion, Frankfurt/Main",Second round,1974-06-30,Germany,1974,"Grzegorz Lato@62,Kazimierz Deyna@24",Stanislav Karasi@43,0,0,1974-0647,3,2-1,1,False,Knockout,1970s,Waldstadion,Frankfurt/Main,Poland,Home win
Argentina,Brazil,1,0,2,0,39400,"Niedersachsenstadion, Hanover",Second round,1974-06-30,Germany,1974,Miguel Ángel Brindisi@35,"Rivellino@32,Jairzinho@49",0,0,1974-0648,3,1-2,1,False,Knockout,1970s,Niedersachsenstadion,Hanover,Brazil,Away win
Germany DR,Netherlands,0,0,2,0,68348,"Parkstadion, Gelsenkirchen",Second round,1974-06-30,Germany,1974,,"Johan Neeskens@7,Rob Rensenbrink@59",0,0,1974-0649,2,0-2,2,False,Knockout,1970s,Parkstadion,Gelsenkirchen,Netherlands,Away win
West Germany,Sweden,4,0,2,0,67800,"Rheinstadion, Dï¿½Sseldorf",Second round,1974-06-30,Germany,1974,"Wolfgang Overath@51,Rainer Bonhof@52,Jürgen Grabowski@76,Uli Hoeneß@89","Ralf Edström@24,Roland Sandberg@53",0,0,1974-0650,6,4-2,2,False,Knockout,1970s,Rheinstadion,Dï¿½Sseldorf,West Germany,Home win
Yugoslavia,West Germany,0,0,2,0,67385,"Rheinstadion, Dï¿½Sseldorf",Second round,1974-06-26,Germany,1974,,"Paul Breitner@39,Gerd Müller@82",0,0,1974-0651,2,0-2,2,False,Knockout,1970s,Rheinstadion,Dï¿½Sseldorf,West Germany,Away win
Brazil,Germany DR,1,0,0,0,59863,"Niedersachsenstadion, Hanover",Second round,1974-06-26,Germany,1974,Rivellino@60,,0,0,1974-0652,1,1-0,1,False,Knockout,1970s,Niedersachsenstadion,Hanover,Brazil,Home win
Sweden,Poland,0,0,1,0,44955,"Neckarstadion, Stuttgart",Second round,1974-06-26,Germany,1974,,Grzegorz Lato@43,0,0,1974-0653,1,0-1,1,False,Knockout,1970s,Neckarstadion,Stuttgart,Poland,Away win
Netherlands,Argentina,4,0,0,0,56548,"Parkstadion, Gelsenkirchen",Second round,1974-06-26,Germany,1974,"Johan Cruyff@10,Ruud Krol@25,Johnny Rep@73,Johan Cruyff@90",,0,0,1974-0654,4,4-0,4,False,Knockout,1970s,Parkstadion,Gelsenkirchen,Netherlands,Home win
Bulgaria,Netherlands,1,0,4,0,53300,"Westfalenstadion, Dortmund",First round,1974-06-23,Germany,1974,,"Johnny Rep@71,Theo de Jong@88,Johan Neeskens@5,Johan Neeskens@45",1,0,1974-0655,5,1-4,3,False,Group,1970s,Westfalenstadion,Dortmund,Netherlands,Away win
Poland,Italy,2,0,1,0,70100,"Neckarstadion, Stuttgart",First round,1974-06-23,Germany,1974,"Andrzej Szarmach@38,Kazimierz Deyna@44",Fabio Capello@85,0,0,1974-0656,3,2-1,1,False,Group,1970s,Neckarstadion,Stuttgart,Poland,Home win
Sweden,Uruguay,3,0,0,0,28300,"Rheinstadion, Dï¿½Sseldorf",First round,1974-06-23,Germany,1974,"Ralf Edström@46,Roland Sandberg@74,Ralf Edström@77",,0,0,1974-0657,3,3-0,3,False,Group,1970s,Rheinstadion,Dï¿½Sseldorf,Sweden,Home win
Argentina,Haiti,4,0,1,0,25900,"Olympiastadion, Munich",First round,1974-06-23,Germany,1974,"Héctor Yazalde@15,René Houseman@18,Rubén Ayala@55,Héctor Yazalde@68",Emmanuel Sanon@63,0,0,1974-0658,5,4-1,3,False,Group,1970s,Olympiastadion,Munich,Argentina,Home win
Scotland,Yugoslavia,1,0,1,0,56000,"Waldstadion, Frankfurt/Main",First round,1974-06-22,Germany,1974,Joe Jordan@88,Stanislav Karasi@81,0,0,1974-0659,2,1-1,0,False,Group,1970s,Waldstadion,Frankfurt/Main,Draw,Draw
Australia,Chile,0,0,0,0,17400,"Olympiastadion, Berlin West",First round,1974-06-22,Germany,1974,,,0,0,1974-0660,0,0-0,0,False,Group,1970s,Olympiastadion,Berlin West,Draw,Draw
Zaire,Brazil,0,0,3,0,36200,"Parkstadion, Gelsenkirchen",First round,1974-06-22,Germany,1974,,"Jairzinho@12,Rivellino@66,Valdomiro Vaz Franco@79",0,0,1974-0661,3,0-3,3,False,Group,1970s,Parkstadion,Gelsenkirchen,Brazil,Away win
Germany DR,West Germany,1,0,0,0,60200,"Volksparkstadion, Hamburg",First round,1974-06-22,Germany,1974,Jürgen Sparwasser@77,,0,0,1974-0662,1,1-0,1,False,Group,1970s,Volksparkstadion,Hamburg,Germany DR,Home win
Haiti,Poland,0,0,7,0,25300,"Olympiastadion, Munich",First round,1974-06-19,Germany,1974,,"Grzegorz Lato@17,Kazimierz Deyna@18,Andrzej Szarmach@30,Jerzy Gorgo@31,Andrzej Szarmach@34,Andrzej Szarmach@50,Grzegorz Lato@87",0,0,1974-0663,7,0-7,7,False,Group,1970s,Olympiastadion,Munich,Poland,Away win
Bulgaria,Uruguay,1,0,1,0,13400,"Niedersachsenstadion, Hanover",First round,1974-06-19,Germany,1974,Hristo Bonev@75,Ricardo Pavoni@87,0,0,1974-0664,2,1-1,0,False,Group,1970s,Niedersachsenstadion,Hanover,Draw,Draw
Netherlands,Sweden,0,0,0,0,53700,"Westfalenstadion, Dortmund",First round,1974-06-19,Germany,1974,,,0,0,1974-0665,0,0-0,0,False,Group,1970s,Westfalenstadion,Dortmund,Draw,Draw
Argentina,Italy,1,0,1,0,70100,"Neckarstadion, Stuttgart",First round,1974-06-19,Germany,1974,René Houseman@19,,0,1,1974-0666,2,1-1,0,False,Group,1970s,Neckarstadion,Stuttgart,Draw,Draw
Australia,West Germany,0,0,3,0,53300,"Volksparkstadion, Hamburg",First round,1974-06-18,Germany,1974,,"Wolfgang Overath@12,Bernhard Cullmann@34,Gerd Müller@53",0,0,1974-0667,3,0-3,3,False,Group,1970s,Volksparkstadion,Hamburg,West Germany,Away win
Italy,Republic of Ireland,1,0,0,0,73303,"Stadio Olimpico, Rome",Quarter-finals,1990-06-30,Italy,1990,Salvatore Schillaci@38,,0,0,1990-0668,1,1-0,1,False,Knockout,1990s,Stadio Olimpico,Rome,Italy,Home win
Spain,Yugoslavia,1,0,2,0,35500,"Marc Antonio Bentegodi, Verona",Round of 16,1990-06-26,Italy,1990,Julio Salinas@84,"Dragan Stojkovi@78,Dragan Stojkovi@93",0,0,1990-0669,3,1-2,1,False,Knockout,1990s,Marc Antonio Bentegodi,Verona,Yugoslavia,Away win
England,Belgium,1,0,0,0,34520,"Renato Dall Ara, Bologna",Round of 16,1990-06-26,Italy,1990,David Platt@119,,0,0,1990-0670,1,1-0,1,False,Knockout,1990s,Renato Dall Ara,Bologna,England,Home win
Republic of Ireland,Romania,0,5,0,4,31818,"Luigi Ferraris, Genoa",Round of 16,1990-06-25,Italy,1990,,,0,0,1990-0671,0,0-0,0,True,Knockout,1990s,Luigi Ferraris,Genoa,Republic of Ireland,Home win on penalties
England,France,3,0,1,0,44172,"San Mames, Bilbao",First group stage,1982-06-16,Spain,1982,"Bryan Robson@1,Bryan Robson@67,Paul Mariner@83",Gérard Soler@24,0,0,1982-0672,4,3-1,2,False,Group,1980s,San Mames,Bilbao,England,Home win
West Germany,Algeria,1,0,2,0,42000,"El Molinon, Gijon",First group stage,1982-06-16,Spain,1982,Karl-Heinz Rummenigge@67,"Rabah Madjer@54,Lakhdar Belloumi@68",0,0,1982-0673,3,1-2,1,False,Group,1980s,El Molinon,Gijon,Algeria,Away win
Spain,Honduras,1,0,1,0,49562,"Luis Casanova, Valencia",First group stage,1982-06-16,Spain,1982,Roberto López Ufarte@65,Héctor Zelaya@7,0,0,1982-0674,2,1-1,0,False,Group,1980s,Luis Casanova,Valencia,Draw,Draw
Peru,Cameroon,0,0,0,0,11000,"Riazor, La Coruï¿½A",First group stage,1982-06-15,Spain,1982,,,0,0,1982-0675,0,0-0,0,False,Group,1980s,Riazor,La Coruï¿½A,Draw,Draw
Hungary,El Salvador,10,0,1,0,23000,"Nuevo Estadio, Elche",First group stage,1982-06-15,Spain,1982,"Tibor Nyilasi@4,Gábor Pölöskei@11,László Fazekas@23,József Tóth@50,László Fazekas@54,László Kiss@69,Lázár Szentes@70,László Kiss@72,László Kiss@76,Tibor Nyilasi@83",Luis Ramírez Zapata@64,0,0,1982-0676,11,10-1,9,False,Group,1980s,Nuevo Estadio,Elche,Hungary,Home win
Scotland,New Zealand,5,0,2,0,36000,"La Rosaleda, Malaga",First group stage,1982-06-15,Spain,1982,"Kenny Dalglish@18,John Wark@29,John Wark@32,John Robertson@73,Steve Archibald@79","Steve Sumner@54,Steve Wooddin@64",0,0,1982-0677,7,5-2,3,False,Group,1980s,La Rosaleda,Malaga,Scotland,Home win
Italy,Poland,0,0,0,0,33000,"Estadio Municipal de Balaï¿½dos, Vigo",First group stage,1982-06-14,Spain,1982,,,0,0,1982-0678,0,0-0,0,False,Group,1980s,Estadio Municipal de Balaï¿½dos,Vigo,Draw,Draw
Brazil,Soviet Union,2,0,1,0,68000,"Ramon Sanchez Pizjuan, Seville",First group stage,1982-06-14,Spain,1982,"Sócrates@75,Éder Aleixo de Assis@88",Andriy Bal@34,0,0,1982-0679,3,2-1,1,False,Group,1980s,Ramon Sanchez Pizjuan,Seville,Brazil,Home win
Argentina,Belgium,0,0,1,0,95000,"Camp Nou, Barcelona",First group stage,1982-06-13,Spain,1982,,Erwin Vandenbergh@62,0,0,1982-0680,1,0-1,1,False,Group,1980s,Camp Nou,Barcelona,Belgium,Away win
Argentina,Netherlands,3,0,1,0,71483,"El Monumental - Estadio Monumental Antonio Vespuci, Buenos Aires",Final,1978-06-25,Argentina,1978,"Mario Kempes@38,Mario Kempes@105,Daniel Bertoni@115",Dick Nanninga@82,0,0,1978-0681,4,3-1,2,False,Final,1970s,El Monumental - Estadio Monumental Antonio Vespuci,Buenos Aires,Argentina,Home win
Brazil,Italy,2,0,1,0,69659,"El Monumental - Estadio Monumental Antonio Vespuci, Buenos Aires",Third-place match,1978-06-24,Argentina,1978,"Nelinho@64,Dirceu@72",Franco Causio@38,0,0,1978-0682,3,2-1,1,False,Placement,1970s,El Monumental - Estadio Monumental Antonio Vespuci,Buenos Aires,Brazil,Home win
Netherlands,Italy,2,0,1,0,67433,"El Monumental - Estadio Monumental Antonio Vespuci, Buenos Aires",Second round,1978-06-21,Argentina,1978,"Ernie Brandts@50,Arie Haan@75",,0,1,1978-0683,3,2-1,1,False,Knockout,1970s,El Monumental - Estadio Monumental Antonio Vespuci,Buenos Aires,Netherlands,Home win
Austria,West Germany,3,0,2,0,38318,"Estadio Olï¿½mpico Chateau Carreras, Cordoba",Second round,1978-06-21,Argentina,1978,"Hans Krankl@66,Hans Krankl@87","Karl-Heinz Rummenigge@19,Bernd Hölzenbein@68",1,0,1978-0684,5,3-2,1,False,Knockout,1970s,Estadio Olï¿½mpico Chateau Carreras,Cordoba,Austria,Home win
Brazil,Poland,3,0,1,0,39586,"San Martin, Mendoza",Second round,1978-06-21,Argentina,1978,"Nelinho@12,Roberto Dinamite@57,Roberto Dinamite@63",Grzegorz Lato@45,0,0,1978-0685,4,3-1,2,False,Knockout,1970s,San Martin,Mendoza,Brazil,Home win
Argentina,Peru,6,0,0,0,37315,"Arroyito - Estadio Dr. Lisandro de la Torre, Rosario",Second round,1978-06-21,Argentina,1978,"Mario Kempes@21,Alberto Tarantini@43,Mario Kempes@48,Leopoldo Luque@50,René Houseman@67,Leopoldo Luque@72",,0,0,1978-0686,6,6-0,6,False,Knockout,1970s,Arroyito - Estadio Dr. Lisandro de la Torre,Rosario,Argentina,Home win
Poland,Peru,1,0,0,0,35288,"San Martin, Mendoza",Second round,1978-06-18,Argentina,1978,Andrzej Szarmach@65,,0,0,1978-0687,1,1-0,1,False,Knockout,1970s,San Martin,Mendoza,Poland,Home win
West Germany,Netherlands,2,0,2,0,40750,"Estadio Olï¿½mpico Chateau Carreras, Cordoba",Second round,1978-06-18,Argentina,1978,"Rüdiger Abramczik@3,Dieter Müller@70","Arie Haan@27,René van de Kerkhof@84",0,0,1978-0688,4,2-2,0,False,Knockout,1970s,Estadio Olï¿½mpico Chateau Carreras,Cordoba,Draw,Draw
Italy,Austria,1,0,0,0,66695,"El Monumental - Estadio Monumental Antonio Vespuci, Buenos Aires",Second round,1978-06-18,Argentina,1978,Paolo Rossi@14,,0,0,1978-0689,1,1-0,1,False,Knockout,1970s,El Monumental - Estadio Monumental Antonio Vespuci,Buenos Aires,Italy,Home win
Argentina,Brazil,0,0,0,0,37326,"Arroyito - Estadio Dr. Lisandro de la Torre, Rosario",Second round,1978-06-18,Argentina,1978,,,0,0,1978-0690,0,0-0,0,False,Knockout,1970s,Arroyito - Estadio Dr. Lisandro de la Torre,Rosario,Draw,Draw
Netherlands,Austria,5,0,1,0,25050,"Estadio Olï¿½mpico Chateau Carreras, Cordoba",Second round,1978-06-14,Argentina,1978,"Ernie Brandts@6,Johnny Rep@36,Johnny Rep@53,Willy van de Kerkhof@82,Rob Rensenbrink@35",Erich Obermayer@79,0,0,1978-0691,6,5-1,4,False,Knockout,1970s,Estadio Olï¿½mpico Chateau Carreras,Cordoba,Netherlands,Home win
West Germany,Italy,0,0,0,0,67547,"El Monumental - Estadio Monumental Antonio Vespuci, Buenos Aires",Second round,1978-06-14,Argentina,1978,,,0,0,1978-0692,0,0-0,0,False,Knockout,1970s,El Monumental - Estadio Monumental Antonio Vespuci,Buenos Aires,Draw,Draw
Brazil,Peru,3,0,0,0,31278,"San Martin, Mendoza",Second round,1978-06-14,Argentina,1978,"Dirceu@15,Dirceu@28,Zico@73",,0,0,1978-0693,3,3-0,3,False,Knockout,1970s,San Martin,Mendoza,Brazil,Home win
Argentina,Poland,2,0,0,0,37091,"Arroyito - Estadio Dr. Lisandro de la Torre, Rosario",Second round,1978-06-14,Argentina,1978,"Mario Kempes@16,Mario Kempes@71",,0,0,1978-0694,2,2-0,2,False,Knockout,1970s,Arroyito - Estadio Dr. Lisandro de la Torre,Rosario,Argentina,Home win
Brazil,Austria,1,0,0,0,35221,"Estadio Josï¿½ Marï¿½a Minella, Mar Del Plata",First round,1978-06-11,Argentina,1978,Roberto Dinamite@40,,0,0,1978-0695,1,1-0,1,False,Group,1970s,Estadio Josï¿½ Marï¿½a Minella,Mar Del Plata,Brazil,Home win
Spain,Sweden,1,0,0,0,42132,"Jose Amalfitani, Buenos Aires",First round,1978-06-11,Argentina,1978,Juan Manuel Asensi@75,,0,0,1978-0696,1,1-0,1,False,Group,1970s,Jose Amalfitani,Buenos Aires,Spain,Home win
Peru,IR Iran,4,0,1,0,21262,"Estadio Olï¿½mpico Chateau Carreras, Cordoba",First round,1978-06-11,Argentina,1978,"José Velásquez@2,Teófilo Cubillas@79,Teófilo Cubillas@36,Teófilo Cubillas@39",Hassan Rowshan@41,0,0,1978-0697,5,4-1,3,False,Group,1970s,Estadio Olï¿½mpico Chateau Carreras,Cordoba,Peru,Home win
Scotland,Netherlands,3,0,2,0,35130,"San Martin, Mendoza",First round,1978-06-11,Argentina,1978,"Kenny Dalglish@44,Archie Gemmill@68,Archie Gemmill@47","Johnny Rep@71,Rob Rensenbrink@34",0,0,1978-0698,5,3-2,1,False,Group,1970s,San Martin,Mendoza,Scotland,Home win
France,Hungary,3,0,1,0,23127,"Estadio Josï¿½ Marï¿½a Minella, Mar Del Plata",First round,1978-06-10,Argentina,1978,"Christian Lopez@22,Marc Berdoll@37,Dominique Rocheteau@42",Sándor Zombori@41,0,0,1978-0699,4,3-1,2,False,Group,1970s,Estadio Josï¿½ Marï¿½a Minella,Mar Del Plata,France,Home win
Poland,Mexico,3,0,1,0,22651,"Arroyito - Estadio Dr. Lisandro de la Torre, Rosario",First round,1978-06-10,Argentina,1978,"Zbigniew Boniek@43,Kazimierz Deyna@56,Zbigniew Boniek@84",Víctor Rangel@52,0,0,1978-0700,4,3-1,2,False,Group,1970s,Arroyito - Estadio Dr. Lisandro de la Torre,Rosario,Poland,Home win
Yugoslavia,Zaire,9,0,0,0,31700,"Parkstadion, Gelsenkirchen",First round,1974-06-18,Germany,1974,"Dušan Bajevi@8,Dragan Džaji@14,Ivica Šurjak@18,Josip Katalinski@22,Dušan Bajevi@30,Vladislav Bogievi@35,Branko Oblak@61,Ilija Petkovi@65,Dušan Bajevi@81",,0,0,1974-0701,9,9-0,9,False,Group,1970s,Parkstadion,Gelsenkirchen,Yugoslavia,Home win
Chile,Germany DR,1,0,1,0,28300,"Olympiastadion, Berlin West",First round,1974-06-18,Germany,1974,Sergio Ahumada@69,Martin Hoffmann@55,0,0,1974-0702,2,1-1,0,False,Group,1970s,Olympiastadion,Berlin West,Draw,Draw
Scotland,Brazil,0,0,0,0,62000,"Waldstadion, Frankfurt/Main",First round,1974-06-18,Germany,1974,,,0,0,1974-0703,0,0-0,0,False,Group,1970s,Waldstadion,Frankfurt/Main,Draw,Draw
Uruguay,Netherlands,0,0,2,0,55100,"Niedersachsenstadion, Hanover",First round,1974-06-15,Germany,1974,,"Johnny Rep@7,Johnny Rep@86",0,0,1974-0704,2,0-2,2,False,Group,1970s,Niedersachsenstadion,Hanover,Netherlands,Away win
West Germany,Tunisia,0,0,0,0,30667,"Estadio Olï¿½mpico Chateau Carreras, Cordoba",First round,1978-06-10,Argentina,1978,,,0,0,1978-0705,0,0-0,0,False,Group,1970s,Estadio Olï¿½mpico Chateau Carreras,Cordoba,Draw,Draw
Italy,Argentina,1,0,0,0,71712,"El Monumental - Estadio Monumental Antonio Vespuci, Buenos Aires",First round,1978-06-10,Argentina,1978,Roberto Bettega@67,,0,0,1978-0706,1,1-0,1,False,Group,1970s,El Monumental - Estadio Monumental Antonio Vespuci,Buenos Aires,Italy,Home win
Peru,Morocco,3,0,0,0,13537,"Nou Camp - Estadio Leï¿½n, Leon",Group stage,1970-06-06,Mexico,1970,"Teófilo Cubillas@65,Roberto Challe@67,Teófilo Cubillas@75",,0,0,1970-0707,3,3-0,3,False,Group,1970s,Nou Camp - Estadio Leï¿½n,Leon,Peru,Home win
Belgium,El Salvador,3,0,0,0,92205,"Estadio Azteca, Mexico City",Group stage,1970-06-03,Mexico,1970,"Wilfried Van Moer@12,Wilfried Van Moer@54,Raoul Lambert@79",,0,0,1970-0708,3,3-0,3,False,Group,1970s,Estadio Azteca,Mexico City,Belgium,Home win
Brazil,Czechoslovakia,4,0,1,0,52897,"Jalisco, Guadalajara",Group stage,1970-06-03,Mexico,1970,"Rivellino@24,Pelé@59,Jairzinho@61,Jairzinho@83",Ladislav Petráš@11,0,0,1970-0709,5,4-1,3,False,Group,1970s,Jalisco,Guadalajara,Brazil,Home win
Italy,Sweden,1,0,0,0,13433,"Luis Dosal, Toluca",Group stage,1970-06-03,Mexico,1970,Angelo Domenghini@10,,0,0,1970-0710,1,1-0,1,False,Group,1970s,Luis Dosal,Toluca,Italy,Home win
Italy,Uruguay,2,0,0,0,73303,"Stadio Olimpico, Rome",Round of 16,1990-06-25,Italy,1990,"Salvatore Schillaci@65,Aldo Serena@83",,0,0,1990-0711,2,2-0,2,False,Knockout,1990s,Stadio Olimpico,Rome,Italy,Home win
West Germany,Morocco,2,0,1,0,12942,"Nou Camp - Estadio Leï¿½n, Leon",Group stage,1970-06-03,Mexico,1970,"Uwe Seeler@56,Gerd Müller@80",Houmane Jarir@21,0,0,1970-0712,3,2-1,1,False,Group,1970s,Nou Camp - Estadio Leï¿½n,Leon,West Germany,Home win
England,Romania,1,0,0,0,50560,"Jalisco, Guadalajara",Group stage,1970-06-02,Mexico,1970,Geoff Hurst@65,,0,0,1970-0713,1,1-0,1,False,Group,1970s,Jalisco,Guadalajara,England,Home win
Brazil,Argentina,0,0,1,0,61381,"Stadio delle Alpi, Turin",Round of 16,1990-06-24,Italy,1990,,Claudio Caniggia@81,0,0,1990-0714,1,0-1,1,False,Knockout,1990s,Stadio delle Alpi,Turin,Argentina,Away win
Peru,Bulgaria,3,0,2,0,13765,"Nou Camp - Estadio Leï¿½n, Leon",Group stage,1970-06-02,Mexico,1970,"Alberto Gallardo@50,Héctor Chumpitaz@55,Teófilo Cubillas@73","Dinko Dermendzhiev@13,Hristo Bonev@49",0,0,1970-0715,5,3-2,1,False,Group,1970s,Nou Camp - Estadio Leï¿½n,Leon,Peru,Home win
West Germany,Netherlands,2,0,1,0,74559,"Giuseppe Meazza, Milan",Round of 16,1990-06-24,Italy,1990,"Jürgen Klinsmann@51,Andreas Brehme@85",Ronald Koeman@89,0,0,1990-0716,3,2-1,1,False,Knockout,1990s,Giuseppe Meazza,Milan,West Germany,Home win
Uruguay,Israel,2,0,0,0,20654,"Cuauhtemoc, Puebla",Group stage,1970-06-02,Mexico,1970,"Ildo Maneiro@23,Juan Mujica@50",,0,0,1970-0717,2,2-0,2,False,Group,1970s,Cuauhtemoc,Puebla,Uruguay,Home win
Cameroon,Colombia,2,0,1,0,50026,"San Paolo, Naples",Round of 16,1990-06-23,Italy,1990,"Roger Milla@106,Roger Milla@108",Bernardo Redín@115,0,0,1990-0718,3,2-1,1,False,Knockout,1990s,San Paolo,Naples,Cameroon,Home win
Mexico,Soviet Union,0,0,0,0,107160,"Estadio Azteca, Mexico City",Group stage,1970-05-31,Mexico,1970,,,0,0,1970-0719,0,0-0,0,False,Group,1970s,Estadio Azteca,Mexico City,Draw,Draw
England,West Germany,4,0,2,0,96924,"Wembley Stadium, London",Final,1966-07-30,England,1966,"Geoff Hurst@18,Martin Peters@78,Geoff Hurst@101,Geoff Hurst@120","Helmut Haller@12,Wolfgang Weber@89",0,0,1966-0720,6,4-2,2,False,Final,1960s,Wembley Stadium,London,England,Home win
Portugal,Soviet Union,2,0,1,0,87696,"Wembley Stadium, London",Third-place match,1966-07-28,England,1966,"José Augusto Torres@89,Eusébio@12",Eduard Malofeyev@43,0,0,1966-0721,3,2-1,1,False,Placement,1960s,Wembley Stadium,London,Portugal,Home win
England,Portugal,2,0,1,0,94493,"Wembley Stadium, London",Semi-finals,1966-07-26,England,1966,"Bobby Charlton@30,Bobby Charlton@80",Eusébio@82,0,0,1966-0722,3,2-1,1,False,Knockout,1960s,Wembley Stadium,London,England,Home win
West Germany,Soviet Union,2,0,1,0,38273,"Goodison Park, Liverpool",Semi-finals,1966-07-25,England,1966,"Helmut Haller@43,Franz Beckenbauer@67",Valeriy Porkujan@88,0,0,1966-0723,3,2-1,1,False,Knockout,1960s,Goodison Park,Liverpool,West Germany,Home win
Portugal,Korea DPR,5,0,3,0,40248,"Goodison Park, Liverpool",Quarter-finals,1966-07-23,England,1966,"Eusébio@27,Eusébio@56,José Augusto de Almeida@80,Eusébio@43,Eusébio@59","Pak Seung-zin@1,Li Dong-woon@22,Yang Seung-kook@25",0,0,1966-0724,8,5-3,2,False,Knockout,1960s,Goodison Park,Liverpool,Portugal,Home win
England,Argentina,1,0,0,0,90584,"Wembley Stadium, London",Quarter-finals,1966-07-23,England,1966,Geoff Hurst@78,,0,0,1966-0725,1,1-0,1,False,Knockout,1960s,Wembley Stadium,London,England,Home win
Soviet Union,Hungary,2,0,1,0,26844,"Roker Park Ground, Sunderland",Quarter-finals,1966-07-23,England,1966,"Igor Chislenko@5,Valeriy Porkujan@46",Ferenc Bene@57,0,0,1966-0726,3,2-1,1,False,Knockout,1960s,Roker Park Ground,Sunderland,Soviet Union,Home win
West Germany,Uruguay,4,0,0,0,40007,"Hillsborough, Sheffield",Quarter-finals,1966-07-23,England,1966,"Helmut Haller@11,Franz Beckenbauer@70,Uwe Seeler@75,Helmut Haller@83",,0,0,1966-0727,4,4-0,4,False,Knockout,1960s,Hillsborough,Sheffield,West Germany,Home win
England,France,2,0,0,0,98270,"Wembley Stadium, London",Group stage,1966-07-20,England,1966,"Roger Hunt@38,Roger Hunt@75",,0,0,1966-0728,2,2-0,2,False,Group,1960s,Wembley Stadium,London,England,Home win
Hungary,Bulgaria,3,0,1,0,24129,"Old Trafford Stadium, Manchester",Group stage,1966-07-20,England,1966,"Kálmán Mészöly@45,Ferenc Bene@54",Georgi Asparuhov@15,1,0,1966-0729,4,3-1,2,False,Group,1960s,Old Trafford Stadium,Manchester,Hungary,Home win
West Germany,Spain,2,0,1,0,42187,"Villa Park, Birmingham",Group stage,1966-07-20,England,1966,"Lothar Emmerich@38,Uwe Seeler@84",Josep Maria Fusté@22,0,0,1966-0730,3,2-1,1,False,Group,1960s,Villa Park,Birmingham,West Germany,Home win
Soviet Union,Chile,2,0,1,0,16027,"Roker Park Ground, Sunderland",Group stage,1966-07-20,England,1966,"Valeriy Porkujan@28,Valeriy Porkujan@85",Rubén Marcos@32,0,0,1966-0731,3,2-1,1,False,Group,1960s,Roker Park Ground,Sunderland,Soviet Union,Home win
Uruguay,Mexico,0,0,0,0,61112,"Wembley Stadium, London",Group stage,1966-07-19,England,1966,,,0,0,1966-0732,0,0-0,0,False,Group,1960s,Wembley Stadium,London,Draw,Draw
Argentina,Switzerland,2,0,0,0,32127,"Hillsborough, Sheffield",Group stage,1966-07-19,England,1966,"Luis Artime@53,Ermindo Onega@81",,0,0,1966-0733,2,2-0,2,False,Group,1960s,Hillsborough,Sheffield,Argentina,Home win
Portugal,Brazil,3,0,1,0,58479,"Goodison Park, Liverpool",Group stage,1966-07-19,England,1966,"António Simões@15,Eusébio@27,Eusébio@85",Rildo da Costa Menezes@73,0,0,1966-0734,4,3-1,2,False,Group,1960s,Goodison Park,Liverpool,Portugal,Home win
Korea DPR,Italy,1,0,0,0,17829,"Ayresome Park, Middlesbrough",Group stage,1966-07-19,England,1966,Pak Doo-ik@42,,0,0,1966-0735,1,1-0,1,False,Group,1960s,Ayresome Park,Middlesbrough,Korea DPR,Home win
West Germany,Argentina,0,0,0,0,46587,"Villa Park, Birmingham",Group stage,1966-07-16,England,1966,,,0,0,1966-0736,0,0-0,0,False,Group,1960s,Villa Park,Birmingham,Draw,Draw
Czechoslovakia,Costa Rica,4,0,1,0,47673,"Stadio San Nicola, Bari",Round of 16,1990-06-23,Italy,1990,"Tomáš Skuhravý@12,Tomáš Skuhravý@63,Luboš Kubík@76,Tomáš Skuhravý@82",Rónald González Brenes@55,0,0,1990-0737,5,4-1,3,False,Knockout,1990s,Stadio San Nicola,Bari,Czechoslovakia,Home win
Soviet Union,Italy,1,0,0,0,27793,"Roker Park Ground, Sunderland",Group stage,1966-07-16,England,1966,Igor Chislenko@57,,0,0,1966-0738,1,1-0,1,False,Group,1960s,Roker Park Ground,Sunderland,Soviet Union,Home win
Belgium,Spain,1,0,2,0,35950,"Marc Antonio Bentegodi, Verona",Group stage,1990-06-21,Italy,1990,Patrick Vervoort@29,"Alberto Górriz@38,Míchel@26",0,0,1990-0739,3,1-2,1,False,Group,1990s,Marc Antonio Bentegodi,Verona,Spain,Away win
Portugal,Bulgaria,3,0,0,0,25438,"Old Trafford Stadium, Manchester",Group stage,1966-07-16,England,1966,"Eusébio@38,José Augusto Torres@81",,1,0,1966-0740,3,3-0,3,False,Group,1960s,Old Trafford Stadium,Manchester,Portugal,Home win
Korea Republic,Uruguay,0,0,1,0,29039,"Friuli, Udine",Group stage,1990-06-21,Italy,1990,,Daniel Fonseca@90,0,0,1990-0741,1,0-1,1,False,Group,1990s,Friuli,Udine,Uruguay,Away win
England,Mexico,2,0,0,0,92570,"Wembley Stadium, London",Group stage,1966-07-16,England,1966,"Bobby Charlton@37,Roger Hunt@75",,0,0,1966-0742,2,2-0,2,False,Group,1960s,Wembley Stadium,London,England,Home win
Republic of Ireland,Netherlands,1,0,1,0,33288,"Della Favorita, Palermo",Group stage,1990-06-21,Italy,1990,Niall Quinn@71,Ruud Gullit@11,0,0,1990-0743,2,1-1,0,False,Group,1990s,Della Favorita,Palermo,Draw,Draw
Spain,Switzerland,2,0,1,0,32028,"Hillsborough, Sheffield",Group stage,1966-07-15,England,1966,"Manuel Sanchís@57,Amancio Amaro@75",René-Pierre Quentin@28,0,0,1966-0744,3,2-1,1,False,Group,1960s,Hillsborough,Sheffield,Spain,Home win
Uruguay,France,2,0,1,0,45662,"White City, London",Group stage,1966-07-15,England,1966,"Pedro Rocha@26,Julio César Cortés@31",Héctor De Bourgoing@15,0,0,1966-0745,3,2-1,1,False,Group,1960s,White City,London,Uruguay,Home win
Hungary,Brazil,3,0,1,0,51387,"Goodison Park, Liverpool",Group stage,1966-07-15,England,1966,"Ferenc Bene@2,János Farkas@64,Kálmán Mészöly@73",Tostão@14,0,0,1966-0746,4,3-1,2,False,Group,1960s,Goodison Park,Liverpool,Hungary,Home win
Korea DPR,Chile,1,0,1,0,13792,"Ayresome Park, Middlesbrough",Group stage,1966-07-15,England,1966,Pak Seung-zin@88,Rubén Marcos@26,0,0,1966-0747,2,1-1,0,False,Group,1960s,Ayresome Park,Middlesbrough,Draw,Draw
Argentina,Spain,2,0,1,0,42738,"Villa Park, Birmingham",Group stage,1966-07-13,England,1966,"Luis Artime@65,Luis Artime@79",Pirri@71,0,0,1966-0748,3,2-1,1,False,Group,1960s,Villa Park,Birmingham,Argentina,Home win
France,Mexico,1,0,1,0,69237,"Wembley Stadium, London",Group stage,1966-07-13,England,1966,Gérard Hausser@62,Enrique Borja@48,0,0,1966-0749,2,1-1,0,False,Group,1960s,Wembley Stadium,London,Draw,Draw
Italy,Chile,2,0,0,0,27199,"Roker Park Ground, Sunderland",Group stage,1966-07-13,England,1966,"Sandro Mazzola@8,Paolo Barison@88",,0,0,1966-0750,2,2-0,2,False,Group,1960s,Roker Park Ground,Sunderland,Italy,Home win
Portugal,Hungary,3,0,1,0,29886,"Old Trafford Stadium, Manchester",Group stage,1966-07-13,England,1966,"José Augusto de Almeida@2,José Augusto de Almeida@67,José Augusto Torres@90",Ferenc Bene@60,0,0,1966-0751,4,3-1,2,False,Group,1960s,Old Trafford Stadium,Manchester,Portugal,Home win
Brazil,Bulgaria,2,0,0,0,47308,"Goodison Park, Liverpool",Group stage,1966-07-12,England,1966,"Pelé@15,Garrincha@63",,0,0,1966-0752,2,2-0,2,False,Group,1960s,Goodison Park,Liverpool,Brazil,Home win
Soviet Union,Korea DPR,3,0,0,0,23006,"Ayresome Park, Middlesbrough",Group stage,1966-07-12,England,1966,"Eduard Malofeyev@31,Anatoliy Banishevskiy@33,Eduard Malofeyev@88",,0,0,1966-0753,3,3-0,3,False,Group,1960s,Ayresome Park,Middlesbrough,Soviet Union,Home win
West Germany,Switzerland,5,0,0,0,36127,"Hillsborough, Sheffield",Group stage,1966-07-12,England,1966,"Sigfried Held@15,Helmut Haller@20,Franz Beckenbauer@39,Franz Beckenbauer@52,Helmut Haller@77",,0,0,1966-0754,5,5-0,5,False,Group,1960s,Hillsborough,Sheffield,West Germany,Home win
England,Uruguay,0,0,0,0,87148,"Wembley Stadium, London",Group stage,1966-07-11,England,1966,,,0,0,1966-0755,0,0-0,0,False,Group,1960s,Wembley Stadium,London,Draw,Draw
England,Egypt,1,0,0,0,34959,"Sant Elia, Cagliari",Group stage,1990-06-21,Italy,1990,Mark Wright@58,,0,0,1990-0756,1,1-0,1,False,Group,1990s,Sant Elia,Cagliari,England,Home win
Sweden,Costa Rica,1,0,2,0,30223,"Luigi Ferraris, Genoa",Group stage,1990-06-20,Italy,1990,Johnny Ekström@32,"Róger Flores@75,Hernán Medford@87",0,0,1990-0757,3,1-2,1,False,Group,1990s,Luigi Ferraris,Genoa,Costa Rica,Away win
Brazil,Scotland,1,0,0,0,62502,"Stadio delle Alpi, Turin",Group stage,1990-06-20,Italy,1990,Müller@81,,0,0,1990-0758,1,1-0,1,False,Group,1990s,Stadio delle Alpi,Turin,Brazil,Home win
West Germany,Colombia,1,0,1,0,72510,"Giuseppe Meazza, Milan",Group stage,1990-06-19,Italy,1990,Pierre Littbarski@88,Freddy Rincón@90,0,0,1990-0759,2,1-1,0,False,Group,1990s,Giuseppe Meazza,Milan,Draw,Draw
Brazil,Czechoslovakia,3,0,1,0,68679,"Nacional, Santiago De Chile",Final,1962-06-17,Chile,1962,"Amarildo Tavares da Silveira@17,Zito@69,Vavá@78",Josef Masopust@15,0,0,1962-0760,4,3-1,2,False,Final,1960s,Nacional,Santiago De Chile,Brazil,Home win
Chile,Yugoslavia,1,0,0,0,66697,"Nacional, Santiago De Chile",Third-place match,1962-06-16,Chile,1962,Eladio Rojas@90,,0,0,1962-0761,1,1-0,1,False,Placement,1960s,Nacional,Santiago De Chile,Chile,Home win
Brazil,Chile,4,0,2,0,76594,"Nacional, Santiago De Chile",Semi-finals,1962-06-13,Chile,1962,"Garrincha@9,Garrincha@32,Vavá@47,Vavá@78","Jorge Toro@42,Leonel Sánchez@61",0,0,1962-0762,6,4-2,2,False,Knockout,1960s,Nacional,Santiago De Chile,Brazil,Home win
Yugoslavia,United Arab Emirates,4,0,1,0,27833,"Renato Dall Ara, Bologna",Group stage,1990-06-19,Italy,1990,"Safet Suši@5,Darko Panev@9,Darko Panev@46,Robert Prosinecki@90",Ali Thani Jumaa@22,0,0,1990-0763,5,4-1,3,False,Group,1990s,Renato Dall Ara,Bologna,Yugoslavia,Home win
Czechoslovakia,Yugoslavia,3,0,1,0,5890,"Estadio Sausalito, Vina Del Mar",Semi-finals,1962-06-13,Chile,1962,"Josef Kadraba@48,Adolf Scherer@80,Adolf Scherer@84",Dražan Jerkovi@69,0,0,1962-0764,4,3-1,2,False,Knockout,1960s,Estadio Sausalito,Vina Del Mar,Czechoslovakia,Home win
Austria,United States,2,0,1,0,34857,"Comunale, Florence",Group stage,1990-06-19,Italy,1990,"Andreas Ogris@49,Gerhard Rodax@63",Bruce Murray@83,0,0,1990-0765,3,2-1,1,False,Group,1990s,Comunale,Florence,Austria,Home win
Chile,Soviet Union,2,0,1,0,17268,"Carlos Dittborn, Arica",Quarter-finals,1962-06-10,Chile,1962,"Leonel Sánchez@11,Eladio Rojas@29",Igor Chislenko@26,0,0,1962-0766,3,2-1,1,False,Knockout,1960s,Carlos Dittborn,Arica,Chile,Home win
Brazil,France,5,0,2,0,27100,"Rasunda Stadium, Solna",Semi-finals,1958-06-24,Sweden,1958,"Vavá@2,Didi@39,Pelé@52,Pelé@64,Pelé@75","Just Fontaine@9,Roger Piantoni@83",0,0,1958-0767,7,5-2,3,False,Knockout,1950s,Rasunda Stadium,Solna,Brazil,Home win
Brazil,England,3,0,1,0,17736,"Estadio Sausalito, Vina Del Mar",Quarter-finals,1962-06-10,Chile,1962,"Garrincha@31,Vavá@53,Garrincha@59",Gerry Hitchens@38,0,0,1962-0768,4,3-1,2,False,Knockout,1960s,Estadio Sausalito,Vina Del Mar,Brazil,Home win
France,Northern Ireland,4,0,0,0,11800,"Idrottsparken, Norrkï¿½Ping",Quarter-finals,1958-06-19,Sweden,1958,"Maryan Wisnieski@44,Just Fontaine@55,Just Fontaine@63,Roger Piantoni@68",,0,0,1958-0769,4,4-0,4,False,Knockout,1950s,Idrottsparken,Norrkï¿½Ping,France,Home win
Czechoslovakia,Hungary,1,0,0,0,11690,"Estadio El Teniente-Codelco, Rancagua",Quarter-finals,1962-06-10,Chile,1962,Adolf Scherer@13,,0,0,1962-0770,1,1-0,1,False,Knockout,1960s,Estadio El Teniente-Codelco,Rancagua,Czechoslovakia,Home win
West Germany,Yugoslavia,1,0,0,0,20055,"Malmo Stadion, Malmï¿½",Quarter-finals,1958-06-19,Sweden,1958,Helmut Rahn@12,,0,0,1958-0771,1,1-0,1,False,Knockout,1950s,Malmo Stadion,Malmï¿½,West Germany,Home win
Yugoslavia,West Germany,1,0,0,0,63324,"Nacional, Santiago De Chile",Quarter-finals,1962-06-10,Chile,1962,Petar Radakovi@85,,0,0,1962-0772,1,1-0,1,False,Knockout,1960s,Nacional,Santiago De Chile,Yugoslavia,Home win
England,Bulgaria,0,0,0,0,5700,"Estadio El Teniente-Codelco, Rancagua",Group stage,1962-06-07,Chile,1962,,,0,0,1962-0773,0,0-0,0,False,Group,1960s,Estadio El Teniente-Codelco,Rancagua,Draw,Draw
Netherlands,Côte d'Ivoire,2,0,1,0,52000,"Mercedes-Benz Arena, Stuttgart",Group stage,2006-06-16,Germany,2006,"Robin van Persie@23,Ruud van Nistelrooy@27",Bakari Koné@38,0,0,2006-0774,3,2-1,1,False,Group,2000s,Mercedes-Benz Arena,Stuttgart,Netherlands,Home win
Mexico,Angola,0,0,0,0,43000,"HDI-Arena, Hannover",Group stage,2006-06-16,Germany,2006,,,0,0,2006-0775,0,0-0,0,False,Group,2000s,HDI-Arena,Hannover,Draw,Draw
Ecuador,Costa Rica,3,0,0,0,50000,"Veltins-Arena, Gelsenkirchen",Group stage,2006-06-15,Germany,2006,"Carlos Tenorio@8,Agustín Delgado@54,Iván Kaviedes@90+2",,0,0,2006-0776,3,3-0,3,False,Group,2000s,Veltins-Arena,Gelsenkirchen,Ecuador,Home win
England,Trinidad and Tobago,2,0,0,0,41000,"Max-Morlock-Stadion, Nürnberg",Group stage,2006-06-15,Germany,2006,"Peter Crouch@83,Steven Gerrard@90+1",,0,0,2006-0777,2,2-0,2,False,Group,2000s,Max-Morlock-Stadion,Nürnberg,England,Home win
Brazil,Wales,1,0,0,0,25923,"Nya Ullevi, Gothenburg",Quarter-finals,1958-06-19,Sweden,1958,Pelé@66,,0,0,1958-0778,1,1-0,1,False,Knockout,1950s,Nya Ullevi,Gothenburg,Brazil,Home win
Sweden,Soviet Union,2,0,0,0,31900,"Rasunda Stadium, Solna",Quarter-finals,1958-06-19,Sweden,1958,"Kurt Hamrin@49,Agne Simonsson@88",,0,0,1958-0779,2,2-0,2,False,Knockout,1950s,Rasunda Stadium,Solna,Sweden,Home win
Northern Ireland,Czechoslovakia,2,0,1,0,6196,"Malmo Stadion, Malmï¿½",Group stage play-off,1958-06-17,Sweden,1958,"Peter McParland@44,Peter McParland@99",Zdenk Zikán@19,0,0,1958-0780,3,2-1,1,False,Group,1950s,Malmo Stadion,Malmï¿½,Northern Ireland,Home win
Wales,Hungary,2,0,1,0,2823,"Rasunda Stadium, Solna",Group stage play-off,1958-06-17,Sweden,1958,"Ivor Allchurch@55,Terry Medwin@76",Lajos Tichy@33,0,0,1958-0781,3,2-1,1,False,Group,1950s,Rasunda Stadium,Solna,Wales,Home win
Soviet Union,England,1,0,0,0,23182,"Nya Ullevi, Gothenburg",Group stage play-off,1958-06-17,Sweden,1958,Anatoli Ilyin@68,,0,0,1958-0782,1,1-0,1,False,Group,1950s,Nya Ullevi,Gothenburg,Soviet Union,Home win
Sweden,Wales,0,0,0,0,30287,"Rasunda Stadium, Solna",Group stage,1958-06-15,Sweden,1958,,,0,0,1958-0783,0,0-0,0,False,Group,1950s,Rasunda Stadium,Solna,Draw,Draw
Paraguay,Yugoslavia,3,0,3,0,13103,"Tunavallen, Eskilstuna",Group stage,1958-06-15,Sweden,1958,"José Parodi@20,Juan Bautista Agüero@49,Jorge Lino Romero@80","Radivoje Ognjanovi@12,Todor Veselinovi@29,Zdravko Rajkov@73",0,0,1958-0784,6,3-3,0,False,Group,1950s,Tunavallen,Eskilstuna,Draw,Draw
West Germany,Northern Ireland,2,0,2,0,21990,"Malmo Stadion, Malmï¿½",Group stage,1958-06-15,Sweden,1958,"Helmut Rahn@20,Uwe Seeler@79","Peter McParland@19,Peter McParland@60",0,0,1958-0785,4,2-2,0,False,Group,1950s,Malmo Stadion,Malmï¿½,Draw,Draw
Czechoslovakia,Argentina,6,0,1,0,16418,"Olympia Stadium, Helsingborg",Group stage,1958-06-15,Sweden,1958,"Milan Dvoák@8,Zdenk Zikán@17,Zdenk Zikán@40,Jií Feureisl@69,Václav Hovorka@82,Václav Hovorka@89",Oreste Corbatta@65,0,0,1958-0786,7,6-1,5,False,Group,1950s,Olympia Stadium,Helsingborg,Czechoslovakia,Home win
England,Austria,2,0,2,0,15872,"Ryavallen, Boras",Group stage,1958-06-15,Sweden,1958,"Johnny Haynes@56,Derek Kevan@73","Karl Koller@16,Alfred Körner@70",0,0,1958-0787,4,2-2,0,False,Group,1950s,Ryavallen,Boras,Draw,Draw
Brazil,Soviet Union,2,0,0,0,50928,"Nya Ullevi, Gothenburg",Group stage,1958-06-15,Sweden,1958,"Vavá@3,Vavá@77",,0,0,1958-0788,2,2-0,2,False,Group,1950s,Nya Ullevi,Gothenburg,Brazil,Home win
Hungary,Mexico,4,0,0,0,13300,"Jarnvallen, Sandviken",Group stage,1958-06-15,Sweden,1958,"Lajos Tichy@19,Lajos Tichy@46,Károly Sándor@54,József Bencsics@69",,0,0,1958-0789,4,4-0,4,False,Group,1950s,Jarnvallen,Sandviken,Hungary,Home win
France,Scotland,2,0,1,0,13554,"Eyravallen, Orebro",Group stage,1958-06-15,Sweden,1958,"Raymond Kopa@22,Just Fontaine@44",Sammy Baird@66,0,0,1958-0790,3,2-1,1,False,Group,1950s,Eyravallen,Orebro,France,Home win
Sweden,Hungary,2,0,1,0,38850,"Rasunda Stadium, Solna",Group stage,1958-06-12,Sweden,1958,"Kurt Hamrin@34,Kurt Hamrin@55",Lajos Tichy@77,0,0,1958-0791,3,2-1,1,False,Group,1950s,Rasunda Stadium,Solna,Sweden,Home win
Soviet Union,Austria,2,0,0,0,21239,"Ryavallen, Boras",Group stage,1958-06-11,Sweden,1958,"Anatoli Ilyin@15,Valentin Kozmich Ivanov@63",,0,0,1958-0792,2,2-0,2,False,Group,1950s,Ryavallen,Boras,Soviet Union,Home win
West Germany,Czechoslovakia,2,0,2,0,25000,"Olympia Stadium, Helsingborg",Group stage,1958-06-11,Sweden,1958,"Hans Schäfer@59,Helmut Rahn@70","Zdenk Zikán@43,Milan Dvoák@24",0,0,1958-0793,4,2-2,0,False,Group,1950s,Olympia Stadium,Helsingborg,Draw,Draw
Argentina,Northern Ireland,3,0,1,0,14174,"Orjans Vall, Halmstad",Group stage,1958-06-11,Sweden,1958,"Norberto Menéndez@55,Ludovico Avio@59,Oreste Corbatta@38",Peter McParland@3,0,0,1958-0794,4,3-1,2,False,Group,1950s,Orjans Vall,Halmstad,Argentina,Home win
Yugoslavia,France,3,0,2,0,12217,"Arosvallen, Vasteras",Group stage,1958-06-11,Sweden,1958,"Aleksandar Petakovi@16,Todor Veselinovi@63,Todor Veselinovi@88","Just Fontaine@4,Just Fontaine@85",0,0,1958-0795,5,3-2,1,False,Group,1950s,Arosvallen,Vasteras,Yugoslavia,Home win
Paraguay,Scotland,3,0,2,0,11665,"Idrottsparken, Norrkï¿½Ping",Group stage,1958-06-11,Sweden,1958,"Juan Bautista Agüero@4,Cayetano Ré@45,José Parodi@73","Jackie Mudie@24,Bobby Collins@76",0,0,1958-0796,5,3-2,1,False,Group,1950s,Idrottsparken,Norrkï¿½Ping,Paraguay,Home win
Brazil,England,0,0,0,0,40895,"Nya Ullevi, Gothenburg",Group stage,1958-06-11,Sweden,1958,,,0,0,1958-0797,0,0-0,0,False,Group,1950s,Nya Ullevi,Gothenburg,Draw,Draw
Mexico,Wales,1,0,1,0,15150,"Rasunda Stadium, Solna",Group stage,1958-06-11,Sweden,1958,Jaime Belmonte@89,Ivor Allchurch@32,0,0,1958-0798,2,1-1,0,False,Group,1950s,Rasunda Stadium,Solna,Draw,Draw
Sweden,Mexico,3,0,0,0,34107,"Rasunda Stadium, Solna",Group stage,1958-06-08,Sweden,1958,"Agne Simonsson@17,Agne Simonsson@64,Nils Liedholm@57",,0,0,1958-0799,3,3-0,3,False,Group,1950s,Rasunda Stadium,Solna,Sweden,Home win
Northern Ireland,Czechoslovakia,1,0,0,0,10647,"Orjans Vall, Halmstad",Group stage,1958-06-08,Sweden,1958,Wilbur Cush@20,,0,0,1958-0800,1,1-0,1,False,Group,1950s,Orjans Vall,Halmstad,Northern Ireland,Home win
Hungary,Wales,1,0,1,0,15343,"Jarnvallen, Sandviken",Group stage,1958-06-08,Sweden,1958,József Bozsik@5,John Charles@27,0,0,1958-0801,2,1-1,0,False,Group,1950s,Jarnvallen,Sandviken,Draw,Draw
Yugoslavia,Scotland,1,0,1,0,9591,"Arosvallen, Vasteras",Group stage,1958-06-08,Sweden,1958,Aleksandar Petakovi@6,Jimmy Murray@49,0,0,1958-0802,2,1-1,0,False,Group,1950s,Arosvallen,Vasteras,Draw,Draw
Brazil,Austria,3,0,0,0,17788,"Rimnersvallen, Udevalla",Group stage,1958-06-08,Sweden,1958,"José Altafini@38,Nílton Santos@49,José Altafini@89",,0,0,1958-0803,3,3-0,3,False,Group,1950s,Rimnersvallen,Udevalla,Brazil,Home win
Soviet Union,England,2,0,2,0,49348,"Nya Ullevi, Gothenburg",Group stage,1958-06-08,Sweden,1958,"Nikita Simonyan@13,Aleksandr Ivanov@55","Derek Kevan@66,Tom Finney@85",0,0,1958-0804,4,2-2,0,False,Group,1950s,Nya Ullevi,Gothenburg,Draw,Draw
France,Paraguay,7,0,3,0,16518,"Idrottsparken, Norrkï¿½Ping",Group stage,1958-06-08,Sweden,1958,"Just Fontaine@24,Just Fontaine@30,Roger Piantoni@52,Maryan Wisnieski@61,Just Fontaine@67,Raymond Kopa@70,Jean Vincent@83","Florencio Amarilla@20,Jorge Lino Romero@50,Florencio Amarilla@44",0,0,1958-0805,10,7-3,4,False,Group,1950s,Idrottsparken,Norrkï¿½Ping,France,Home win
Argentina,West Germany,1,0,3,0,31156,"Malmo Stadion, Malmï¿½",Group stage,1958-06-08,Sweden,1958,Oreste Corbatta@2,"Helmut Rahn@32,Uwe Seeler@40,Helmut Rahn@79",0,0,1958-0806,4,1-3,2,False,Group,1950s,Malmo Stadion,Malmï¿½,West Germany,Away win
Germany,Hungary,3,0,2,0,62500,"Wankdorf Stadium, Berne",Final,1954-07-04,Switzerland,1954,"Max Morlock@10,Helmut Rahn@18,Helmut Rahn@84","Ferenc Puskás@6,Zoltán Czibor@8",0,0,1954-0807,5,3-2,1,False,Final,1950s,Wankdorf Stadium,Berne,Germany,Home win
Austria,Uruguay,3,0,1,0,32000,"Hardturm, Zurich",Third-place match,1954-07-03,Switzerland,1954,"Ernst Ocwirk@79,Ernst Stojaspal@16",Juan Hohberg@22,1,0,1954-0808,4,3-1,2,False,Placement,1950s,Hardturm,Zurich,Austria,Home win
Hungary,Uruguay,4,0,2,0,45000,"La Pontaise, Lausanne",Semi-finals,1954-06-30,Switzerland,1954,"Zoltán Czibor@12,Nándor Hidegkuti@47,Sándor Kocsis@109,Sándor Kocsis@116","Juan Hohberg@75,Juan Hohberg@86",0,0,1954-0809,6,4-2,2,False,Knockout,1950s,La Pontaise,Lausanne,Hungary,Home win
Germany,Austria,6,0,1,0,58000,"St. Jakob, Basel",Semi-finals,1954-06-30,Switzerland,1954,"Hans Schäfer@31,Max Morlock@47,Ottmar Walter@61,Ottmar Walter@89,Fritz Walter@54,Fritz Walter@64",Erich Probst@51,0,0,1954-0810,7,6-1,5,False,Knockout,1950s,St. Jakob,Basel,Germany,Home win
Germany,Yugoslavia,2,0,0,0,17000,"Charmilles, Geneva",Quarter-finals,1954-06-27,Switzerland,1954,Helmut Rahn@85,,1,0,1954-0811,2,2-0,2,False,Knockout,1950s,Charmilles,Geneva,Germany,Home win
Hungary,Brazil,4,0,2,0,40000,"Wankdorf Stadium, Berne",Quarter-finals,1954-06-27,Switzerland,1954,"Nándor Hidegkuti@4,Sándor Kocsis@7,Sándor Kocsis@88,Mihály Lantos@60","Júlio Botelho@65,Djalma Santos@18",0,0,1954-0812,6,4-2,2,False,Knockout,1950s,Wankdorf Stadium,Berne,Hungary,Home win
Uruguay,England,4,0,2,0,28000,"St. Jakob, Basel",Quarter-finals,1954-06-26,Switzerland,1954,"Carlos Borges@5,Obdulio Varela@39,Juan Alberto Schiaffino@46,Javier Ambrois@78","Nat Lofthouse@16,Tom Finney@67",0,0,1954-0813,6,4-2,2,False,Knockout,1950s,St. Jakob,Basel,Uruguay,Home win
Switzerland,Austria,5,0,7,0,35000,"La Pontaise, Lausanne",Quarter-finals,1954-06-26,Switzerland,1954,"Robert Ballaman@16,Josef Hügi@17,Josef Hügi@19,Robert Ballaman@39,Josef Hügi@60","Theodor Wagner@25,Alfred Körner@26,Theodor Wagner@27,Ernst Ocwirk@32,Alfred Körner@34,Theodor Wagner@53,Erich Probst@76",0,0,1954-0814,12,5-7,2,False,Knockout,1950s,La Pontaise,Lausanne,Austria,Away win
Germany,Türkiye,7,0,2,0,17000,"Hardturm, Zurich",Group stage play-off,1954-06-23,Switzerland,1954,"Ottmar Walter@7,Hans Schäfer@12,Max Morlock@30,Max Morlock@60,Fritz Walter@62,Max Morlock@77,Hans Schäfer@79","Mustafa Ertan@21,Lefter Küçükandonyadis@82",0,0,1954-0815,9,7-2,5,False,Group,1950s,Hardturm,Zurich,Germany,Home win
Switzerland,Italy,4,0,1,0,30000,"St. Jakob, Basel",Group stage play-off,1954-06-23,Switzerland,1954,"Josef Hügi@14,Robert Ballaman@48,Josef Hügi@85,Jacques Fatton@90",Fulvio Nesti@67,0,0,1954-0816,5,4-1,3,False,Group,1950s,St. Jakob,Basel,Switzerland,Home win
Hungary,Germany,8,0,3,0,56000,"St. Jakob, Basel",Group stage,1954-06-20,Switzerland,1954,"Sándor Kocsis@3,Ferenc Puskás@17,Sándor Kocsis@21,Nándor Hidegkuti@52,Nándor Hidegkuti@54,Sándor Kocsis@69,József Tóth@75,Sándor Kocsis@78","Alfred Pfaff@25,Helmut Rahn@77,Richard Herrmann@84",0,0,1954-0817,11,8-3,5,False,Group,1950s,St. Jakob,Basel,Hungary,Home win
Sweden,Bulgaria,0,0,0,0,23800,"Rheinstadion, Dï¿½Sseldorf",First round,1974-06-15,Germany,1974,,,0,0,1974-0818,0,0-0,0,False,Group,1970s,Rheinstadion,Dï¿½Sseldorf,Draw,Draw
Türkiye,Korea Republic,7,0,0,0,4000,"Charmilles, Geneva",Group stage,1954-06-20,Switzerland,1954,"Suat Mamat@10,Lefter Küçükandonyadis@18,Suat Mamat@30,Burhan Sargun@37,Burhan Sargun@64,Burhan Sargun@70,Erol Keskin@76",,0,0,1954-0819,7,7-0,7,False,Group,1950s,Charmilles,Geneva,Türkiye,Home win
Italy,Belgium,4,0,1,0,24000,"Comunale di Cornaredo, Lugano",Group stage,1954-06-20,Switzerland,1954,"Carlo Galli@48,Amleto Frignani@58,Benito Lorenzi@78,Egisto Pandolfini@41",Léopold Anoul@81,0,0,1954-0820,5,4-1,3,False,Group,1950s,Comunale di Cornaredo,Lugano,Italy,Home win
Switzerland,England,0,0,2,0,43500,"Wankdorf Stadium, Berne",Group stage,1954-06-20,Switzerland,1954,,"Jimmy Mullen@43,Dennis Wilshaw@69",0,0,1954-0821,2,0-2,2,False,Group,1950s,Wankdorf Stadium,Berne,England,Away win
Uruguay,Scotland,7,0,0,0,34000,"St. Jakob, Basel",Group stage,1954-06-19,Switzerland,1954,"Carlos Borges@17,Óscar Míguez@30,Carlos Borges@47,Julio Abbadie@54,Carlos Borges@57,Óscar Míguez@83,Julio Abbadie@85",,0,0,1954-0822,7,7-0,7,False,Group,1950s,St. Jakob,Basel,Uruguay,Home win
Brazil,Yugoslavia,1,0,1,0,24637,"La Pontaise, Lausanne",Group stage,1954-06-19,Switzerland,1954,Didi@69,Branko Zebec@48,0,0,1954-0823,2,1-1,0,False,Group,1950s,La Pontaise,Lausanne,Draw,Draw
Austria,Czechoslovakia,5,0,0,0,26000,"Hardturm, Zurich",Group stage,1954-06-19,Switzerland,1954,"Ernst Stojaspal@3,Erich Probst@4,Erich Probst@21,Erich Probst@24,Ernst Stojaspal@65",,0,0,1954-0824,5,5-0,5,False,Group,1950s,Hardturm,Zurich,Austria,Home win
France,Mexico,3,0,2,0,19000,"Charmilles, Geneva",Group stage,1954-06-19,Switzerland,1954,"Jean Vincent@19,Raymond Kopa@88","José Luis Lamadrid@54,Tomás Balcázar@85",1,0,1954-0825,5,3-2,1,False,Group,1950s,Charmilles,Geneva,France,Home win
Switzerland,Italy,2,0,1,0,43000,"La Pontaise, Lausanne",Group stage,1954-06-17,Switzerland,1954,"Robert Ballaman@18,Josef Hügi@78",Giampiero Boniperti@44,0,0,1954-0826,3,2-1,1,False,Group,1950s,La Pontaise,Lausanne,Switzerland,Home win
Italy,Haiti,3,0,1,0,53000,"Olympiastadion, Munich",First round,1974-06-15,Germany,1974,"Gianni Rivera@52,Romeo Benetti@66,Pietro Anastasi@79",Emmanuel Sanon@46,0,0,1974-0827,4,3-1,2,False,Group,1970s,Olympiastadion,Munich,Italy,Home win
Poland,Argentina,3,0,2,0,32700,"Neckarstadion, Stuttgart",First round,1974-06-15,Germany,1974,"Grzegorz Lato@7,Andrzej Szarmach@8,Grzegorz Lato@62","Ramón Heredia@60,Carlos Babington@66",0,0,1974-0828,5,3-2,1,False,Group,1970s,Neckarstadion,Stuttgart,Poland,Home win
West Germany,Chile,1,0,0,0,81100,"Olympiastadion, Berlin West",First round,1974-06-14,Germany,1974,Paul Breitner@18,,0,0,1974-0829,1,1-0,1,False,Group,1970s,Olympiastadion,Berlin West,West Germany,Home win
Germany DR,Australia,2,0,0,0,17000,"Volksparkstadion, Hamburg",First round,1974-06-14,Germany,1974,Joachim Streich@72,,1,0,1974-0830,2,2-0,2,False,Group,1970s,Volksparkstadion,Hamburg,Germany DR,Home win
Hungary,Korea Republic,9,0,0,0,13000,"Hardturm, Zurich",Group stage,1954-06-17,Switzerland,1954,"Ferenc Puskás@12,Mihály Lantos@18,Sándor Kocsis@24,Sándor Kocsis@36,Sándor Kocsis@50,Zoltán Czibor@59,Péter Palotás@75,Péter Palotás@83,Ferenc Puskás@89",,0,0,1954-0831,9,9-0,9,False,Group,1950s,Hardturm,Zurich,Hungary,Home win
Mexico,Czechoslovakia,3,0,1,0,10648,"Estadio Sausalito, Vina Del Mar",Group stage,1962-06-07,Chile,1962,"Isidoro Díaz@12,Alfredo del Águila@29,Héctor Hernández@90",Václav Mašek@1,0,0,1962-0832,4,3-1,2,False,Group,1960s,Estadio Sausalito,Vina Del Mar,Mexico,Home win
Italy,Switzerland,3,0,0,0,59828,"Nacional, Santiago De Chile",Group stage,1962-06-07,Chile,1962,"Bruno Mora@2,Giacomo Bulgarelli@65,Giacomo Bulgarelli@67",,0,0,1962-0833,3,3-0,3,False,Group,1960s,Nacional,Santiago De Chile,Italy,Home win
Germany,Türkiye,4,0,1,0,28000,"Wankdorf Stadium, Berne",Group stage,1954-06-17,Switzerland,1954,"Hans Schäfer@14,Bernhard Klodt@52,Ottmar Walter@60,Max Morlock@84",Suat Mamat@2,0,0,1954-0834,5,4-1,3,False,Group,1950s,Wankdorf Stadium,Berne,Germany,Home win
England,Belgium,4,0,4,0,14000,"St. Jakob, Basel",Group stage,1954-06-17,Switzerland,1954,"Ivor Broadis@26,Nat Lofthouse@36,Ivor Broadis@63,Nat Lofthouse@91","Léopold Anoul@5,Henri Coppens@67,Léopold Anoul@71",0,1,1954-0835,8,4-4,0,False,Group,1950s,St. Jakob,Basel,Draw,Draw
Yugoslavia,Colombia,5,0,0,0,7167,"Carlos Dittborn, Arica",Group stage,1962-06-07,Chile,1962,"Milan Gali@20,Dražan Jerkovi@25,Milan Gali@61,Vojislav Meli@82,Dražan Jerkovi@87",,0,0,1962-0836,5,5-0,5,False,Group,1960s,Carlos Dittborn,Arica,Yugoslavia,Home win
Uruguay,Czechoslovakia,2,0,0,0,20500,"Wankdorf Stadium, Berne",Group stage,1954-06-16,Switzerland,1954,"Óscar Míguez@71,Juan Alberto Schiaffino@84",,0,0,1954-0837,2,2-0,2,False,Group,1950s,Wankdorf Stadium,Berne,Uruguay,Home win
Yugoslavia,France,1,0,0,0,16000,"La Pontaise, Lausanne",Group stage,1954-06-16,Switzerland,1954,Miloš Milutinovi@15,,0,0,1954-0838,1,1-0,1,False,Group,1950s,La Pontaise,Lausanne,Yugoslavia,Home win
West Germany,Chile,2,0,0,0,67224,"Nacional, Santiago De Chile",Group stage,1962-06-06,Chile,1962,"Uwe Seeler@82,Horst Szymaniak@21",,0,0,1962-0839,2,2-0,2,False,Group,1960s,Nacional,Santiago De Chile,West Germany,Home win
Sweden,Paraguay,1,0,0,0,72000,"Olympiastadion Berlin, Berlin",Group stage,2006-06-15,Germany,2006,Freddie Ljungberg@89,,0,0,2006-0840,1,1-0,1,False,Group,2000s,Olympiastadion Berlin,Berlin,Sweden,Home win
Spain,England,1,0,0,0,74462,"Maracanï¿½ - Estï¿½dio Jornalista Mï¿½rio Filho, Rio De Janeiro",Group stage,1950-07-02,Brazil,1950,Telmo Zarra@48,,0,0,1950-0841,1,1-0,1,False,Group,1950s,Maracanï¿½ - Estï¿½dio Jornalista Mï¿½rio Filho,Rio De Janeiro,Spain,Home win
Switzerland,Mexico,2,0,1,0,3580,"Eucaliptos, Porto Alegre",Group stage,1950-07-02,Brazil,1950,"René Bader@10,Charles Antenen@44",Horacio Casarín@89,0,0,1950-0842,3,2-1,1,False,Group,1950s,Eucaliptos,Porto Alegre,Switzerland,Home win
Brazil,Yugoslavia,2,0,0,0,142429,"Maracanï¿½ - Estï¿½dio Jornalista Mï¿½rio Filho, Rio De Janeiro",Group stage,1950-07-01,Brazil,1950,"Ademir@4,Zizinho@69",,0,0,1950-0843,2,2-0,2,False,Group,1950s,Maracanï¿½ - Estï¿½dio Jornalista Mï¿½rio Filho,Rio De Janeiro,Brazil,Home win
Spain,Chile,2,0,0,0,19790,"Maracanï¿½ - Estï¿½dio Jornalista Mï¿½rio Filho, Rio De Janeiro",Group stage,1950-06-29,Brazil,1950,"Estanislau Basora@17,Telmo Zarra@30",,0,0,1950-0844,2,2-0,2,False,Group,1950s,Maracanï¿½ - Estï¿½dio Jornalista Mï¿½rio Filho,Rio De Janeiro,Spain,Home win
United States,England,1,0,0,0,10151,"Independencia, Belo Horizonte",Group stage,1950-06-29,Brazil,1950,Joe Gaetjens@38,,0,0,1950-0845,1,1-0,1,False,Group,1950s,Independencia,Belo Horizonte,United States,Home win
Sweden,Paraguay,2,0,2,0,7903,"Durival de Brito, Curitiba",Group stage,1950-06-29,Brazil,1950,"Stig Sundqvist@17,Karl-Erik Palmér@26","César López Fretes@35,Atilio López@74",0,0,1950-0846,4,2-2,0,False,Group,1950s,Durival de Brito,Curitiba,Draw,Draw
Brazil,Switzerland,2,0,2,0,42032,"Pacaembu, Sao Paulo",Group stage,1950-06-28,Brazil,1950,"Alfredo II@3,Baltazar@32","Jacques Fatton@17,Jacques Fatton@88",0,0,1950-0847,4,2-2,0,False,Group,1950s,Pacaembu,Sao Paulo,Draw,Draw
Yugoslavia,Mexico,4,0,1,0,11078,"Eucaliptos, Porto Alegre",Group stage,1950-06-28,Brazil,1950,"Stjepan Bobek@20,Željko ajkovski@23,Željko ajkovski@51,Kosta Tomaševi@81",Héctor Ortiz@89,0,0,1950-0848,5,4-1,3,False,Group,1950s,Eucaliptos,Porto Alegre,Yugoslavia,Home win
Sweden,Italy,3,0,2,0,36502,"Pacaembu, Sao Paulo",Group stage,1950-06-25,Brazil,1950,"Hasse Jeppson@25,Sune Andersson@34,Hasse Jeppson@69","Riccardo Carapellese@7,Ermes Muccinelli@78",0,0,1950-0849,5,3-2,1,False,Group,1950s,Pacaembu,Sao Paulo,Sweden,Home win
England,Chile,2,0,0,0,29703,"Maracanï¿½ - Estï¿½dio Jornalista Mï¿½rio Filho, Rio De Janeiro",Group stage,1950-06-25,Brazil,1950,"Stan Mortensen@39,Wilf Mannion@51",,0,0,1950-0850,2,2-0,2,False,Group,1950s,Maracanï¿½ - Estï¿½dio Jornalista Mï¿½rio Filho,Rio De Janeiro,England,Home win
Spain,United States,3,0,1,0,9511,"Durival de Brito, Curitiba",Group stage,1950-06-25,Brazil,1950,"Silvestre Igoa@81,Estanislau Basora@83,Telmo Zarra@89",Gino Pariani@17,0,0,1950-0851,4,3-1,2,False,Group,1950s,Durival de Brito,Curitiba,Spain,Home win
Yugoslavia,Switzerland,3,0,0,0,7336,"Independencia, Belo Horizonte",Group stage,1950-06-25,Brazil,1950,"Rajko Miti@59,Kosta Tomaševi@70,Tihomir Ognjanov@84",,0,0,1950-0852,3,3-0,3,False,Group,1950s,Independencia,Belo Horizonte,Yugoslavia,Home win
Brazil,Mexico,4,0,0,0,81649,"Maracanï¿½ - Estï¿½dio Jornalista Mï¿½rio Filho, Rio De Janeiro",Group stage,1950-06-24,Brazil,1950,"Ademir@30,Jair da Rosa Pinto@65,Baltazar@71,Ademir@79",,0,0,1950-0853,4,4-0,4,False,Group,1950s,Maracanï¿½ - Estï¿½dio Jornalista Mï¿½rio Filho,Rio De Janeiro,Brazil,Home win
Brazil,Sweden,4,0,2,0,12000,"Stade du Parc Lescure, Bordeaux",Third-place match,1938-06-19,France,1938,"Romeu Pellicciari@44,Leônidas@63,Leônidas@74,José Perácio@80","Sven Jonasson@28,Arne Nyberg@38",0,0,1938-0854,6,4-2,2,False,Placement,1930s,Stade du Parc Lescure,Bordeaux,Brazil,Home win
Italy,Hungary,4,0,2,0,45000,"Stade Olympique, Colombes",Final,1938-06-19,France,1938,"Gino Colaussi@6,Silvio Piola@16,Gino Colaussi@35,Silvio Piola@82","Pál Titkos@8,György Sárosi@70",0,0,1938-0855,6,4-2,2,False,Final,1930s,Stade Olympique,Colombes,Italy,Home win
Hungary,Sweden,5,0,1,0,20000,"Parc des Princes, Paris",Semi-finals,1938-06-16,France,1938,"Pál Titkos@37,Gyula Zsengellér@39,György Sárosi@65,Gyula Zsengellér@85",Arne Nyberg@1,1,0,1938-0856,6,5-1,4,False,Knockout,1930s,Parc des Princes,Paris,Hungary,Home win
Italy,Brazil,2,0,1,0,33000,"Stade Vï¿½lodrome, Marseilles",Semi-finals,1938-06-16,France,1938,"Gino Colaussi@51,Giuseppe Meazza@60",Romeu Pellicciari@87,0,0,1938-0857,3,2-1,1,False,Knockout,1930s,Stade Vï¿½lodrome,Marseilles,Italy,Home win
Brazil,Czechoslovakia,2,0,1,0,18141,"Stade du Parc Lescure, Bordeaux",Quarter-finals,1938-06-14,France,1938,"Leônidas@57,Roberto@63",Vlastimil Kopecký@25,0,0,1938-0858,3,2-1,1,False,Knockout,1930s,Stade du Parc Lescure,Bordeaux,Brazil,Home win
Sweden,Cuba,8,0,0,0,7000,"Fort Carree, Antibes",Quarter-finals,1938-06-12,France,1938,"Harry Andersson@9,Gustav Wetterström@22,Gustav Wetterström@37,Gustav Wetterström@44,Tore Keller@80,Harry Andersson@81,Arne Nyberg@84,Harry Andersson@89",,0,0,1938-0859,8,8-0,8,False,Knockout,1930s,Fort Carree,Antibes,Sweden,Home win
Brazil,Czechoslovakia,1,0,1,0,22021,"Stade du Parc Lescure, Bordeaux",Quarter-finals,1938-06-12,France,1938,Leônidas@30,Oldich Nejedlý@65,0,0,1938-0860,2,1-1,0,False,Knockout,1930s,Stade du Parc Lescure,Bordeaux,Draw,Draw
Hungary,Switzerland,2,0,0,0,15000,"Victor Boucquey, Lille",Quarter-finals,1938-06-12,France,1938,"György Sárosi@40,Gyula Zsengellér@89",,0,0,1938-0861,2,2-0,2,False,Knockout,1930s,Victor Boucquey,Lille,Hungary,Home win
Italy,France,3,0,1,0,58455,"Stade Olympique, Colombes",Quarter-finals,1938-06-12,France,1938,"Gino Colaussi@9,Silvio Piola@51,Silvio Piola@72",Oscar Heisserer@10,0,0,1938-0862,4,3-1,2,False,Knockout,1930s,Stade Olympique,Colombes,Italy,Home win
Switzerland,Germany,4,0,2,0,20025,"Parc des Princes, Paris",Round of 16,1938-06-09,France,1938,"Eugen Walaschek@42,Alfred Bickel@64,André Abegglen@75,André Abegglen@78",Wilhelm Hahnemann@8,0,1,1938-0863,6,4-2,2,False,Knockout,1930s,Parc des Princes,Paris,Switzerland,Home win
Cuba,Romania,2,0,1,0,8000,"Stade Municipal, Toulouse",Round of 16,1938-06-09,France,1938,"Héctor Socorro@51,Tomás Fernández@57",tefan Dobay@35,0,0,1938-0864,3,2-1,1,False,Knockout,1930s,Stade Municipal,Toulouse,Cuba,Home win
Italy,Norway,2,0,1,0,19000,"Stade Vï¿½lodrome, Marseilles",Round of 16,1938-06-05,France,1938,"Pietro Ferraris@2,Silvio Piola@94",Arne Brustad@83,0,0,1938-0865,3,2-1,1,False,Knockout,1930s,Stade Vï¿½lodrome,Marseilles,Italy,Home win
Cuba,Romania,3,0,3,0,7000,"Stade Municipal, Toulouse",Round of 16,1938-06-05,France,1938,"Héctor Socorro@44,José Magriñá@69,Héctor Socorro@103","Silviu Bindea@35,Iuliu Barátky@88,tefan Dobay@105",0,0,1938-0866,6,3-3,0,False,Knockout,1930s,Stade Municipal,Toulouse,Draw,Draw
Hungary,Dutch East Indies,6,0,0,0,9000,"Velodrome Municipale, Reims",Round of 16,1938-06-05,France,1938,"Vilmos Kohut@13,Géza Toldi@15,György Sárosi@28,Gyula Zsengellér@35,Gyula Zsengellér@76,György Sárosi@89",,0,0,1938-0867,6,6-0,6,False,Knockout,1930s,Velodrome Municipale,Reims,Hungary,Home win
France,Belgium,3,0,1,0,30454,"Stade Olympique, Colombes",Round of 16,1938-06-05,France,1938,"Émile Veinante@1,Jean Nicolas@16,Jean Nicolas@69",Henri Isemborghs@38,0,0,1938-0868,4,3-1,2,False,Knockout,1930s,Stade Olympique,Colombes,France,Home win
Brazil,Poland,6,0,5,0,13452,"Stade de la Meinau, Strasbourg",Round of 16,1938-06-05,France,1938,"Leônidas@18,Romeu Pellicciari@25,José Perácio@44,José Perácio@71,Leônidas@93,Leônidas@104","Ernst Wilimowski@53,Ernst Wilimowski@59,Ernst Wilimowski@89,Ernst Wilimowski@118,Friedrich Scherfke@23",0,0,1938-0869,11,6-5,1,False,Knockout,1930s,Stade de la Meinau,Strasbourg,Brazil,Home win
Czechoslovakia,Netherlands,3,0,0,0,11000,"Cavee Verte, Le Havre",Round of 16,1938-06-05,France,1938,"Josef Košálek@93,Josef Zeman@111,Oldich Nejedlý@118",,0,0,1938-0870,3,3-0,3,False,Knockout,1930s,Cavee Verte,Le Havre,Czechoslovakia,Home win
Switzerland,Germany,1,0,1,0,27152,"Parc des Princes, Paris",Round of 16,1938-06-04,France,1938,André Abegglen@43,Josef Gauchel@29,0,0,1938-0871,2,1-1,0,False,Knockout,1930s,Parc des Princes,Paris,Draw,Draw
Italy,Czechoslovakia,2,0,1,0,55000,"Nazionale PNF, Rome",Final,1934-06-10,Italy,1934,"Raimundo Orsi@81,Angelo Schiavio@95",Antonín Pu@71,0,0,1934-0872,3,2-1,1,False,Final,1930s,Nazionale PNF,Rome,Italy,Home win
Germany,Austria,3,0,2,0,7000,"Giorgio Ascarelli, Naples",Third-place match,1934-06-07,Italy,1934,"Ernst Lehner@1,Edmund Conen@27,Ernst Lehner@42","Johann Horvath@28,Karl Sesta@54",0,0,1934-0873,5,3-2,1,False,Placement,1930s,Giorgio Ascarelli,Naples,Germany,Home win
Czechoslovakia,Germany,3,0,1,0,15000,"Nazionale PNF, Rome",Semi-finals,1934-06-03,Italy,1934,"Oldich Nejedlý@21,Oldich Nejedlý@69,Oldich Nejedlý@80",Rudolf Noack@62,0,0,1934-0874,4,3-1,2,False,Knockout,1930s,Nazionale PNF,Rome,Czechoslovakia,Home win
Italy,Austria,1,0,0,0,35000,"San Siro, Milan",Semi-finals,1934-06-03,Italy,1934,Enrique Guaita@19,,0,0,1934-0875,1,1-0,1,False,Knockout,1930s,San Siro,Milan,Italy,Home win
Italy,Spain,1,0,0,0,43000,"Giovanni Berta, Florence",Quarter-finals,1934-06-01,Italy,1934,Giuseppe Meazza@11,,0,0,1934-0876,1,1-0,1,False,Knockout,1930s,Giovanni Berta,Florence,Italy,Home win
Austria,Hungary,2,0,1,0,23000,"Littorale, Bologna",Quarter-finals,1934-05-31,Italy,1934,"Johann Horvath@8,Karl Zischek@51",György Sárosi@60,0,0,1934-0877,3,2-1,1,False,Knockout,1930s,Littorale,Bologna,Austria,Home win
Czechoslovakia,Switzerland,3,0,2,0,12000,"Stadio Benito Mussolini, Turin",Quarter-finals,1934-05-31,Italy,1934,"František Svoboda@24,Jií Sobotka@49,Oldich Nejedlý@82","Leopold Kielholz@18,Willy Jäggi@78",0,0,1934-0878,5,3-2,1,False,Knockout,1930s,Stadio Benito Mussolini,Turin,Czechoslovakia,Home win
Italy,Spain,1,0,1,0,35000,"Giovanni Berta, Florence",Quarter-finals,1934-05-31,Italy,1934,Giovanni Ferrari@44,Luis Regueiro@30,0,0,1934-0879,2,1-1,0,False,Knockout,1930s,Giovanni Berta,Florence,Draw,Draw
Germany,Sweden,2,0,1,0,3000,"San Siro, Milan",Quarter-finals,1934-05-31,Italy,1934,"Karl Hohmann@60,Karl Hohmann@63",Gösta Dunker@82,0,0,1934-0880,3,2-1,1,False,Knockout,1930s,San Siro,Milan,Germany,Home win
Zaire,Scotland,0,0,2,0,27000,"Westfalenstadion, Dortmund",First round,1974-06-14,Germany,1974,,"Peter Lorimer@26,Joe Jordan@34",0,0,1974-0881,2,0-2,2,False,Group,1970s,Westfalenstadion,Dortmund,Scotland,Away win
Brazil,Yugoslavia,0,0,0,0,62000,"Waldstadion, Frankfurt/Main",First round,1974-06-13,Germany,1974,,,0,0,1974-0882,0,0-0,0,False,Group,1970s,Waldstadion,Frankfurt/Main,Draw,Draw
Brazil,Italy,4,0,1,0,107412,"Estadio Azteca, Mexico City",Final,1970-06-21,Mexico,1970,"Pelé@18,Gérson@66,Jairzinho@71,Carlos Alberto Torres@86",Roberto Boninsegna@37,0,0,1970-0883,5,4-1,3,False,Final,1970s,Estadio Azteca,Mexico City,Brazil,Home win
West Germany,Uruguay,1,0,0,0,104403,"Estadio Azteca, Mexico City",Third-place match,1970-06-20,Mexico,1970,Wolfgang Overath@26,,0,0,1970-0884,1,1-0,1,False,Placement,1970s,Estadio Azteca,Mexico City,West Germany,Home win
Soviet Union,Uruguay,2,0,1,0,9973,"Carlos Dittborn, Arica",Group stage,1962-06-06,Chile,1962,"Aleksei Mamykin@38,Valentin Kozmich Ivanov@89",José Sasía@54,0,0,1962-0885,3,2-1,1,False,Group,1960s,Carlos Dittborn,Arica,Soviet Union,Home win
Hungary,Argentina,0,0,0,0,7945,"Estadio El Teniente-Codelco, Rancagua",Group stage,1962-06-06,Chile,1962,,,0,0,1962-0886,0,0-0,0,False,Group,1960s,Estadio El Teniente-Codelco,Rancagua,Draw,Draw
Brazil,Spain,2,0,1,0,18715,"Estadio Sausalito, Vina Del Mar",Group stage,1962-06-06,Chile,1962,"Amarildo Tavares da Silveira@72,Amarildo Tavares da Silveira@86",Adelardo Rodríguez@35,0,0,1962-0887,3,2-1,1,False,Group,1960s,Estadio Sausalito,Vina Del Mar,Brazil,Home win
Spain,Mexico,1,0,0,0,11875,"Estadio Sausalito, Vina Del Mar",Group stage,1962-06-03,Chile,1962,Joaquín Peiró@90,,0,0,1962-0888,1,1-0,1,False,Group,1960s,Estadio Sausalito,Vina Del Mar,Spain,Home win
Soviet Union,Colombia,4,0,4,0,8040,"Carlos Dittborn, Arica",Group stage,1962-06-03,Chile,1962,"Valentin Kozmich Ivanov@8,Igor Chislenko@10,Valentin Kozmich Ivanov@11,Viktor Ponedelnik@56","Germán Aceros@21,Marcos Coll@68,Antonio Rada@72,Marino Klinger@76",0,0,1962-0889,8,4-4,0,False,Group,1960s,Carlos Dittborn,Arica,Draw,Draw
Hungary,Bulgaria,6,0,1,0,7442,"Estadio El Teniente-Codelco, Rancagua",Group stage,1962-06-03,Chile,1962,"Flórián Albert@1,Flórián Albert@6,Lajos Tichy@8,Ern Solymosi@12,Flórián Albert@53,Lajos Tichy@70",Georgi Sokolov@64,0,0,1962-0890,7,6-1,5,False,Group,1960s,Estadio El Teniente-Codelco,Rancagua,Hungary,Home win
West Germany,Switzerland,2,0,1,0,64922,"Nacional, Santiago De Chile",Group stage,1962-06-03,Chile,1962,"Albert Brülls@45,Uwe Seeler@59",Heinz Schneiter@73,0,0,1962-0891,3,2-1,1,False,Group,1960s,Nacional,Santiago De Chile,West Germany,Home win
Brazil,Mexico,5,0,0,0,13470,"Charmilles, Geneva",Group stage,1954-06-16,Switzerland,1954,"Baltazar@23,Didi@30,José Lázaro Robles@34,José Lázaro Robles@43,Júlio Botelho@69",,0,0,1954-0892,5,5-0,5,False,Group,1950s,Charmilles,Geneva,Brazil,Home win
Chile,Italy,2,0,0,0,66057,"Nacional, Santiago De Chile",Group stage,1962-06-02,Chile,1962,"Jaime Ramírez@73,Jorge Toro@87",,0,0,1962-0893,2,2-0,2,False,Group,1960s,Nacional,Santiago De Chile,Chile,Home win
Austria,Scotland,1,0,0,0,25000,"Hardturm, Zurich",Group stage,1954-06-16,Switzerland,1954,Erich Probst@33,,0,0,1954-0894,1,1-0,1,False,Group,1950s,Hardturm,Zurich,Austria,Home win
Brazil,Czechoslovakia,0,0,0,0,14903,"Estadio Sausalito, Vina Del Mar",Group stage,1962-06-02,Chile,1962,,,0,0,1962-0895,0,0-0,0,False,Group,1960s,Estadio Sausalito,Vina Del Mar,Draw,Draw
Sweden,Spain,3,0,1,0,11227,"Pacaembu, Sao Paulo",Final stage,1950-07-16,Brazil,1950,"Stig Sundqvist@15,Bror Mellberg@33,Karl-Erik Palmér@80",Telmo Zarra@82,0,0,1950-0896,4,3-1,2,False,Final,1950s,Pacaembu,Sao Paulo,Sweden,Home win
Uruguay,Brazil,2,0,1,0,173850,"Maracanï¿½ - Estï¿½dio Jornalista Mï¿½rio Filho, Rio De Janeiro",Final stage,1950-07-16,Brazil,1950,"Juan Alberto Schiaffino@66,Alcides Ghiggia@79",Friaça@47,0,0,1950-0897,3,2-1,1,False,Final,1950s,Maracanï¿½ - Estï¿½dio Jornalista Mï¿½rio Filho,Rio De Janeiro,Uruguay,Home win
England,Argentina,3,0,1,0,9794,"Estadio El Teniente-Codelco, Rancagua",Group stage,1962-06-02,Chile,1962,"Bobby Charlton@42,Jimmy Greaves@67,Ron Flowers@17",José Sanfilippo@81,0,0,1962-0898,4,3-1,2,False,Group,1960s,Estadio El Teniente-Codelco,Rancagua,England,Home win
Brazil,Spain,6,0,1,0,152772,"Maracanï¿½ - Estï¿½dio Jornalista Mï¿½rio Filho, Rio De Janeiro",Final stage,1950-07-13,Brazil,1950,"Jair da Rosa Pinto@21,Francisco Aramburu@31,Francisco Aramburu@55,Ademir@57,Zizinho@67",Silvestre Igoa@71,1,0,1950-0899,7,6-1,5,False,Final,1950s,Maracanï¿½ - Estï¿½dio Jornalista Mï¿½rio Filho,Rio De Janeiro,Brazil,Home win
Uruguay,Sweden,3,0,2,0,7987,"Pacaembu, Sao Paulo",Final stage,1950-07-13,Brazil,1950,"Alcides Ghiggia@39,Óscar Míguez@77,Óscar Míguez@85","Karl-Erik Palmér@5,Stig Sundqvist@40",0,0,1950-0900,5,3-2,1,False,Final,1950s,Pacaembu,Sao Paulo,Uruguay,Home win
Brazil,Sweden,7,0,1,0,138886,"Maracanï¿½ - Estï¿½dio Jornalista Mï¿½rio Filho, Rio De Janeiro",Final stage,1950-07-09,Brazil,1950,"Ademir@17,Ademir@36,Francisco Aramburu@39,Ademir@52,Ademir@58,Maneca@85,Francisco Aramburu@88",Sune Andersson@67,0,0,1950-0901,8,7-1,6,False,Final,1950s,Maracanï¿½ - Estï¿½dio Jornalista Mï¿½rio Filho,Rio De Janeiro,Brazil,Home win
Uruguay,Spain,2,0,2,0,44802,"Pacaembu, Sao Paulo",Final stage,1950-07-09,Brazil,1950,"Alcides Ghiggia@29,Obdulio Varela@73","Estanislau Basora@37,Estanislau Basora@39",0,0,1950-0902,4,2-2,0,False,Final,1950s,Pacaembu,Sao Paulo,Draw,Draw
Yugoslavia,Uruguay,3,0,1,0,8829,"Carlos Dittborn, Arica",Group stage,1962-06-02,Chile,1962,"Milan Gali@29,Dražan Jerkovi@49,Josip Skoblar@25",Ángel Cabrera@19,0,0,1962-0903,4,3-1,2,False,Group,1960s,Carlos Dittborn,Arica,Yugoslavia,Home win
West Germany,Italy,0,0,0,0,65440,"Nacional, Santiago De Chile",Group stage,1962-05-31,Chile,1962,,,0,0,1962-0904,0,0-0,0,False,Group,1960s,Nacional,Santiago De Chile,Draw,Draw
Hungary,England,2,0,1,0,7938,"Estadio El Teniente-Codelco, Rancagua",Group stage,1962-05-31,Chile,1962,"Lajos Tichy@17,Flórián Albert@71",Ron Flowers@60,0,0,1962-0905,3,2-1,1,False,Group,1960s,Estadio El Teniente-Codelco,Rancagua,Hungary,Home win
Czechoslovakia,Spain,1,0,0,0,12700,"Estadio Sausalito, Vina Del Mar",Group stage,1962-05-31,Chile,1962,Jozef Štibrányi@80,,0,0,1962-0906,1,1-0,1,False,Group,1960s,Estadio Sausalito,Vina Del Mar,Czechoslovakia,Home win
Chile,United States,5,0,2,0,8501,"Ilha do Retiro, Recife",Group stage,1950-07-02,Brazil,1950,"George Robledo@16,Atilio Cremaschi@32,Andrés Prieto@54,Atilio Cremaschi@60,Fernando Riera@82","Frank Wallace@47,Joe Maca@48",0,0,1950-0907,7,5-2,3,False,Group,1950s,Ilha do Retiro,Recife,Chile,Home win
Italy,Paraguay,2,0,0,0,25811,"Pacaembu, Sao Paulo",Group stage,1950-07-02,Brazil,1950,"Riccardo Carapellese@12,Egisto Pandolfini@63",,0,0,1950-0908,2,2-0,2,False,Group,1950s,Pacaembu,Sao Paulo,Italy,Home win
Uruguay,Bolivia,8,0,0,0,5284,"Independencia, Belo Horizonte",Group stage,1950-07-02,Brazil,1950,"Óscar Míguez@14,Ernesto Vidal@18,Juan Alberto Schiaffino@23,Óscar Míguez@40,Óscar Míguez@51,Juan Alberto Schiaffino@54,Julio Pérez@83,Alcides Ghiggia@87",,0,0,1950-0909,8,8-0,8,False,Group,1950s,Independencia,Belo Horizonte,Uruguay,Home win
Soviet Union,Yugoslavia,2,0,0,0,9622,"Carlos Dittborn, Arica",Group stage,1962-05-31,Chile,1962,"Valentin Kozmich Ivanov@51,Viktor Ponedelnik@83",,0,0,1962-0910,2,2-0,2,False,Group,1960s,Carlos Dittborn,Arica,Soviet Union,Home win
Chile,Switzerland,3,0,1,0,65006,"Nacional, Santiago De Chile",Group stage,1962-05-30,Chile,1962,"Leonel Sánchez@44,Jaime Ramírez@51,Leonel Sánchez@55",Rolf Wüthrich@6,0,0,1962-0911,4,3-1,2,False,Group,1960s,Nacional,Santiago De Chile,Chile,Home win
Uruguay,Colombia,2,0,1,0,7908,"Carlos Dittborn, Arica",Group stage,1962-05-30,Chile,1962,"Luis Cubilla@56,José Sasía@75",Francisco Zuluaga@19,0,0,1962-0912,3,2-1,1,False,Group,1960s,Carlos Dittborn,Arica,Uruguay,Home win
Brazil,Mexico,2,0,0,0,10484,"Estadio Sausalito, Vina Del Mar",Group stage,1962-05-30,Chile,1962,"Mário Zagallo@56,Pelé@73",,0,0,1962-0913,2,2-0,2,False,Group,1960s,Estadio Sausalito,Vina Del Mar,Brazil,Home win
Argentina,Bulgaria,1,0,0,0,7134,"Estadio El Teniente-Codelco, Rancagua",Group stage,1962-05-30,Chile,1962,Héctor Facundo@4,,0,0,1962-0914,1,1-0,1,False,Group,1960s,Estadio El Teniente-Codelco,Rancagua,Argentina,Home win
Brazil,Sweden,5,0,2,0,49737,"Rasunda Stadium, Solna",Final,1958-06-29,Sweden,1958,"Vavá@9,Vavá@32,Pelé@55,Mário Zagallo@68,Pelé@90","Nils Liedholm@4,Agne Simonsson@80",0,0,1958-0915,7,5-2,3,False,Final,1950s,Rasunda Stadium,Solna,Brazil,Home win
France,West Germany,6,0,3,0,32483,"Nya Ullevi, Gothenburg",Third-place match,1958-06-28,Sweden,1958,"Just Fontaine@16,Just Fontaine@36,Yvon Douis@50,Just Fontaine@78,Just Fontaine@89,Raymond Kopa@27","Hans Cieslarczyk@18,Helmut Rahn@52,Hans Schäfer@84",0,0,1958-0916,9,6-3,3,False,Placement,1950s,Nya Ullevi,Gothenburg,France,Home win
Sweden,West Germany,3,0,1,0,49471,"Nya Ullevi, Gothenburg",Semi-finals,1958-06-24,Sweden,1958,"Lennart Skoglund@32,Gunnar Gren@81,Kurt Hamrin@88",Hans Schäfer@24,0,0,1958-0917,4,3-1,2,False,Knockout,1950s,Nya Ullevi,Gothenburg,Sweden,Home win
Czechoslovakia,Romania,2,0,1,0,9000,"Littorio, Trieste",Round of 16,1934-05-27,Italy,1934,"Antonín Pu@50,Oldich Nejedlý@67",tefan Dobay@11,0,0,1934-0918,3,2-1,1,False,Knockout,1930s,Littorio,Trieste,Czechoslovakia,Home win
Hungary,Egypt,4,0,2,0,9000,"Giorgio Ascarelli, Naples",Round of 16,1934-05-27,Italy,1934,"Pál Teleki@11,Géza Toldi@31,Jen Vincze@53,Géza Toldi@61","Abdulrahman Fawzi@35,Abdulrahman Fawzi@39",0,0,1934-0919,6,4-2,2,False,Knockout,1930s,Giorgio Ascarelli,Naples,Hungary,Home win
Austria,France,3,0,2,0,16000,"Stadio Benito Mussolini, Turin",Round of 16,1934-05-27,Italy,1934,"Matthias Sindelar@44,Anton Schall@93,Josef Bican@109","Jean Nicolas@18,Georges Verriest@116",0,0,1934-0920,5,3-2,1,False,Knockout,1930s,Stadio Benito Mussolini,Turin,Austria,Home win
Switzerland,Netherlands,3,0,2,0,33000,"San Siro, Milan",Round of 16,1934-05-27,Italy,1934,"Leopold Kielholz@7,Leopold Kielholz@43,André Abegglen@66","Kick Smit@29,Leen Vente@69",0,0,1934-0921,5,3-2,1,False,Knockout,1930s,San Siro,Milan,Switzerland,Home win
Italy,West Germany,4,0,3,0,102444,"Estadio Azteca, Mexico City",Semi-finals,1970-06-17,Mexico,1970,"Roberto Boninsegna@8,Tarcisio Burgnich@98,Luigi Riva@104,Gianni Rivera@111","Karl-Heinz Schnellinger@90,Gerd Müller@94,Gerd Müller@110",0,0,1970-0922,7,4-3,1,False,Knockout,1970s,Estadio Azteca,Mexico City,Italy,Home win
Brazil,Uruguay,3,0,1,0,51261,"Jalisco, Guadalajara",Semi-finals,1970-06-17,Mexico,1970,"Clodoaldo@44,Jairzinho@76,Rivellino@89",Luis Cubilla@19,0,0,1970-0923,4,3-1,2,False,Knockout,1970s,Jalisco,Guadalajara,Brazil,Home win
Brazil,Peru,4,0,2,0,54233,"Jalisco, Guadalajara",Quarter-finals,1970-06-14,Mexico,1970,"Rivellino@11,Tostão@15,Tostão@52,Jairzinho@75","Alberto Gallardo@28,Teófilo Cubillas@70",0,0,1970-0924,6,4-2,2,False,Knockout,1970s,Jalisco,Guadalajara,Brazil,Home win
Italy,Mexico,4,0,1,0,26851,"Luis Dosal, Toluca",Quarter-finals,1970-06-14,Mexico,1970,"Luigi Riva@63,Gianni Rivera@70,Luigi Riva@76",José Luis González Dávila@13,1,0,1970-0925,5,4-1,3,False,Knockout,1970s,Luis Dosal,Toluca,Italy,Home win
Uruguay,Soviet Union,1,0,0,0,26085,"Estadio Azteca, Mexico City",Quarter-finals,1970-06-14,Mexico,1970,Víctor Espárrago@117,,0,0,1970-0926,1,1-0,1,False,Knockout,1970s,Estadio Azteca,Mexico City,Uruguay,Home win
West Germany,England,3,0,2,0,23357,"Nou Camp - Estadio Leï¿½n, Leon",Quarter-finals,1970-06-14,Mexico,1970,"Franz Beckenbauer@68,Uwe Seeler@82,Gerd Müller@108","Alan Mullery@31,Martin Peters@49",0,0,1970-0927,5,3-2,1,False,Knockout,1970s,Nou Camp - Estadio Leï¿½n,Leon,West Germany,Home win
Mexico,Belgium,1,0,0,0,108192,"Estadio Azteca, Mexico City",Group stage,1970-06-11,Mexico,1970,Gustavo Peña@14,,0,0,1970-0928,1,1-0,1,False,Group,1970s,Estadio Azteca,Mexico City,Mexico,Home win
Italy,Israel,0,0,0,0,9890,"Luis Dosal, Toluca",Group stage,1970-06-11,Mexico,1970,,,0,0,1970-0929,0,0-0,0,False,Group,1970s,Luis Dosal,Toluca,Draw,Draw
Bulgaria,Morocco,1,0,1,0,12299,"Nou Camp - Estadio Leï¿½n, Leon",Group stage,1970-06-11,Mexico,1970,Dobromir Zhechev@40,Maouhoub Ghazouani@61,0,0,1970-0930,2,1-1,0,False,Group,1970s,Nou Camp - Estadio Leï¿½n,Leon,Draw,Draw
England,Czechoslovakia,1,0,0,0,49292,"Jalisco, Guadalajara",Group stage,1970-06-11,Mexico,1970,Allan Clarke@50,,0,0,1970-0931,1,1-0,1,False,Group,1970s,Jalisco,Guadalajara,England,Home win
West Germany,Peru,3,0,1,0,17875,"Nou Camp - Estadio Leï¿½n, Leon",Group stage,1970-06-10,Mexico,1970,"Gerd Müller@19,Gerd Müller@26,Gerd Müller@39",Teófilo Cubillas@44,0,0,1970-0932,4,3-1,2,False,Group,1970s,Nou Camp - Estadio Leï¿½n,Leon,West Germany,Home win
Brazil,Romania,3,0,2,0,50804,"Jalisco, Guadalajara",Group stage,1970-06-10,Mexico,1970,"Pelé@19,Jairzinho@22,Pelé@67","Florea Dumitrache@34,Emerich Dembrovschi@84",0,0,1970-0933,5,3-2,1,False,Group,1970s,Jalisco,Guadalajara,Brazil,Home win
Sweden,Uruguay,1,0,0,0,18163,"Cuauhtemoc, Puebla",Group stage,1970-06-10,Mexico,1970,Ove Grahn@90,,0,0,1970-0934,1,1-0,1,False,Group,1970s,Cuauhtemoc,Puebla,Sweden,Home win
Soviet Union,El Salvador,2,0,0,0,89979,"Estadio Azteca, Mexico City",Group stage,1970-06-10,Mexico,1970,"Anatoliy Byshovets@51,Anatoliy Byshovets@74",,0,0,1970-0935,2,2-0,2,False,Group,1970s,Estadio Azteca,Mexico City,Soviet Union,Home win
Mexico,El Salvador,4,0,0,0,103058,"Estadio Azteca, Mexico City",Group stage,1970-06-07,Mexico,1970,"Javier Valdivia@45,Javier Valdivia@46,Javier Fragoso@58,Juan Ignacio Basaguren@83",,0,0,1970-0936,4,4-0,4,False,Group,1970s,Estadio Azteca,Mexico City,Mexico,Home win
Brazil,England,1,0,0,0,66843,"Jalisco, Guadalajara",Group stage,1970-06-07,Mexico,1970,Jairzinho@59,,0,0,1970-0937,1,1-0,1,False,Group,1970s,Jalisco,Guadalajara,Brazil,Home win
Sweden,Argentina,3,0,2,0,14000,"Littorale, Bologna",Round of 16,1934-05-27,Italy,1934,"Sven Jonasson@9,Sven Jonasson@67,Knut Kroon@79","Ernesto Belis@4,Alberto Galateo@48",0,0,1934-0938,5,3-2,1,False,Knockout,1930s,Littorale,Bologna,Sweden,Home win
Spain,Brazil,3,0,1,0,21000,"Luigi Ferraris, Genoa",Round of 16,1934-05-27,Italy,1934,"José Iraragorri@25,Isidro Lángara@29,José Iraragorri@18",Leônidas@55,0,0,1934-0939,4,3-1,2,False,Knockout,1930s,Luigi Ferraris,Genoa,Spain,Home win
Germany,Belgium,5,0,2,0,8000,"Giovanni Berta, Florence",Round of 16,1934-05-27,Italy,1934,"Stanislaus Kobierski@25,Otto Siffling@49,Edmund Conen@66,Edmund Conen@70,Edmund Conen@87","Bernard Voorhoof@29,Bernard Voorhoof@43",0,0,1934-0940,7,5-2,3,False,Knockout,1930s,Giovanni Berta,Florence,Germany,Home win
Italy,United States,7,0,1,0,25000,"Nazionale PNF, Rome",Round of 16,1934-05-27,Italy,1934,"Angelo Schiavio@18,Raimundo Orsi@20,Angelo Schiavio@29,Giovanni Ferrari@63,Angelo Schiavio@64,Raimundo Orsi@69,Giuseppe Meazza@90",Aldo Donelli@57,0,0,1934-0941,8,7-1,6,False,Knockout,1930s,Nazionale PNF,Rome,Italy,Home win
Uruguay,Argentina,4,0,2,0,68346,"Estadio Centenario, Montevideo",Final,1930-07-30,Uruguay,1930,"Pablo Dorado@12,Pedro Cea@57,Santos Iriarte@68,Héctor Castro@89","Carlos Peucelle@20,Guillermo Stábile@37",0,0,1930-0942,6,4-2,2,False,Final,1930s,Estadio Centenario,Montevideo,Uruguay,Home win
Uruguay,Yugoslavia,6,0,1,0,79867,"Estadio Centenario, Montevideo",Semi-finals,1930-07-27,Uruguay,1930,"Pedro Cea@18,Peregrino Anselmo@20,Peregrino Anselmo@31,Santos Iriarte@61,Pedro Cea@67,Pedro Cea@72",ore Vujadinovi@4,0,0,1930-0943,7,6-1,5,False,Knockout,1930s,Estadio Centenario,Montevideo,Uruguay,Home win
Argentina,United States,6,0,1,0,72886,"Estadio Centenario, Montevideo",Semi-finals,1930-07-26,Uruguay,1930,"Luis Monti@20,Alejandro Scopelli@56,Guillermo Stábile@69,Carlos Peucelle@80,Carlos Peucelle@85,Guillermo Stábile@87",Jim Brown@89,0,0,1930-0944,7,6-1,5,False,Knockout,1930s,Estadio Centenario,Montevideo,Argentina,Home win
Argentina,Chile,3,0,1,0,41459,"Estadio Centenario, Montevideo",Group stage,1930-07-22,Uruguay,1930,"Guillermo Stábile@12,Guillermo Stábile@13,Mario Evaristo@51",Guillermo Subiabre@15,0,0,1930-0945,4,3-1,2,False,Group,1930s,Estadio Centenario,Montevideo,Argentina,Home win
Uruguay,Romania,4,0,0,0,70022,"Estadio Centenario, Montevideo",Group stage,1930-07-21,Uruguay,1930,"Pablo Dorado@7,Héctor Scarone@24,Peregrino Anselmo@30,Pedro Cea@35",,0,0,1930-0946,4,4-0,4,False,Group,1930s,Estadio Centenario,Montevideo,Uruguay,Home win
Brazil,Bolivia,4,0,0,0,25466,"Estadio Centenario, Montevideo",Group stage,1930-07-20,Uruguay,1930,"Moderato Wisintainer@37,Preguinho@67,Moderato Wisintainer@73,Preguinho@83",,0,0,1930-0947,4,4-0,4,False,Group,1930s,Estadio Centenario,Montevideo,Brazil,Home win
Paraguay,Belgium,1,0,0,0,12000,"Estadio Centenario, Montevideo",Group stage,1930-07-20,Uruguay,1930,Luis Vargas Peña@40,,0,0,1930-0948,1,1-0,1,False,Group,1930s,Estadio Centenario,Montevideo,Paraguay,Home win
Chile,France,1,0,0,0,2000,"Estadio Centenario, Montevideo",Group stage,1930-07-19,Uruguay,1930,Guillermo Subiabre@65,,0,0,1930-0949,1,1-0,1,False,Group,1930s,Estadio Centenario,Montevideo,Chile,Home win
West Germany,Bulgaria,5,0,2,0,12710,"Nou Camp - Estadio Leï¿½n, Leon",Group stage,1970-06-07,Mexico,1970,"Reinhard Libuda@20,Gerd Müller@27,Uwe Seeler@70,Gerd Müller@88,Gerd Müller@52","Asparuh Nikodimov@12,Todor Kolev@89",0,0,1970-0950,7,5-2,3,False,Group,1970s,Nou Camp - Estadio Leï¿½n,Leon,West Germany,Home win
Sweden,Israel,1,0,1,0,9624,"Luis Dosal, Toluca",Group stage,1970-06-07,Mexico,1970,Tom Turesson@53,Mordechai Spiegler@56,0,0,1970-0951,2,1-1,0,False,Group,1970s,Luis Dosal,Toluca,Draw,Draw
Romania,Czechoslovakia,2,0,1,0,56818,"Jalisco, Guadalajara",Group stage,1970-06-06,Mexico,1970,"Alexandru Neagu@52,Florea Dumitrache@75",Ladislav Petráš@5,0,0,1970-0952,3,2-1,1,False,Group,1970s,Jalisco,Guadalajara,Romania,Home win
Uruguay,Italy,0,0,0,0,29968,"Cuauhtemoc, Puebla",Group stage,1970-06-06,Mexico,1970,,,0,0,1970-0953,0,0-0,0,False,Group,1970s,Cuauhtemoc,Puebla,Draw,Draw
Soviet Union,Belgium,4,0,1,0,95261,"Estadio Azteca, Mexico City",Group stage,1970-06-06,Mexico,1970,"Anatoliy Byshovets@14,Kakhi Asatiani@57,Anatoliy Byshovets@63,Vitaliy Khmelnytskyi@76",Raoul Lambert@86,0,0,1970-0954,5,4-1,3,False,Group,1970s,Estadio Azteca,Mexico City,Soviet Union,Home win
Argentina,Mexico,6,0,3,0,42100,"Estadio Centenario, Montevideo",Group stage,1930-07-19,Uruguay,1930,"Guillermo Stábile@8,Adolfo Zumelzú@12,Guillermo Stábile@17,Francisco Varallo@53,Adolfo Zumelzú@55,Guillermo Stábile@80","Manuel Rosas@65,Roberto Gayón@75,Manuel Rosas@42",0,0,1930-0955,9,6-3,3,False,Group,1930s,Estadio Centenario,Montevideo,Argentina,Home win
Uruguay,Peru,1,0,0,0,57735,"Estadio Centenario, Montevideo",Group stage,1930-07-18,Uruguay,1930,Héctor Castro@60,,0,0,1930-0956,1,1-0,1,False,Group,1930s,Estadio Centenario,Montevideo,Uruguay,Home win
Yugoslavia,Bolivia,4,0,0,0,18306,"Parque Central, Montevideo",Group stage,1930-07-17,Uruguay,1930,"Ivan Bek@60,Blagoje Marjanovi@65,Ivan Bek@67,ore Vujadinovi@85",,0,0,1930-0957,4,4-0,4,False,Group,1930s,Parque Central,Montevideo,Yugoslavia,Home win
United States,Paraguay,3,0,0,0,18306,"Parque Central, Montevideo",Group stage,1930-07-17,Uruguay,1930,"Bert Patenaude@10,Bert Patenaude@15,Bert Patenaude@50",,0,0,1930-0958,3,3-0,3,False,Group,1930s,Parque Central,Montevideo,United States,Home win
Chile,Mexico,3,0,0,0,9249,"Parque Central, Montevideo",Group stage,1930-07-16,Uruguay,1930,"Carlos Vidal@3,Carlos Vidal@65",,1,0,1930-0959,3,3-0,3,False,Group,1930s,Parque Central,Montevideo,Chile,Home win
Argentina,France,1,0,0,0,23409,"Parque Central, Montevideo",Group stage,1930-07-15,Uruguay,1930,Luis Monti@81,,0,0,1930-0960,1,1-0,1,False,Group,1930s,Parque Central,Montevideo,Argentina,Home win
Yugoslavia,Brazil,2,0,1,0,24059,"Parque Central, Montevideo",Group stage,1930-07-14,Uruguay,1930,"Aleksandar Tirnani@21,Ivan Bek@30",Preguinho@62,0,0,1930-0961,3,2-1,1,False,Group,1930s,Parque Central,Montevideo,Yugoslavia,Home win
Romania,Peru,3,0,1,0,2549,"Pocitos, Montevideo",Group stage,1930-07-14,Uruguay,1930,"Adalbert Deu@1,Constantin Stanciu@79,Nicolae Kovács@89",Luis de Souza Ferreira@75,0,0,1930-0962,4,3-1,2,False,Group,1930s,Pocitos,Montevideo,Romania,Home win
United States,Belgium,3,0,0,0,18346,"Parque Central, Montevideo",Group stage,1930-07-13,Uruguay,1930,"Bart McGhee@23,Tom Florie@45,Bert Patenaude@69",,0,0,1930-0963,3,3-0,3,False,Group,1930s,Parque Central,Montevideo,United States,Home win
France,Mexico,4,0,1,0,4444,"Pocitos, Montevideo",Group stage,1930-07-13,Uruguay,1930,"Lucien Laurent@19,Marcel Langiller@40,André Maschinot@43,André Maschinot@87",Juan Carreño@70,0,0,1930-0964,5,4-1,3,False,Group,1930s,Pocitos,Montevideo,France,Home win
